Timing Analyzer report for monociclo
Fri Jun 27 02:31:32 2025
Quartus Prime Version 20.1.1 Build 720 11/11/2020 SJ Lite Edition


---------------------
; Table of Contents ;
---------------------
  1. Legal Notice
  2. Timing Analyzer Summary
  3. Parallel Compilation
  4. Clocks
  5. Slow 1200mV 85C Model Fmax Summary
  6. Timing Closure Recommendations
  7. Slow 1200mV 85C Model Setup Summary
  8. Slow 1200mV 85C Model Hold Summary
  9. Slow 1200mV 85C Model Recovery Summary
 10. Slow 1200mV 85C Model Removal Summary
 11. Slow 1200mV 85C Model Minimum Pulse Width Summary
 12. Slow 1200mV 85C Model Setup: 'clk_i'
 13. Slow 1200mV 85C Model Hold: 'clk_i'
 14. Slow 1200mV 85C Model Metastability Summary
 15. Slow 1200mV 0C Model Fmax Summary
 16. Slow 1200mV 0C Model Setup Summary
 17. Slow 1200mV 0C Model Hold Summary
 18. Slow 1200mV 0C Model Recovery Summary
 19. Slow 1200mV 0C Model Removal Summary
 20. Slow 1200mV 0C Model Minimum Pulse Width Summary
 21. Slow 1200mV 0C Model Setup: 'clk_i'
 22. Slow 1200mV 0C Model Hold: 'clk_i'
 23. Slow 1200mV 0C Model Metastability Summary
 24. Fast 1200mV 0C Model Setup Summary
 25. Fast 1200mV 0C Model Hold Summary
 26. Fast 1200mV 0C Model Recovery Summary
 27. Fast 1200mV 0C Model Removal Summary
 28. Fast 1200mV 0C Model Minimum Pulse Width Summary
 29. Fast 1200mV 0C Model Setup: 'clk_i'
 30. Fast 1200mV 0C Model Hold: 'clk_i'
 31. Fast 1200mV 0C Model Metastability Summary
 32. Multicorner Timing Analysis Summary
 33. Board Trace Model Assignments
 34. Input Transition Times
 35. Signal Integrity Metrics (Slow 1200mv 0c Model)
 36. Signal Integrity Metrics (Slow 1200mv 85c Model)
 37. Signal Integrity Metrics (Fast 1200mv 0c Model)
 38. Setup Transfers
 39. Hold Transfers
 40. Report TCCS
 41. Report RSKM
 42. Unconstrained Paths Summary
 43. Clock Status Summary
 44. Unconstrained Input Ports
 45. Unconstrained Output Ports
 46. Unconstrained Input Ports
 47. Unconstrained Output Ports
 48. Timing Analyzer Messages



----------------
; Legal Notice ;
----------------
Copyright (C) 2020  Intel Corporation. All rights reserved.
Your use of Intel Corporation's design tools, logic functions 
and other software and tools, and any partner logic 
functions, and any output files from any of the foregoing 
(including device programming or simulation files), and any 
associated documentation or information are expressly subject 
to the terms and conditions of the Intel Program License 
Subscription Agreement, the Intel Quartus Prime License Agreement,
the Intel FPGA IP License Agreement, or other applicable license
agreement, including, without limitation, that your use is for
the sole purpose of programming logic devices manufactured by
Intel and sold by Intel or its authorized distributors.  Please
refer to the applicable agreement for further details, at
https://fpgasoftware.intel.com/eula.



+-----------------------------------------------------------------------------+
; Timing Analyzer Summary                                                     ;
+-----------------------+-----------------------------------------------------+
; Quartus Prime Version ; Version 20.1.1 Build 720 11/11/2020 SJ Lite Edition ;
; Timing Analyzer       ; Legacy Timing Analyzer                              ;
; Revision Name         ; monociclo                                           ;
; Device Family         ; Cyclone IV E                                        ;
; Device Name           ; EP4CE115F29C7                                       ;
; Timing Models         ; Final                                               ;
; Delay Model           ; Combined                                            ;
; Rise/Fall Delays      ; Enabled                                             ;
+-----------------------+-----------------------------------------------------+


+------------------------------------------+
; Parallel Compilation                     ;
+----------------------------+-------------+
; Processors                 ; Number      ;
+----------------------------+-------------+
; Number detected on machine ; 8           ;
; Maximum allowed            ; 4           ;
;                            ;             ;
; Average used               ; 1.63        ;
; Maximum used               ; 4           ;
;                            ;             ;
; Usage by Processor         ; % Time Used ;
;     Processor 1            ; 100.0%      ;
;     Processor 2            ;  38.4%      ;
;     Processor 3            ;  12.6%      ;
;     Processor 4            ;  11.8%      ;
+----------------------------+-------------+


+-----------------------------------------------------------------------------------------------------------------------------------------------------------------------------------+
; Clocks                                                                                                                                                                            ;
+------------+------+--------+------------+-------+-------+------------+-----------+-------------+-------+--------+-----------+------------+----------+--------+--------+-----------+
; Clock Name ; Type ; Period ; Frequency  ; Rise  ; Fall  ; Duty Cycle ; Divide by ; Multiply by ; Phase ; Offset ; Edge List ; Edge Shift ; Inverted ; Master ; Source ; Targets   ;
+------------+------+--------+------------+-------+-------+------------+-----------+-------------+-------+--------+-----------+------------+----------+--------+--------+-----------+
; clk_i      ; Base ; 1.000  ; 1000.0 MHz ; 0.000 ; 0.500 ;            ;           ;             ;       ;        ;           ;            ;          ;        ;        ; { clk_i } ;
+------------+------+--------+------------+-------+-------+------------+-----------+-------------+-------+--------+-----------+------------+----------+--------+--------+-----------+


+-------------------------------------------------+
; Slow 1200mV 85C Model Fmax Summary              ;
+-----------+-----------------+------------+------+
; Fmax      ; Restricted Fmax ; Clock Name ; Note ;
+-----------+-----------------+------------+------+
; 63.95 MHz ; 63.95 MHz       ; clk_i      ;      ;
+-----------+-----------------+------------+------+
This panel reports FMAX for every clock in the design, regardless of the user-specified clock periods.  FMAX is only computed for paths where the source and destination registers or ports are driven by the same clock.  Paths of different clocks, including generated clocks, are ignored.  For paths between a clock and its inversion, FMAX is computed as if the rising and falling edges are scaled along with FMAX, such that the duty cycle (in terms of a percentage) is maintained. Altera recommends that you always use clock constraints and other slack reports for sign-off analysis.


----------------------------------
; Timing Closure Recommendations ;
----------------------------------
HTML report is unavailable in plain text report export.


+-------------------------------------+
; Slow 1200mV 85C Model Setup Summary ;
+-------+---------+-------------------+
; Clock ; Slack   ; End Point TNS     ;
+-------+---------+-------------------+
; clk_i ; -14.638 ; -116233.413       ;
+-------+---------+-------------------+


+------------------------------------+
; Slow 1200mV 85C Model Hold Summary ;
+-------+-------+--------------------+
; Clock ; Slack ; End Point TNS      ;
+-------+-------+--------------------+
; clk_i ; 0.295 ; 0.000              ;
+-------+-------+--------------------+


------------------------------------------
; Slow 1200mV 85C Model Recovery Summary ;
------------------------------------------
No paths to report.


-----------------------------------------
; Slow 1200mV 85C Model Removal Summary ;
-----------------------------------------
No paths to report.


+---------------------------------------------------+
; Slow 1200mV 85C Model Minimum Pulse Width Summary ;
+-------+--------+----------------------------------+
; Clock ; Slack  ; End Point TNS                    ;
+-------+--------+----------------------------------+
; clk_i ; -3.000 ; -21151.229                       ;
+-------+--------+----------------------------------+


+--------------------------------------------------------------------------------------------------------------------------------------------------------+
; Slow 1200mV 85C Model Setup: 'clk_i'                                                                                                                   ;
+---------+----------------------------------------+-------------------------------+--------------+-------------+--------------+------------+------------+
; Slack   ; From Node                              ; To Node                       ; Launch Clock ; Latch Clock ; Relationship ; Clock Skew ; Data Delay ;
+---------+----------------------------------------+-------------------------------+--------------+-------------+--------------+------------+------------+
; -14.638 ; exmem_latch:exmem_latch1|exmem_rd_o[3] ; fetch:fetch_stg|pc_next_o[14] ; clk_i        ; clk_i       ; 1.000        ; 0.299      ; 15.935     ;
; -14.638 ; exmem_latch:exmem_latch1|exmem_rd_o[3] ; fetch:fetch_stg|pc_next_o[13] ; clk_i        ; clk_i       ; 1.000        ; 0.299      ; 15.935     ;
; -14.638 ; exmem_latch:exmem_latch1|exmem_rd_o[3] ; fetch:fetch_stg|pc_next_o[15] ; clk_i        ; clk_i       ; 1.000        ; 0.299      ; 15.935     ;
; -14.638 ; exmem_latch:exmem_latch1|exmem_rd_o[3] ; fetch:fetch_stg|pc_next_o[16] ; clk_i        ; clk_i       ; 1.000        ; 0.299      ; 15.935     ;
; -14.638 ; exmem_latch:exmem_latch1|exmem_rd_o[3] ; fetch:fetch_stg|pc_next_o[24] ; clk_i        ; clk_i       ; 1.000        ; 0.299      ; 15.935     ;
; -14.638 ; exmem_latch:exmem_latch1|exmem_rd_o[3] ; fetch:fetch_stg|pc_next_o[17] ; clk_i        ; clk_i       ; 1.000        ; 0.299      ; 15.935     ;
; -14.638 ; exmem_latch:exmem_latch1|exmem_rd_o[3] ; fetch:fetch_stg|pc_next_o[18] ; clk_i        ; clk_i       ; 1.000        ; 0.299      ; 15.935     ;
; -14.638 ; exmem_latch:exmem_latch1|exmem_rd_o[3] ; fetch:fetch_stg|pc_next_o[19] ; clk_i        ; clk_i       ; 1.000        ; 0.299      ; 15.935     ;
; -14.638 ; exmem_latch:exmem_latch1|exmem_rd_o[3] ; fetch:fetch_stg|pc_next_o[20] ; clk_i        ; clk_i       ; 1.000        ; 0.299      ; 15.935     ;
; -14.638 ; exmem_latch:exmem_latch1|exmem_rd_o[3] ; fetch:fetch_stg|pc_next_o[21] ; clk_i        ; clk_i       ; 1.000        ; 0.299      ; 15.935     ;
; -14.638 ; exmem_latch:exmem_latch1|exmem_rd_o[3] ; fetch:fetch_stg|pc_next_o[22] ; clk_i        ; clk_i       ; 1.000        ; 0.299      ; 15.935     ;
; -14.638 ; exmem_latch:exmem_latch1|exmem_rd_o[3] ; fetch:fetch_stg|pc_next_o[23] ; clk_i        ; clk_i       ; 1.000        ; 0.299      ; 15.935     ;
; -14.638 ; exmem_latch:exmem_latch1|exmem_rd_o[3] ; fetch:fetch_stg|pc_next_o[25] ; clk_i        ; clk_i       ; 1.000        ; 0.299      ; 15.935     ;
; -14.638 ; exmem_latch:exmem_latch1|exmem_rd_o[3] ; fetch:fetch_stg|pc_next_o[26] ; clk_i        ; clk_i       ; 1.000        ; 0.299      ; 15.935     ;
; -14.638 ; exmem_latch:exmem_latch1|exmem_rd_o[3] ; fetch:fetch_stg|pc_next_o[27] ; clk_i        ; clk_i       ; 1.000        ; 0.299      ; 15.935     ;
; -14.638 ; exmem_latch:exmem_latch1|exmem_rd_o[3] ; fetch:fetch_stg|pc_next_o[28] ; clk_i        ; clk_i       ; 1.000        ; 0.299      ; 15.935     ;
; -14.623 ; exmem_latch:exmem_latch1|exmem_rd_o[2] ; fetch:fetch_stg|pc_next_o[14] ; clk_i        ; clk_i       ; 1.000        ; 0.299      ; 15.920     ;
; -14.623 ; exmem_latch:exmem_latch1|exmem_rd_o[2] ; fetch:fetch_stg|pc_next_o[13] ; clk_i        ; clk_i       ; 1.000        ; 0.299      ; 15.920     ;
; -14.623 ; exmem_latch:exmem_latch1|exmem_rd_o[2] ; fetch:fetch_stg|pc_next_o[15] ; clk_i        ; clk_i       ; 1.000        ; 0.299      ; 15.920     ;
; -14.623 ; exmem_latch:exmem_latch1|exmem_rd_o[2] ; fetch:fetch_stg|pc_next_o[16] ; clk_i        ; clk_i       ; 1.000        ; 0.299      ; 15.920     ;
; -14.623 ; exmem_latch:exmem_latch1|exmem_rd_o[2] ; fetch:fetch_stg|pc_next_o[24] ; clk_i        ; clk_i       ; 1.000        ; 0.299      ; 15.920     ;
; -14.623 ; exmem_latch:exmem_latch1|exmem_rd_o[2] ; fetch:fetch_stg|pc_next_o[17] ; clk_i        ; clk_i       ; 1.000        ; 0.299      ; 15.920     ;
; -14.623 ; exmem_latch:exmem_latch1|exmem_rd_o[2] ; fetch:fetch_stg|pc_next_o[18] ; clk_i        ; clk_i       ; 1.000        ; 0.299      ; 15.920     ;
; -14.623 ; exmem_latch:exmem_latch1|exmem_rd_o[2] ; fetch:fetch_stg|pc_next_o[19] ; clk_i        ; clk_i       ; 1.000        ; 0.299      ; 15.920     ;
; -14.623 ; exmem_latch:exmem_latch1|exmem_rd_o[2] ; fetch:fetch_stg|pc_next_o[20] ; clk_i        ; clk_i       ; 1.000        ; 0.299      ; 15.920     ;
; -14.623 ; exmem_latch:exmem_latch1|exmem_rd_o[2] ; fetch:fetch_stg|pc_next_o[21] ; clk_i        ; clk_i       ; 1.000        ; 0.299      ; 15.920     ;
; -14.623 ; exmem_latch:exmem_latch1|exmem_rd_o[2] ; fetch:fetch_stg|pc_next_o[22] ; clk_i        ; clk_i       ; 1.000        ; 0.299      ; 15.920     ;
; -14.623 ; exmem_latch:exmem_latch1|exmem_rd_o[2] ; fetch:fetch_stg|pc_next_o[23] ; clk_i        ; clk_i       ; 1.000        ; 0.299      ; 15.920     ;
; -14.623 ; exmem_latch:exmem_latch1|exmem_rd_o[2] ; fetch:fetch_stg|pc_next_o[25] ; clk_i        ; clk_i       ; 1.000        ; 0.299      ; 15.920     ;
; -14.623 ; exmem_latch:exmem_latch1|exmem_rd_o[2] ; fetch:fetch_stg|pc_next_o[26] ; clk_i        ; clk_i       ; 1.000        ; 0.299      ; 15.920     ;
; -14.623 ; exmem_latch:exmem_latch1|exmem_rd_o[2] ; fetch:fetch_stg|pc_next_o[27] ; clk_i        ; clk_i       ; 1.000        ; 0.299      ; 15.920     ;
; -14.623 ; exmem_latch:exmem_latch1|exmem_rd_o[2] ; fetch:fetch_stg|pc_next_o[28] ; clk_i        ; clk_i       ; 1.000        ; 0.299      ; 15.920     ;
; -14.613 ; exmem_latch:exmem_latch1|exmem_rd_o[3] ; fetch:fetch_stg|pc_next_o[3]  ; clk_i        ; clk_i       ; 1.000        ; 0.315      ; 15.926     ;
; -14.613 ; exmem_latch:exmem_latch1|exmem_rd_o[3] ; fetch:fetch_stg|pc_next_o[2]  ; clk_i        ; clk_i       ; 1.000        ; 0.315      ; 15.926     ;
; -14.613 ; exmem_latch:exmem_latch1|exmem_rd_o[3] ; fetch:fetch_stg|pc_next_o[6]  ; clk_i        ; clk_i       ; 1.000        ; 0.315      ; 15.926     ;
; -14.613 ; exmem_latch:exmem_latch1|exmem_rd_o[3] ; fetch:fetch_stg|pc_next_o[7]  ; clk_i        ; clk_i       ; 1.000        ; 0.315      ; 15.926     ;
; -14.613 ; exmem_latch:exmem_latch1|exmem_rd_o[3] ; fetch:fetch_stg|pc_next_o[5]  ; clk_i        ; clk_i       ; 1.000        ; 0.315      ; 15.926     ;
; -14.613 ; exmem_latch:exmem_latch1|exmem_rd_o[3] ; fetch:fetch_stg|pc_next_o[4]  ; clk_i        ; clk_i       ; 1.000        ; 0.315      ; 15.926     ;
; -14.613 ; exmem_latch:exmem_latch1|exmem_rd_o[3] ; fetch:fetch_stg|pc_next_o[9]  ; clk_i        ; clk_i       ; 1.000        ; 0.315      ; 15.926     ;
; -14.613 ; exmem_latch:exmem_latch1|exmem_rd_o[3] ; fetch:fetch_stg|pc_next_o[8]  ; clk_i        ; clk_i       ; 1.000        ; 0.315      ; 15.926     ;
; -14.613 ; exmem_latch:exmem_latch1|exmem_rd_o[3] ; fetch:fetch_stg|pc_next_o[10] ; clk_i        ; clk_i       ; 1.000        ; 0.315      ; 15.926     ;
; -14.613 ; exmem_latch:exmem_latch1|exmem_rd_o[3] ; fetch:fetch_stg|pc_next_o[12] ; clk_i        ; clk_i       ; 1.000        ; 0.315      ; 15.926     ;
; -14.613 ; exmem_latch:exmem_latch1|exmem_rd_o[3] ; fetch:fetch_stg|pc_next_o[11] ; clk_i        ; clk_i       ; 1.000        ; 0.315      ; 15.926     ;
; -14.598 ; exmem_latch:exmem_latch1|exmem_rd_o[2] ; fetch:fetch_stg|pc_next_o[3]  ; clk_i        ; clk_i       ; 1.000        ; 0.315      ; 15.911     ;
; -14.598 ; exmem_latch:exmem_latch1|exmem_rd_o[2] ; fetch:fetch_stg|pc_next_o[2]  ; clk_i        ; clk_i       ; 1.000        ; 0.315      ; 15.911     ;
; -14.598 ; exmem_latch:exmem_latch1|exmem_rd_o[2] ; fetch:fetch_stg|pc_next_o[6]  ; clk_i        ; clk_i       ; 1.000        ; 0.315      ; 15.911     ;
; -14.598 ; exmem_latch:exmem_latch1|exmem_rd_o[2] ; fetch:fetch_stg|pc_next_o[7]  ; clk_i        ; clk_i       ; 1.000        ; 0.315      ; 15.911     ;
; -14.598 ; exmem_latch:exmem_latch1|exmem_rd_o[2] ; fetch:fetch_stg|pc_next_o[5]  ; clk_i        ; clk_i       ; 1.000        ; 0.315      ; 15.911     ;
; -14.598 ; exmem_latch:exmem_latch1|exmem_rd_o[2] ; fetch:fetch_stg|pc_next_o[4]  ; clk_i        ; clk_i       ; 1.000        ; 0.315      ; 15.911     ;
; -14.598 ; exmem_latch:exmem_latch1|exmem_rd_o[2] ; fetch:fetch_stg|pc_next_o[9]  ; clk_i        ; clk_i       ; 1.000        ; 0.315      ; 15.911     ;
; -14.598 ; exmem_latch:exmem_latch1|exmem_rd_o[2] ; fetch:fetch_stg|pc_next_o[8]  ; clk_i        ; clk_i       ; 1.000        ; 0.315      ; 15.911     ;
; -14.598 ; exmem_latch:exmem_latch1|exmem_rd_o[2] ; fetch:fetch_stg|pc_next_o[10] ; clk_i        ; clk_i       ; 1.000        ; 0.315      ; 15.911     ;
; -14.598 ; exmem_latch:exmem_latch1|exmem_rd_o[2] ; fetch:fetch_stg|pc_next_o[12] ; clk_i        ; clk_i       ; 1.000        ; 0.315      ; 15.911     ;
; -14.598 ; exmem_latch:exmem_latch1|exmem_rd_o[2] ; fetch:fetch_stg|pc_next_o[11] ; clk_i        ; clk_i       ; 1.000        ; 0.315      ; 15.911     ;
; -14.436 ; rfex_latch:rfex_latch1|rfex_rs1_o[3]   ; fetch:fetch_stg|pc_next_o[14] ; clk_i        ; clk_i       ; 1.000        ; 0.300      ; 15.734     ;
; -14.436 ; rfex_latch:rfex_latch1|rfex_rs1_o[3]   ; fetch:fetch_stg|pc_next_o[13] ; clk_i        ; clk_i       ; 1.000        ; 0.300      ; 15.734     ;
; -14.436 ; rfex_latch:rfex_latch1|rfex_rs1_o[3]   ; fetch:fetch_stg|pc_next_o[15] ; clk_i        ; clk_i       ; 1.000        ; 0.300      ; 15.734     ;
; -14.436 ; rfex_latch:rfex_latch1|rfex_rs1_o[3]   ; fetch:fetch_stg|pc_next_o[16] ; clk_i        ; clk_i       ; 1.000        ; 0.300      ; 15.734     ;
; -14.436 ; rfex_latch:rfex_latch1|rfex_rs1_o[3]   ; fetch:fetch_stg|pc_next_o[24] ; clk_i        ; clk_i       ; 1.000        ; 0.300      ; 15.734     ;
; -14.436 ; rfex_latch:rfex_latch1|rfex_rs1_o[3]   ; fetch:fetch_stg|pc_next_o[17] ; clk_i        ; clk_i       ; 1.000        ; 0.300      ; 15.734     ;
; -14.436 ; rfex_latch:rfex_latch1|rfex_rs1_o[3]   ; fetch:fetch_stg|pc_next_o[18] ; clk_i        ; clk_i       ; 1.000        ; 0.300      ; 15.734     ;
; -14.436 ; rfex_latch:rfex_latch1|rfex_rs1_o[3]   ; fetch:fetch_stg|pc_next_o[19] ; clk_i        ; clk_i       ; 1.000        ; 0.300      ; 15.734     ;
; -14.436 ; rfex_latch:rfex_latch1|rfex_rs1_o[3]   ; fetch:fetch_stg|pc_next_o[20] ; clk_i        ; clk_i       ; 1.000        ; 0.300      ; 15.734     ;
; -14.436 ; rfex_latch:rfex_latch1|rfex_rs1_o[3]   ; fetch:fetch_stg|pc_next_o[21] ; clk_i        ; clk_i       ; 1.000        ; 0.300      ; 15.734     ;
; -14.436 ; rfex_latch:rfex_latch1|rfex_rs1_o[3]   ; fetch:fetch_stg|pc_next_o[22] ; clk_i        ; clk_i       ; 1.000        ; 0.300      ; 15.734     ;
; -14.436 ; rfex_latch:rfex_latch1|rfex_rs1_o[3]   ; fetch:fetch_stg|pc_next_o[23] ; clk_i        ; clk_i       ; 1.000        ; 0.300      ; 15.734     ;
; -14.436 ; rfex_latch:rfex_latch1|rfex_rs1_o[3]   ; fetch:fetch_stg|pc_next_o[25] ; clk_i        ; clk_i       ; 1.000        ; 0.300      ; 15.734     ;
; -14.436 ; rfex_latch:rfex_latch1|rfex_rs1_o[3]   ; fetch:fetch_stg|pc_next_o[26] ; clk_i        ; clk_i       ; 1.000        ; 0.300      ; 15.734     ;
; -14.436 ; rfex_latch:rfex_latch1|rfex_rs1_o[3]   ; fetch:fetch_stg|pc_next_o[27] ; clk_i        ; clk_i       ; 1.000        ; 0.300      ; 15.734     ;
; -14.436 ; rfex_latch:rfex_latch1|rfex_rs1_o[3]   ; fetch:fetch_stg|pc_next_o[28] ; clk_i        ; clk_i       ; 1.000        ; 0.300      ; 15.734     ;
; -14.411 ; rfex_latch:rfex_latch1|rfex_rs1_o[3]   ; fetch:fetch_stg|pc_next_o[3]  ; clk_i        ; clk_i       ; 1.000        ; 0.316      ; 15.725     ;
; -14.411 ; rfex_latch:rfex_latch1|rfex_rs1_o[3]   ; fetch:fetch_stg|pc_next_o[2]  ; clk_i        ; clk_i       ; 1.000        ; 0.316      ; 15.725     ;
; -14.411 ; rfex_latch:rfex_latch1|rfex_rs1_o[3]   ; fetch:fetch_stg|pc_next_o[6]  ; clk_i        ; clk_i       ; 1.000        ; 0.316      ; 15.725     ;
; -14.411 ; rfex_latch:rfex_latch1|rfex_rs1_o[3]   ; fetch:fetch_stg|pc_next_o[7]  ; clk_i        ; clk_i       ; 1.000        ; 0.316      ; 15.725     ;
; -14.411 ; rfex_latch:rfex_latch1|rfex_rs1_o[3]   ; fetch:fetch_stg|pc_next_o[5]  ; clk_i        ; clk_i       ; 1.000        ; 0.316      ; 15.725     ;
; -14.411 ; rfex_latch:rfex_latch1|rfex_rs1_o[3]   ; fetch:fetch_stg|pc_next_o[4]  ; clk_i        ; clk_i       ; 1.000        ; 0.316      ; 15.725     ;
; -14.411 ; rfex_latch:rfex_latch1|rfex_rs1_o[3]   ; fetch:fetch_stg|pc_next_o[9]  ; clk_i        ; clk_i       ; 1.000        ; 0.316      ; 15.725     ;
; -14.411 ; rfex_latch:rfex_latch1|rfex_rs1_o[3]   ; fetch:fetch_stg|pc_next_o[8]  ; clk_i        ; clk_i       ; 1.000        ; 0.316      ; 15.725     ;
; -14.411 ; rfex_latch:rfex_latch1|rfex_rs1_o[3]   ; fetch:fetch_stg|pc_next_o[10] ; clk_i        ; clk_i       ; 1.000        ; 0.316      ; 15.725     ;
; -14.411 ; rfex_latch:rfex_latch1|rfex_rs1_o[3]   ; fetch:fetch_stg|pc_next_o[12] ; clk_i        ; clk_i       ; 1.000        ; 0.316      ; 15.725     ;
; -14.411 ; rfex_latch:rfex_latch1|rfex_rs1_o[3]   ; fetch:fetch_stg|pc_next_o[11] ; clk_i        ; clk_i       ; 1.000        ; 0.316      ; 15.725     ;
; -14.388 ; exmem_latch:exmem_latch1|exmem_rd_o[1] ; fetch:fetch_stg|pc_next_o[14] ; clk_i        ; clk_i       ; 1.000        ; 0.299      ; 15.685     ;
; -14.388 ; exmem_latch:exmem_latch1|exmem_rd_o[1] ; fetch:fetch_stg|pc_next_o[13] ; clk_i        ; clk_i       ; 1.000        ; 0.299      ; 15.685     ;
; -14.388 ; exmem_latch:exmem_latch1|exmem_rd_o[1] ; fetch:fetch_stg|pc_next_o[15] ; clk_i        ; clk_i       ; 1.000        ; 0.299      ; 15.685     ;
; -14.388 ; exmem_latch:exmem_latch1|exmem_rd_o[1] ; fetch:fetch_stg|pc_next_o[16] ; clk_i        ; clk_i       ; 1.000        ; 0.299      ; 15.685     ;
; -14.388 ; exmem_latch:exmem_latch1|exmem_rd_o[1] ; fetch:fetch_stg|pc_next_o[24] ; clk_i        ; clk_i       ; 1.000        ; 0.299      ; 15.685     ;
; -14.388 ; exmem_latch:exmem_latch1|exmem_rd_o[1] ; fetch:fetch_stg|pc_next_o[17] ; clk_i        ; clk_i       ; 1.000        ; 0.299      ; 15.685     ;
; -14.388 ; exmem_latch:exmem_latch1|exmem_rd_o[1] ; fetch:fetch_stg|pc_next_o[18] ; clk_i        ; clk_i       ; 1.000        ; 0.299      ; 15.685     ;
; -14.388 ; exmem_latch:exmem_latch1|exmem_rd_o[1] ; fetch:fetch_stg|pc_next_o[19] ; clk_i        ; clk_i       ; 1.000        ; 0.299      ; 15.685     ;
; -14.388 ; exmem_latch:exmem_latch1|exmem_rd_o[1] ; fetch:fetch_stg|pc_next_o[20] ; clk_i        ; clk_i       ; 1.000        ; 0.299      ; 15.685     ;
; -14.388 ; exmem_latch:exmem_latch1|exmem_rd_o[1] ; fetch:fetch_stg|pc_next_o[21] ; clk_i        ; clk_i       ; 1.000        ; 0.299      ; 15.685     ;
; -14.388 ; exmem_latch:exmem_latch1|exmem_rd_o[1] ; fetch:fetch_stg|pc_next_o[22] ; clk_i        ; clk_i       ; 1.000        ; 0.299      ; 15.685     ;
; -14.388 ; exmem_latch:exmem_latch1|exmem_rd_o[1] ; fetch:fetch_stg|pc_next_o[23] ; clk_i        ; clk_i       ; 1.000        ; 0.299      ; 15.685     ;
; -14.388 ; exmem_latch:exmem_latch1|exmem_rd_o[1] ; fetch:fetch_stg|pc_next_o[25] ; clk_i        ; clk_i       ; 1.000        ; 0.299      ; 15.685     ;
; -14.388 ; exmem_latch:exmem_latch1|exmem_rd_o[1] ; fetch:fetch_stg|pc_next_o[26] ; clk_i        ; clk_i       ; 1.000        ; 0.299      ; 15.685     ;
; -14.388 ; exmem_latch:exmem_latch1|exmem_rd_o[1] ; fetch:fetch_stg|pc_next_o[27] ; clk_i        ; clk_i       ; 1.000        ; 0.299      ; 15.685     ;
; -14.388 ; exmem_latch:exmem_latch1|exmem_rd_o[1] ; fetch:fetch_stg|pc_next_o[28] ; clk_i        ; clk_i       ; 1.000        ; 0.299      ; 15.685     ;
; -14.364 ; rfex_latch:rfex_latch1|rfex_rs1_o[1]   ; fetch:fetch_stg|pc_next_o[14] ; clk_i        ; clk_i       ; 1.000        ; 0.299      ; 15.661     ;
; -14.364 ; rfex_latch:rfex_latch1|rfex_rs1_o[1]   ; fetch:fetch_stg|pc_next_o[13] ; clk_i        ; clk_i       ; 1.000        ; 0.299      ; 15.661     ;
; -14.364 ; rfex_latch:rfex_latch1|rfex_rs1_o[1]   ; fetch:fetch_stg|pc_next_o[15] ; clk_i        ; clk_i       ; 1.000        ; 0.299      ; 15.661     ;
+---------+----------------------------------------+-------------------------------+--------------+-------------+--------------+------------+------------+


+---------------------------------------------------------------------------------------------------------------------------------------------------------------------------------------------------------------------------------+
; Slow 1200mV 85C Model Hold: 'clk_i'                                                                                                                                                                                             ;
+-------+-----------------------------------+---------------------------------------------------------------------------------------------------------------+--------------+-------------+--------------+------------+------------+
; Slack ; From Node                         ; To Node                                                                                                       ; Launch Clock ; Latch Clock ; Relationship ; Clock Skew ; Data Delay ;
+-------+-----------------------------------+---------------------------------------------------------------------------------------------------------------+--------------+-------------+--------------+------------+------------+
; 0.295 ; IFID_Latch:ifid_latch1|inst_o[18] ; regfile:register_read_stg|altsyncram:GPR_rtl_0|altsyncram_uni1:auto_generated|ram_block1a0~portb_address_reg0 ; clk_i        ; clk_i       ; 0.000        ; 0.433      ; 0.950      ;
; 0.307 ; IFID_Latch:ifid_latch1|inst_o[21] ; regfile:register_read_stg|altsyncram:GPR_rtl_1|altsyncram_uni1:auto_generated|ram_block1a0~portb_address_reg0 ; clk_i        ; clk_i       ; 0.000        ; 0.432      ; 0.961      ;
; 0.315 ; IFID_Latch:ifid_latch1|inst_o[19] ; regfile:register_read_stg|altsyncram:GPR_rtl_0|altsyncram_uni1:auto_generated|ram_block1a0~portb_address_reg0 ; clk_i        ; clk_i       ; 0.000        ; 0.432      ; 0.969      ;
; 0.325 ; IFID_Latch:ifid_latch1|inst_o[16] ; regfile:register_read_stg|altsyncram:GPR_rtl_0|altsyncram_uni1:auto_generated|ram_block1a0~portb_address_reg0 ; clk_i        ; clk_i       ; 0.000        ; 0.433      ; 0.980      ;
; 0.385 ; fetch:fetch_stg|pc_next_o[1]      ; fetch:fetch_stg|pc_next_o[1]                                                                                  ; clk_i        ; clk_i       ; 0.000        ; 0.098      ; 0.669      ;
; 0.404 ; dcache:memaccess_stage|valid[192] ; dcache:memaccess_stage|valid[192]                                                                             ; clk_i        ; clk_i       ; 0.000        ; 0.079      ; 0.669      ;
; 0.404 ; dcache:memaccess_stage|valid[128] ; dcache:memaccess_stage|valid[128]                                                                             ; clk_i        ; clk_i       ; 0.000        ; 0.079      ; 0.669      ;
; 0.404 ; dcache:memaccess_stage|valid[208] ; dcache:memaccess_stage|valid[208]                                                                             ; clk_i        ; clk_i       ; 0.000        ; 0.079      ; 0.669      ;
; 0.404 ; dcache:memaccess_stage|valid[144] ; dcache:memaccess_stage|valid[144]                                                                             ; clk_i        ; clk_i       ; 0.000        ; 0.079      ; 0.669      ;
; 0.404 ; dcache:memaccess_stage|valid[0]   ; dcache:memaccess_stage|valid[0]                                                                               ; clk_i        ; clk_i       ; 0.000        ; 0.079      ; 0.669      ;
; 0.404 ; dcache:memaccess_stage|valid[64]  ; dcache:memaccess_stage|valid[64]                                                                              ; clk_i        ; clk_i       ; 0.000        ; 0.079      ; 0.669      ;
; 0.404 ; dcache:memaccess_stage|valid[80]  ; dcache:memaccess_stage|valid[80]                                                                              ; clk_i        ; clk_i       ; 0.000        ; 0.079      ; 0.669      ;
; 0.404 ; dcache:memaccess_stage|valid[16]  ; dcache:memaccess_stage|valid[16]                                                                              ; clk_i        ; clk_i       ; 0.000        ; 0.079      ; 0.669      ;
; 0.404 ; dcache:memaccess_stage|valid[72]  ; dcache:memaccess_stage|valid[72]                                                                              ; clk_i        ; clk_i       ; 0.000        ; 0.079      ; 0.669      ;
; 0.404 ; dcache:memaccess_stage|valid[88]  ; dcache:memaccess_stage|valid[88]                                                                              ; clk_i        ; clk_i       ; 0.000        ; 0.079      ; 0.669      ;
; 0.404 ; dcache:memaccess_stage|valid[120] ; dcache:memaccess_stage|valid[120]                                                                             ; clk_i        ; clk_i       ; 0.000        ; 0.079      ; 0.669      ;
; 0.404 ; dcache:memaccess_stage|valid[200] ; dcache:memaccess_stage|valid[200]                                                                             ; clk_i        ; clk_i       ; 0.000        ; 0.079      ; 0.669      ;
; 0.404 ; dcache:memaccess_stage|valid[232] ; dcache:memaccess_stage|valid[232]                                                                             ; clk_i        ; clk_i       ; 0.000        ; 0.079      ; 0.669      ;
; 0.404 ; dcache:memaccess_stage|valid[216] ; dcache:memaccess_stage|valid[216]                                                                             ; clk_i        ; clk_i       ; 0.000        ; 0.079      ; 0.669      ;
; 0.404 ; dcache:memaccess_stage|valid[248] ; dcache:memaccess_stage|valid[248]                                                                             ; clk_i        ; clk_i       ; 0.000        ; 0.079      ; 0.669      ;
; 0.404 ; dcache:memaccess_stage|valid[196] ; dcache:memaccess_stage|valid[196]                                                                             ; clk_i        ; clk_i       ; 0.000        ; 0.079      ; 0.669      ;
; 0.404 ; dcache:memaccess_stage|valid[132] ; dcache:memaccess_stage|valid[132]                                                                             ; clk_i        ; clk_i       ; 0.000        ; 0.079      ; 0.669      ;
; 0.404 ; dcache:memaccess_stage|valid[212] ; dcache:memaccess_stage|valid[212]                                                                             ; clk_i        ; clk_i       ; 0.000        ; 0.079      ; 0.669      ;
; 0.404 ; dcache:memaccess_stage|valid[148] ; dcache:memaccess_stage|valid[148]                                                                             ; clk_i        ; clk_i       ; 0.000        ; 0.079      ; 0.669      ;
; 0.404 ; dcache:memaccess_stage|valid[68]  ; dcache:memaccess_stage|valid[68]                                                                              ; clk_i        ; clk_i       ; 0.000        ; 0.079      ; 0.669      ;
; 0.404 ; dcache:memaccess_stage|valid[4]   ; dcache:memaccess_stage|valid[4]                                                                               ; clk_i        ; clk_i       ; 0.000        ; 0.079      ; 0.669      ;
; 0.404 ; dcache:memaccess_stage|valid[84]  ; dcache:memaccess_stage|valid[84]                                                                              ; clk_i        ; clk_i       ; 0.000        ; 0.079      ; 0.669      ;
; 0.404 ; dcache:memaccess_stage|valid[20]  ; dcache:memaccess_stage|valid[20]                                                                              ; clk_i        ; clk_i       ; 0.000        ; 0.079      ; 0.669      ;
; 0.404 ; dcache:memaccess_stage|valid[76]  ; dcache:memaccess_stage|valid[76]                                                                              ; clk_i        ; clk_i       ; 0.000        ; 0.079      ; 0.669      ;
; 0.404 ; dcache:memaccess_stage|valid[12]  ; dcache:memaccess_stage|valid[12]                                                                              ; clk_i        ; clk_i       ; 0.000        ; 0.079      ; 0.669      ;
; 0.404 ; dcache:memaccess_stage|valid[108] ; dcache:memaccess_stage|valid[108]                                                                             ; clk_i        ; clk_i       ; 0.000        ; 0.079      ; 0.669      ;
; 0.404 ; dcache:memaccess_stage|valid[44]  ; dcache:memaccess_stage|valid[44]                                                                              ; clk_i        ; clk_i       ; 0.000        ; 0.079      ; 0.669      ;
; 0.404 ; dcache:memaccess_stage|valid[92]  ; dcache:memaccess_stage|valid[92]                                                                              ; clk_i        ; clk_i       ; 0.000        ; 0.079      ; 0.669      ;
; 0.404 ; dcache:memaccess_stage|valid[28]  ; dcache:memaccess_stage|valid[28]                                                                              ; clk_i        ; clk_i       ; 0.000        ; 0.079      ; 0.669      ;
; 0.404 ; dcache:memaccess_stage|valid[60]  ; dcache:memaccess_stage|valid[60]                                                                              ; clk_i        ; clk_i       ; 0.000        ; 0.079      ; 0.669      ;
; 0.404 ; dcache:memaccess_stage|valid[124] ; dcache:memaccess_stage|valid[124]                                                                             ; clk_i        ; clk_i       ; 0.000        ; 0.079      ; 0.669      ;
; 0.404 ; dcache:memaccess_stage|valid[204] ; dcache:memaccess_stage|valid[204]                                                                             ; clk_i        ; clk_i       ; 0.000        ; 0.079      ; 0.669      ;
; 0.404 ; dcache:memaccess_stage|valid[236] ; dcache:memaccess_stage|valid[236]                                                                             ; clk_i        ; clk_i       ; 0.000        ; 0.079      ; 0.669      ;
; 0.404 ; dcache:memaccess_stage|valid[140] ; dcache:memaccess_stage|valid[140]                                                                             ; clk_i        ; clk_i       ; 0.000        ; 0.079      ; 0.669      ;
; 0.404 ; dcache:memaccess_stage|valid[172] ; dcache:memaccess_stage|valid[172]                                                                             ; clk_i        ; clk_i       ; 0.000        ; 0.079      ; 0.669      ;
; 0.404 ; dcache:memaccess_stage|valid[220] ; dcache:memaccess_stage|valid[220]                                                                             ; clk_i        ; clk_i       ; 0.000        ; 0.079      ; 0.669      ;
; 0.404 ; dcache:memaccess_stage|valid[252] ; dcache:memaccess_stage|valid[252]                                                                             ; clk_i        ; clk_i       ; 0.000        ; 0.079      ; 0.669      ;
; 0.404 ; dcache:memaccess_stage|valid[156] ; dcache:memaccess_stage|valid[156]                                                                             ; clk_i        ; clk_i       ; 0.000        ; 0.079      ; 0.669      ;
; 0.404 ; dcache:memaccess_stage|valid[188] ; dcache:memaccess_stage|valid[188]                                                                             ; clk_i        ; clk_i       ; 0.000        ; 0.079      ; 0.669      ;
; 0.404 ; dcache:memaccess_stage|valid[246] ; dcache:memaccess_stage|valid[246]                                                                             ; clk_i        ; clk_i       ; 0.000        ; 0.079      ; 0.669      ;
; 0.404 ; dcache:memaccess_stage|valid[182] ; dcache:memaccess_stage|valid[182]                                                                             ; clk_i        ; clk_i       ; 0.000        ; 0.079      ; 0.669      ;
; 0.404 ; dcache:memaccess_stage|valid[198] ; dcache:memaccess_stage|valid[198]                                                                             ; clk_i        ; clk_i       ; 0.000        ; 0.079      ; 0.669      ;
; 0.404 ; dcache:memaccess_stage|valid[134] ; dcache:memaccess_stage|valid[134]                                                                             ; clk_i        ; clk_i       ; 0.000        ; 0.079      ; 0.669      ;
; 0.404 ; dcache:memaccess_stage|valid[214] ; dcache:memaccess_stage|valid[214]                                                                             ; clk_i        ; clk_i       ; 0.000        ; 0.079      ; 0.669      ;
; 0.404 ; dcache:memaccess_stage|valid[150] ; dcache:memaccess_stage|valid[150]                                                                             ; clk_i        ; clk_i       ; 0.000        ; 0.079      ; 0.669      ;
; 0.404 ; dcache:memaccess_stage|valid[6]   ; dcache:memaccess_stage|valid[6]                                                                               ; clk_i        ; clk_i       ; 0.000        ; 0.079      ; 0.669      ;
; 0.404 ; dcache:memaccess_stage|valid[70]  ; dcache:memaccess_stage|valid[70]                                                                              ; clk_i        ; clk_i       ; 0.000        ; 0.079      ; 0.669      ;
; 0.404 ; dcache:memaccess_stage|valid[54]  ; dcache:memaccess_stage|valid[54]                                                                              ; clk_i        ; clk_i       ; 0.000        ; 0.079      ; 0.669      ;
; 0.404 ; dcache:memaccess_stage|valid[22]  ; dcache:memaccess_stage|valid[22]                                                                              ; clk_i        ; clk_i       ; 0.000        ; 0.079      ; 0.669      ;
; 0.404 ; dcache:memaccess_stage|valid[86]  ; dcache:memaccess_stage|valid[86]                                                                              ; clk_i        ; clk_i       ; 0.000        ; 0.079      ; 0.669      ;
; 0.404 ; dcache:memaccess_stage|valid[30]  ; dcache:memaccess_stage|valid[30]                                                                              ; clk_i        ; clk_i       ; 0.000        ; 0.079      ; 0.669      ;
; 0.404 ; dcache:memaccess_stage|valid[94]  ; dcache:memaccess_stage|valid[94]                                                                              ; clk_i        ; clk_i       ; 0.000        ; 0.079      ; 0.669      ;
; 0.404 ; dcache:memaccess_stage|valid[14]  ; dcache:memaccess_stage|valid[14]                                                                              ; clk_i        ; clk_i       ; 0.000        ; 0.079      ; 0.669      ;
; 0.404 ; dcache:memaccess_stage|valid[78]  ; dcache:memaccess_stage|valid[78]                                                                              ; clk_i        ; clk_i       ; 0.000        ; 0.079      ; 0.669      ;
; 0.404 ; dcache:memaccess_stage|valid[46]  ; dcache:memaccess_stage|valid[46]                                                                              ; clk_i        ; clk_i       ; 0.000        ; 0.079      ; 0.669      ;
; 0.404 ; dcache:memaccess_stage|valid[110] ; dcache:memaccess_stage|valid[110]                                                                             ; clk_i        ; clk_i       ; 0.000        ; 0.079      ; 0.669      ;
; 0.404 ; dcache:memaccess_stage|valid[222] ; dcache:memaccess_stage|valid[222]                                                                             ; clk_i        ; clk_i       ; 0.000        ; 0.079      ; 0.669      ;
; 0.404 ; dcache:memaccess_stage|valid[158] ; dcache:memaccess_stage|valid[158]                                                                             ; clk_i        ; clk_i       ; 0.000        ; 0.079      ; 0.669      ;
; 0.404 ; dcache:memaccess_stage|valid[190] ; dcache:memaccess_stage|valid[190]                                                                             ; clk_i        ; clk_i       ; 0.000        ; 0.079      ; 0.669      ;
; 0.404 ; dcache:memaccess_stage|valid[254] ; dcache:memaccess_stage|valid[254]                                                                             ; clk_i        ; clk_i       ; 0.000        ; 0.079      ; 0.669      ;
; 0.404 ; dcache:memaccess_stage|valid[238] ; dcache:memaccess_stage|valid[238]                                                                             ; clk_i        ; clk_i       ; 0.000        ; 0.079      ; 0.669      ;
; 0.404 ; dcache:memaccess_stage|valid[206] ; dcache:memaccess_stage|valid[206]                                                                             ; clk_i        ; clk_i       ; 0.000        ; 0.079      ; 0.669      ;
; 0.404 ; dcache:memaccess_stage|valid[142] ; dcache:memaccess_stage|valid[142]                                                                             ; clk_i        ; clk_i       ; 0.000        ; 0.079      ; 0.669      ;
; 0.404 ; dcache:memaccess_stage|valid[174] ; dcache:memaccess_stage|valid[174]                                                                             ; clk_i        ; clk_i       ; 0.000        ; 0.079      ; 0.669      ;
; 0.404 ; dcache:memaccess_stage|valid[242] ; dcache:memaccess_stage|valid[242]                                                                             ; clk_i        ; clk_i       ; 0.000        ; 0.079      ; 0.669      ;
; 0.404 ; dcache:memaccess_stage|valid[178] ; dcache:memaccess_stage|valid[178]                                                                             ; clk_i        ; clk_i       ; 0.000        ; 0.079      ; 0.669      ;
; 0.404 ; dcache:memaccess_stage|valid[194] ; dcache:memaccess_stage|valid[194]                                                                             ; clk_i        ; clk_i       ; 0.000        ; 0.079      ; 0.669      ;
; 0.404 ; dcache:memaccess_stage|valid[130] ; dcache:memaccess_stage|valid[130]                                                                             ; clk_i        ; clk_i       ; 0.000        ; 0.079      ; 0.669      ;
; 0.404 ; dcache:memaccess_stage|valid[210] ; dcache:memaccess_stage|valid[210]                                                                             ; clk_i        ; clk_i       ; 0.000        ; 0.079      ; 0.669      ;
; 0.404 ; dcache:memaccess_stage|valid[146] ; dcache:memaccess_stage|valid[146]                                                                             ; clk_i        ; clk_i       ; 0.000        ; 0.079      ; 0.669      ;
; 0.404 ; dcache:memaccess_stage|valid[66]  ; dcache:memaccess_stage|valid[66]                                                                              ; clk_i        ; clk_i       ; 0.000        ; 0.079      ; 0.669      ;
; 0.404 ; dcache:memaccess_stage|valid[2]   ; dcache:memaccess_stage|valid[2]                                                                               ; clk_i        ; clk_i       ; 0.000        ; 0.079      ; 0.669      ;
; 0.404 ; dcache:memaccess_stage|valid[50]  ; dcache:memaccess_stage|valid[50]                                                                              ; clk_i        ; clk_i       ; 0.000        ; 0.079      ; 0.669      ;
; 0.404 ; dcache:memaccess_stage|valid[18]  ; dcache:memaccess_stage|valid[18]                                                                              ; clk_i        ; clk_i       ; 0.000        ; 0.079      ; 0.669      ;
; 0.404 ; dcache:memaccess_stage|valid[82]  ; dcache:memaccess_stage|valid[82]                                                                              ; clk_i        ; clk_i       ; 0.000        ; 0.079      ; 0.669      ;
; 0.404 ; dcache:memaccess_stage|valid[195] ; dcache:memaccess_stage|valid[195]                                                                             ; clk_i        ; clk_i       ; 0.000        ; 0.079      ; 0.669      ;
; 0.404 ; dcache:memaccess_stage|valid[211] ; dcache:memaccess_stage|valid[211]                                                                             ; clk_i        ; clk_i       ; 0.000        ; 0.079      ; 0.669      ;
; 0.404 ; dcache:memaccess_stage|valid[131] ; dcache:memaccess_stage|valid[131]                                                                             ; clk_i        ; clk_i       ; 0.000        ; 0.079      ; 0.669      ;
; 0.404 ; dcache:memaccess_stage|valid[147] ; dcache:memaccess_stage|valid[147]                                                                             ; clk_i        ; clk_i       ; 0.000        ; 0.079      ; 0.669      ;
; 0.404 ; dcache:memaccess_stage|valid[179] ; dcache:memaccess_stage|valid[179]                                                                             ; clk_i        ; clk_i       ; 0.000        ; 0.079      ; 0.669      ;
; 0.404 ; dcache:memaccess_stage|valid[243] ; dcache:memaccess_stage|valid[243]                                                                             ; clk_i        ; clk_i       ; 0.000        ; 0.079      ; 0.669      ;
; 0.404 ; dcache:memaccess_stage|valid[3]   ; dcache:memaccess_stage|valid[3]                                                                               ; clk_i        ; clk_i       ; 0.000        ; 0.079      ; 0.669      ;
; 0.404 ; dcache:memaccess_stage|valid[67]  ; dcache:memaccess_stage|valid[67]                                                                              ; clk_i        ; clk_i       ; 0.000        ; 0.079      ; 0.669      ;
; 0.404 ; dcache:memaccess_stage|valid[51]  ; dcache:memaccess_stage|valid[51]                                                                              ; clk_i        ; clk_i       ; 0.000        ; 0.079      ; 0.669      ;
; 0.404 ; dcache:memaccess_stage|valid[115] ; dcache:memaccess_stage|valid[115]                                                                             ; clk_i        ; clk_i       ; 0.000        ; 0.079      ; 0.669      ;
; 0.404 ; dcache:memaccess_stage|valid[19]  ; dcache:memaccess_stage|valid[19]                                                                              ; clk_i        ; clk_i       ; 0.000        ; 0.079      ; 0.669      ;
; 0.404 ; dcache:memaccess_stage|valid[83]  ; dcache:memaccess_stage|valid[83]                                                                              ; clk_i        ; clk_i       ; 0.000        ; 0.079      ; 0.669      ;
; 0.404 ; dcache:memaccess_stage|valid[193] ; dcache:memaccess_stage|valid[193]                                                                             ; clk_i        ; clk_i       ; 0.000        ; 0.079      ; 0.669      ;
; 0.404 ; dcache:memaccess_stage|valid[209] ; dcache:memaccess_stage|valid[209]                                                                             ; clk_i        ; clk_i       ; 0.000        ; 0.079      ; 0.669      ;
; 0.404 ; dcache:memaccess_stage|valid[145] ; dcache:memaccess_stage|valid[145]                                                                             ; clk_i        ; clk_i       ; 0.000        ; 0.079      ; 0.669      ;
; 0.404 ; dcache:memaccess_stage|valid[129] ; dcache:memaccess_stage|valid[129]                                                                             ; clk_i        ; clk_i       ; 0.000        ; 0.079      ; 0.669      ;
; 0.404 ; dcache:memaccess_stage|valid[65]  ; dcache:memaccess_stage|valid[65]                                                                              ; clk_i        ; clk_i       ; 0.000        ; 0.079      ; 0.669      ;
; 0.404 ; dcache:memaccess_stage|valid[1]   ; dcache:memaccess_stage|valid[1]                                                                               ; clk_i        ; clk_i       ; 0.000        ; 0.079      ; 0.669      ;
; 0.404 ; dcache:memaccess_stage|valid[49]  ; dcache:memaccess_stage|valid[49]                                                                              ; clk_i        ; clk_i       ; 0.000        ; 0.079      ; 0.669      ;
; 0.404 ; dcache:memaccess_stage|valid[113] ; dcache:memaccess_stage|valid[113]                                                                             ; clk_i        ; clk_i       ; 0.000        ; 0.079      ; 0.669      ;
+-------+-----------------------------------+---------------------------------------------------------------------------------------------------------------+--------------+-------------+--------------+------------+------------+


-----------------------------------------------
; Slow 1200mV 85C Model Metastability Summary ;
-----------------------------------------------
No synchronizer chains to report.


+------------------------------------------------+
; Slow 1200mV 0C Model Fmax Summary              ;
+----------+-----------------+------------+------+
; Fmax     ; Restricted Fmax ; Clock Name ; Note ;
+----------+-----------------+------------+------+
; 70.4 MHz ; 70.4 MHz        ; clk_i      ;      ;
+----------+-----------------+------------+------+
This panel reports FMAX for every clock in the design, regardless of the user-specified clock periods.  FMAX is only computed for paths where the source and destination registers or ports are driven by the same clock.  Paths of different clocks, including generated clocks, are ignored.  For paths between a clock and its inversion, FMAX is computed as if the rising and falling edges are scaled along with FMAX, such that the duty cycle (in terms of a percentage) is maintained. Altera recommends that you always use clock constraints and other slack reports for sign-off analysis.


+------------------------------------+
; Slow 1200mV 0C Model Setup Summary ;
+-------+---------+------------------+
; Clock ; Slack   ; End Point TNS    ;
+-------+---------+------------------+
; clk_i ; -13.204 ; -105812.243      ;
+-------+---------+------------------+


+-----------------------------------+
; Slow 1200mV 0C Model Hold Summary ;
+-------+-------+-------------------+
; Clock ; Slack ; End Point TNS     ;
+-------+-------+-------------------+
; clk_i ; 0.311 ; 0.000             ;
+-------+-------+-------------------+


-----------------------------------------
; Slow 1200mV 0C Model Recovery Summary ;
-----------------------------------------
No paths to report.


----------------------------------------
; Slow 1200mV 0C Model Removal Summary ;
----------------------------------------
No paths to report.


+--------------------------------------------------+
; Slow 1200mV 0C Model Minimum Pulse Width Summary ;
+-------+--------+---------------------------------+
; Clock ; Slack  ; End Point TNS                   ;
+-------+--------+---------------------------------+
; clk_i ; -3.000 ; -21150.877                      ;
+-------+--------+---------------------------------+


+--------------------------------------------------------------------------------------------------------------------------------------------------------+
; Slow 1200mV 0C Model Setup: 'clk_i'                                                                                                                    ;
+---------+----------------------------------------+-------------------------------+--------------+-------------+--------------+------------+------------+
; Slack   ; From Node                              ; To Node                       ; Launch Clock ; Latch Clock ; Relationship ; Clock Skew ; Data Delay ;
+---------+----------------------------------------+-------------------------------+--------------+-------------+--------------+------------+------------+
; -13.204 ; exmem_latch:exmem_latch1|exmem_rd_o[3] ; fetch:fetch_stg|pc_next_o[14] ; clk_i        ; clk_i       ; 1.000        ; 0.275      ; 14.478     ;
; -13.204 ; exmem_latch:exmem_latch1|exmem_rd_o[3] ; fetch:fetch_stg|pc_next_o[13] ; clk_i        ; clk_i       ; 1.000        ; 0.275      ; 14.478     ;
; -13.204 ; exmem_latch:exmem_latch1|exmem_rd_o[3] ; fetch:fetch_stg|pc_next_o[15] ; clk_i        ; clk_i       ; 1.000        ; 0.275      ; 14.478     ;
; -13.204 ; exmem_latch:exmem_latch1|exmem_rd_o[3] ; fetch:fetch_stg|pc_next_o[16] ; clk_i        ; clk_i       ; 1.000        ; 0.275      ; 14.478     ;
; -13.204 ; exmem_latch:exmem_latch1|exmem_rd_o[3] ; fetch:fetch_stg|pc_next_o[24] ; clk_i        ; clk_i       ; 1.000        ; 0.275      ; 14.478     ;
; -13.204 ; exmem_latch:exmem_latch1|exmem_rd_o[3] ; fetch:fetch_stg|pc_next_o[17] ; clk_i        ; clk_i       ; 1.000        ; 0.275      ; 14.478     ;
; -13.204 ; exmem_latch:exmem_latch1|exmem_rd_o[3] ; fetch:fetch_stg|pc_next_o[18] ; clk_i        ; clk_i       ; 1.000        ; 0.275      ; 14.478     ;
; -13.204 ; exmem_latch:exmem_latch1|exmem_rd_o[3] ; fetch:fetch_stg|pc_next_o[19] ; clk_i        ; clk_i       ; 1.000        ; 0.275      ; 14.478     ;
; -13.204 ; exmem_latch:exmem_latch1|exmem_rd_o[3] ; fetch:fetch_stg|pc_next_o[20] ; clk_i        ; clk_i       ; 1.000        ; 0.275      ; 14.478     ;
; -13.204 ; exmem_latch:exmem_latch1|exmem_rd_o[3] ; fetch:fetch_stg|pc_next_o[21] ; clk_i        ; clk_i       ; 1.000        ; 0.275      ; 14.478     ;
; -13.204 ; exmem_latch:exmem_latch1|exmem_rd_o[3] ; fetch:fetch_stg|pc_next_o[22] ; clk_i        ; clk_i       ; 1.000        ; 0.275      ; 14.478     ;
; -13.204 ; exmem_latch:exmem_latch1|exmem_rd_o[3] ; fetch:fetch_stg|pc_next_o[23] ; clk_i        ; clk_i       ; 1.000        ; 0.275      ; 14.478     ;
; -13.204 ; exmem_latch:exmem_latch1|exmem_rd_o[3] ; fetch:fetch_stg|pc_next_o[25] ; clk_i        ; clk_i       ; 1.000        ; 0.275      ; 14.478     ;
; -13.204 ; exmem_latch:exmem_latch1|exmem_rd_o[3] ; fetch:fetch_stg|pc_next_o[26] ; clk_i        ; clk_i       ; 1.000        ; 0.275      ; 14.478     ;
; -13.204 ; exmem_latch:exmem_latch1|exmem_rd_o[3] ; fetch:fetch_stg|pc_next_o[27] ; clk_i        ; clk_i       ; 1.000        ; 0.275      ; 14.478     ;
; -13.204 ; exmem_latch:exmem_latch1|exmem_rd_o[3] ; fetch:fetch_stg|pc_next_o[28] ; clk_i        ; clk_i       ; 1.000        ; 0.275      ; 14.478     ;
; -13.191 ; exmem_latch:exmem_latch1|exmem_rd_o[1] ; fetch:fetch_stg|pc_next_o[14] ; clk_i        ; clk_i       ; 1.000        ; 0.275      ; 14.465     ;
; -13.191 ; exmem_latch:exmem_latch1|exmem_rd_o[1] ; fetch:fetch_stg|pc_next_o[13] ; clk_i        ; clk_i       ; 1.000        ; 0.275      ; 14.465     ;
; -13.191 ; exmem_latch:exmem_latch1|exmem_rd_o[1] ; fetch:fetch_stg|pc_next_o[15] ; clk_i        ; clk_i       ; 1.000        ; 0.275      ; 14.465     ;
; -13.191 ; exmem_latch:exmem_latch1|exmem_rd_o[1] ; fetch:fetch_stg|pc_next_o[16] ; clk_i        ; clk_i       ; 1.000        ; 0.275      ; 14.465     ;
; -13.191 ; exmem_latch:exmem_latch1|exmem_rd_o[1] ; fetch:fetch_stg|pc_next_o[24] ; clk_i        ; clk_i       ; 1.000        ; 0.275      ; 14.465     ;
; -13.191 ; exmem_latch:exmem_latch1|exmem_rd_o[1] ; fetch:fetch_stg|pc_next_o[17] ; clk_i        ; clk_i       ; 1.000        ; 0.275      ; 14.465     ;
; -13.191 ; exmem_latch:exmem_latch1|exmem_rd_o[1] ; fetch:fetch_stg|pc_next_o[18] ; clk_i        ; clk_i       ; 1.000        ; 0.275      ; 14.465     ;
; -13.191 ; exmem_latch:exmem_latch1|exmem_rd_o[1] ; fetch:fetch_stg|pc_next_o[19] ; clk_i        ; clk_i       ; 1.000        ; 0.275      ; 14.465     ;
; -13.191 ; exmem_latch:exmem_latch1|exmem_rd_o[1] ; fetch:fetch_stg|pc_next_o[20] ; clk_i        ; clk_i       ; 1.000        ; 0.275      ; 14.465     ;
; -13.191 ; exmem_latch:exmem_latch1|exmem_rd_o[1] ; fetch:fetch_stg|pc_next_o[21] ; clk_i        ; clk_i       ; 1.000        ; 0.275      ; 14.465     ;
; -13.191 ; exmem_latch:exmem_latch1|exmem_rd_o[1] ; fetch:fetch_stg|pc_next_o[22] ; clk_i        ; clk_i       ; 1.000        ; 0.275      ; 14.465     ;
; -13.191 ; exmem_latch:exmem_latch1|exmem_rd_o[1] ; fetch:fetch_stg|pc_next_o[23] ; clk_i        ; clk_i       ; 1.000        ; 0.275      ; 14.465     ;
; -13.191 ; exmem_latch:exmem_latch1|exmem_rd_o[1] ; fetch:fetch_stg|pc_next_o[25] ; clk_i        ; clk_i       ; 1.000        ; 0.275      ; 14.465     ;
; -13.191 ; exmem_latch:exmem_latch1|exmem_rd_o[1] ; fetch:fetch_stg|pc_next_o[26] ; clk_i        ; clk_i       ; 1.000        ; 0.275      ; 14.465     ;
; -13.191 ; exmem_latch:exmem_latch1|exmem_rd_o[1] ; fetch:fetch_stg|pc_next_o[27] ; clk_i        ; clk_i       ; 1.000        ; 0.275      ; 14.465     ;
; -13.191 ; exmem_latch:exmem_latch1|exmem_rd_o[1] ; fetch:fetch_stg|pc_next_o[28] ; clk_i        ; clk_i       ; 1.000        ; 0.275      ; 14.465     ;
; -13.188 ; exmem_latch:exmem_latch1|exmem_rd_o[2] ; fetch:fetch_stg|pc_next_o[14] ; clk_i        ; clk_i       ; 1.000        ; 0.275      ; 14.462     ;
; -13.188 ; exmem_latch:exmem_latch1|exmem_rd_o[2] ; fetch:fetch_stg|pc_next_o[13] ; clk_i        ; clk_i       ; 1.000        ; 0.275      ; 14.462     ;
; -13.188 ; exmem_latch:exmem_latch1|exmem_rd_o[2] ; fetch:fetch_stg|pc_next_o[15] ; clk_i        ; clk_i       ; 1.000        ; 0.275      ; 14.462     ;
; -13.188 ; exmem_latch:exmem_latch1|exmem_rd_o[2] ; fetch:fetch_stg|pc_next_o[16] ; clk_i        ; clk_i       ; 1.000        ; 0.275      ; 14.462     ;
; -13.188 ; exmem_latch:exmem_latch1|exmem_rd_o[2] ; fetch:fetch_stg|pc_next_o[24] ; clk_i        ; clk_i       ; 1.000        ; 0.275      ; 14.462     ;
; -13.188 ; exmem_latch:exmem_latch1|exmem_rd_o[2] ; fetch:fetch_stg|pc_next_o[17] ; clk_i        ; clk_i       ; 1.000        ; 0.275      ; 14.462     ;
; -13.188 ; exmem_latch:exmem_latch1|exmem_rd_o[2] ; fetch:fetch_stg|pc_next_o[18] ; clk_i        ; clk_i       ; 1.000        ; 0.275      ; 14.462     ;
; -13.188 ; exmem_latch:exmem_latch1|exmem_rd_o[2] ; fetch:fetch_stg|pc_next_o[19] ; clk_i        ; clk_i       ; 1.000        ; 0.275      ; 14.462     ;
; -13.188 ; exmem_latch:exmem_latch1|exmem_rd_o[2] ; fetch:fetch_stg|pc_next_o[20] ; clk_i        ; clk_i       ; 1.000        ; 0.275      ; 14.462     ;
; -13.188 ; exmem_latch:exmem_latch1|exmem_rd_o[2] ; fetch:fetch_stg|pc_next_o[21] ; clk_i        ; clk_i       ; 1.000        ; 0.275      ; 14.462     ;
; -13.188 ; exmem_latch:exmem_latch1|exmem_rd_o[2] ; fetch:fetch_stg|pc_next_o[22] ; clk_i        ; clk_i       ; 1.000        ; 0.275      ; 14.462     ;
; -13.188 ; exmem_latch:exmem_latch1|exmem_rd_o[2] ; fetch:fetch_stg|pc_next_o[23] ; clk_i        ; clk_i       ; 1.000        ; 0.275      ; 14.462     ;
; -13.188 ; exmem_latch:exmem_latch1|exmem_rd_o[2] ; fetch:fetch_stg|pc_next_o[25] ; clk_i        ; clk_i       ; 1.000        ; 0.275      ; 14.462     ;
; -13.188 ; exmem_latch:exmem_latch1|exmem_rd_o[2] ; fetch:fetch_stg|pc_next_o[26] ; clk_i        ; clk_i       ; 1.000        ; 0.275      ; 14.462     ;
; -13.188 ; exmem_latch:exmem_latch1|exmem_rd_o[2] ; fetch:fetch_stg|pc_next_o[27] ; clk_i        ; clk_i       ; 1.000        ; 0.275      ; 14.462     ;
; -13.188 ; exmem_latch:exmem_latch1|exmem_rd_o[2] ; fetch:fetch_stg|pc_next_o[28] ; clk_i        ; clk_i       ; 1.000        ; 0.275      ; 14.462     ;
; -13.184 ; exmem_latch:exmem_latch1|exmem_rd_o[3] ; fetch:fetch_stg|pc_next_o[3]  ; clk_i        ; clk_i       ; 1.000        ; 0.288      ; 14.471     ;
; -13.184 ; exmem_latch:exmem_latch1|exmem_rd_o[3] ; fetch:fetch_stg|pc_next_o[2]  ; clk_i        ; clk_i       ; 1.000        ; 0.288      ; 14.471     ;
; -13.184 ; exmem_latch:exmem_latch1|exmem_rd_o[3] ; fetch:fetch_stg|pc_next_o[6]  ; clk_i        ; clk_i       ; 1.000        ; 0.288      ; 14.471     ;
; -13.184 ; exmem_latch:exmem_latch1|exmem_rd_o[3] ; fetch:fetch_stg|pc_next_o[7]  ; clk_i        ; clk_i       ; 1.000        ; 0.288      ; 14.471     ;
; -13.184 ; exmem_latch:exmem_latch1|exmem_rd_o[3] ; fetch:fetch_stg|pc_next_o[5]  ; clk_i        ; clk_i       ; 1.000        ; 0.288      ; 14.471     ;
; -13.184 ; exmem_latch:exmem_latch1|exmem_rd_o[3] ; fetch:fetch_stg|pc_next_o[4]  ; clk_i        ; clk_i       ; 1.000        ; 0.288      ; 14.471     ;
; -13.184 ; exmem_latch:exmem_latch1|exmem_rd_o[3] ; fetch:fetch_stg|pc_next_o[9]  ; clk_i        ; clk_i       ; 1.000        ; 0.288      ; 14.471     ;
; -13.184 ; exmem_latch:exmem_latch1|exmem_rd_o[3] ; fetch:fetch_stg|pc_next_o[8]  ; clk_i        ; clk_i       ; 1.000        ; 0.288      ; 14.471     ;
; -13.184 ; exmem_latch:exmem_latch1|exmem_rd_o[3] ; fetch:fetch_stg|pc_next_o[10] ; clk_i        ; clk_i       ; 1.000        ; 0.288      ; 14.471     ;
; -13.184 ; exmem_latch:exmem_latch1|exmem_rd_o[3] ; fetch:fetch_stg|pc_next_o[12] ; clk_i        ; clk_i       ; 1.000        ; 0.288      ; 14.471     ;
; -13.184 ; exmem_latch:exmem_latch1|exmem_rd_o[3] ; fetch:fetch_stg|pc_next_o[11] ; clk_i        ; clk_i       ; 1.000        ; 0.288      ; 14.471     ;
; -13.171 ; exmem_latch:exmem_latch1|exmem_rd_o[1] ; fetch:fetch_stg|pc_next_o[3]  ; clk_i        ; clk_i       ; 1.000        ; 0.288      ; 14.458     ;
; -13.171 ; exmem_latch:exmem_latch1|exmem_rd_o[1] ; fetch:fetch_stg|pc_next_o[2]  ; clk_i        ; clk_i       ; 1.000        ; 0.288      ; 14.458     ;
; -13.171 ; exmem_latch:exmem_latch1|exmem_rd_o[1] ; fetch:fetch_stg|pc_next_o[6]  ; clk_i        ; clk_i       ; 1.000        ; 0.288      ; 14.458     ;
; -13.171 ; exmem_latch:exmem_latch1|exmem_rd_o[1] ; fetch:fetch_stg|pc_next_o[7]  ; clk_i        ; clk_i       ; 1.000        ; 0.288      ; 14.458     ;
; -13.171 ; exmem_latch:exmem_latch1|exmem_rd_o[1] ; fetch:fetch_stg|pc_next_o[5]  ; clk_i        ; clk_i       ; 1.000        ; 0.288      ; 14.458     ;
; -13.171 ; exmem_latch:exmem_latch1|exmem_rd_o[1] ; fetch:fetch_stg|pc_next_o[4]  ; clk_i        ; clk_i       ; 1.000        ; 0.288      ; 14.458     ;
; -13.171 ; exmem_latch:exmem_latch1|exmem_rd_o[1] ; fetch:fetch_stg|pc_next_o[9]  ; clk_i        ; clk_i       ; 1.000        ; 0.288      ; 14.458     ;
; -13.171 ; exmem_latch:exmem_latch1|exmem_rd_o[1] ; fetch:fetch_stg|pc_next_o[8]  ; clk_i        ; clk_i       ; 1.000        ; 0.288      ; 14.458     ;
; -13.171 ; exmem_latch:exmem_latch1|exmem_rd_o[1] ; fetch:fetch_stg|pc_next_o[10] ; clk_i        ; clk_i       ; 1.000        ; 0.288      ; 14.458     ;
; -13.171 ; exmem_latch:exmem_latch1|exmem_rd_o[1] ; fetch:fetch_stg|pc_next_o[12] ; clk_i        ; clk_i       ; 1.000        ; 0.288      ; 14.458     ;
; -13.171 ; exmem_latch:exmem_latch1|exmem_rd_o[1] ; fetch:fetch_stg|pc_next_o[11] ; clk_i        ; clk_i       ; 1.000        ; 0.288      ; 14.458     ;
; -13.168 ; exmem_latch:exmem_latch1|exmem_rd_o[2] ; fetch:fetch_stg|pc_next_o[3]  ; clk_i        ; clk_i       ; 1.000        ; 0.288      ; 14.455     ;
; -13.168 ; exmem_latch:exmem_latch1|exmem_rd_o[2] ; fetch:fetch_stg|pc_next_o[2]  ; clk_i        ; clk_i       ; 1.000        ; 0.288      ; 14.455     ;
; -13.168 ; exmem_latch:exmem_latch1|exmem_rd_o[2] ; fetch:fetch_stg|pc_next_o[6]  ; clk_i        ; clk_i       ; 1.000        ; 0.288      ; 14.455     ;
; -13.168 ; exmem_latch:exmem_latch1|exmem_rd_o[2] ; fetch:fetch_stg|pc_next_o[7]  ; clk_i        ; clk_i       ; 1.000        ; 0.288      ; 14.455     ;
; -13.168 ; exmem_latch:exmem_latch1|exmem_rd_o[2] ; fetch:fetch_stg|pc_next_o[5]  ; clk_i        ; clk_i       ; 1.000        ; 0.288      ; 14.455     ;
; -13.168 ; exmem_latch:exmem_latch1|exmem_rd_o[2] ; fetch:fetch_stg|pc_next_o[4]  ; clk_i        ; clk_i       ; 1.000        ; 0.288      ; 14.455     ;
; -13.168 ; exmem_latch:exmem_latch1|exmem_rd_o[2] ; fetch:fetch_stg|pc_next_o[9]  ; clk_i        ; clk_i       ; 1.000        ; 0.288      ; 14.455     ;
; -13.168 ; exmem_latch:exmem_latch1|exmem_rd_o[2] ; fetch:fetch_stg|pc_next_o[8]  ; clk_i        ; clk_i       ; 1.000        ; 0.288      ; 14.455     ;
; -13.168 ; exmem_latch:exmem_latch1|exmem_rd_o[2] ; fetch:fetch_stg|pc_next_o[10] ; clk_i        ; clk_i       ; 1.000        ; 0.288      ; 14.455     ;
; -13.168 ; exmem_latch:exmem_latch1|exmem_rd_o[2] ; fetch:fetch_stg|pc_next_o[12] ; clk_i        ; clk_i       ; 1.000        ; 0.288      ; 14.455     ;
; -13.168 ; exmem_latch:exmem_latch1|exmem_rd_o[2] ; fetch:fetch_stg|pc_next_o[11] ; clk_i        ; clk_i       ; 1.000        ; 0.288      ; 14.455     ;
; -13.081 ; exmem_latch:exmem_latch1|exmem_rd_o[0] ; fetch:fetch_stg|pc_next_o[14] ; clk_i        ; clk_i       ; 1.000        ; 0.275      ; 14.355     ;
; -13.081 ; exmem_latch:exmem_latch1|exmem_rd_o[0] ; fetch:fetch_stg|pc_next_o[13] ; clk_i        ; clk_i       ; 1.000        ; 0.275      ; 14.355     ;
; -13.081 ; exmem_latch:exmem_latch1|exmem_rd_o[0] ; fetch:fetch_stg|pc_next_o[15] ; clk_i        ; clk_i       ; 1.000        ; 0.275      ; 14.355     ;
; -13.081 ; exmem_latch:exmem_latch1|exmem_rd_o[0] ; fetch:fetch_stg|pc_next_o[16] ; clk_i        ; clk_i       ; 1.000        ; 0.275      ; 14.355     ;
; -13.081 ; exmem_latch:exmem_latch1|exmem_rd_o[0] ; fetch:fetch_stg|pc_next_o[24] ; clk_i        ; clk_i       ; 1.000        ; 0.275      ; 14.355     ;
; -13.081 ; exmem_latch:exmem_latch1|exmem_rd_o[0] ; fetch:fetch_stg|pc_next_o[17] ; clk_i        ; clk_i       ; 1.000        ; 0.275      ; 14.355     ;
; -13.081 ; exmem_latch:exmem_latch1|exmem_rd_o[0] ; fetch:fetch_stg|pc_next_o[18] ; clk_i        ; clk_i       ; 1.000        ; 0.275      ; 14.355     ;
; -13.081 ; exmem_latch:exmem_latch1|exmem_rd_o[0] ; fetch:fetch_stg|pc_next_o[19] ; clk_i        ; clk_i       ; 1.000        ; 0.275      ; 14.355     ;
; -13.081 ; exmem_latch:exmem_latch1|exmem_rd_o[0] ; fetch:fetch_stg|pc_next_o[20] ; clk_i        ; clk_i       ; 1.000        ; 0.275      ; 14.355     ;
; -13.081 ; exmem_latch:exmem_latch1|exmem_rd_o[0] ; fetch:fetch_stg|pc_next_o[21] ; clk_i        ; clk_i       ; 1.000        ; 0.275      ; 14.355     ;
; -13.081 ; exmem_latch:exmem_latch1|exmem_rd_o[0] ; fetch:fetch_stg|pc_next_o[22] ; clk_i        ; clk_i       ; 1.000        ; 0.275      ; 14.355     ;
; -13.081 ; exmem_latch:exmem_latch1|exmem_rd_o[0] ; fetch:fetch_stg|pc_next_o[23] ; clk_i        ; clk_i       ; 1.000        ; 0.275      ; 14.355     ;
; -13.081 ; exmem_latch:exmem_latch1|exmem_rd_o[0] ; fetch:fetch_stg|pc_next_o[25] ; clk_i        ; clk_i       ; 1.000        ; 0.275      ; 14.355     ;
; -13.081 ; exmem_latch:exmem_latch1|exmem_rd_o[0] ; fetch:fetch_stg|pc_next_o[26] ; clk_i        ; clk_i       ; 1.000        ; 0.275      ; 14.355     ;
; -13.081 ; exmem_latch:exmem_latch1|exmem_rd_o[0] ; fetch:fetch_stg|pc_next_o[27] ; clk_i        ; clk_i       ; 1.000        ; 0.275      ; 14.355     ;
; -13.081 ; exmem_latch:exmem_latch1|exmem_rd_o[0] ; fetch:fetch_stg|pc_next_o[28] ; clk_i        ; clk_i       ; 1.000        ; 0.275      ; 14.355     ;
; -13.061 ; exmem_latch:exmem_latch1|exmem_rd_o[0] ; fetch:fetch_stg|pc_next_o[3]  ; clk_i        ; clk_i       ; 1.000        ; 0.288      ; 14.348     ;
; -13.061 ; exmem_latch:exmem_latch1|exmem_rd_o[0] ; fetch:fetch_stg|pc_next_o[2]  ; clk_i        ; clk_i       ; 1.000        ; 0.288      ; 14.348     ;
; -13.061 ; exmem_latch:exmem_latch1|exmem_rd_o[0] ; fetch:fetch_stg|pc_next_o[6]  ; clk_i        ; clk_i       ; 1.000        ; 0.288      ; 14.348     ;
+---------+----------------------------------------+-------------------------------+--------------+-------------+--------------+------------+------------+


+---------------------------------------------------------------------------------------------------------------------------------------------------------------------------------------------------------------------------------+
; Slow 1200mV 0C Model Hold: 'clk_i'                                                                                                                                                                                              ;
+-------+-----------------------------------+---------------------------------------------------------------------------------------------------------------+--------------+-------------+--------------+------------+------------+
; Slack ; From Node                         ; To Node                                                                                                       ; Launch Clock ; Latch Clock ; Relationship ; Clock Skew ; Data Delay ;
+-------+-----------------------------------+---------------------------------------------------------------------------------------------------------------+--------------+-------------+--------------+------------+------------+
; 0.311 ; IFID_Latch:ifid_latch1|inst_o[18] ; regfile:register_read_stg|altsyncram:GPR_rtl_0|altsyncram_uni1:auto_generated|ram_block1a0~portb_address_reg0 ; clk_i        ; clk_i       ; 0.000        ; 0.385      ; 0.897      ;
; 0.320 ; IFID_Latch:ifid_latch1|inst_o[21] ; regfile:register_read_stg|altsyncram:GPR_rtl_1|altsyncram_uni1:auto_generated|ram_block1a0~portb_address_reg0 ; clk_i        ; clk_i       ; 0.000        ; 0.386      ; 0.907      ;
; 0.326 ; IFID_Latch:ifid_latch1|inst_o[19] ; regfile:register_read_stg|altsyncram:GPR_rtl_0|altsyncram_uni1:auto_generated|ram_block1a0~portb_address_reg0 ; clk_i        ; clk_i       ; 0.000        ; 0.384      ; 0.911      ;
; 0.330 ; IFID_Latch:ifid_latch1|inst_o[16] ; regfile:register_read_stg|altsyncram:GPR_rtl_0|altsyncram_uni1:auto_generated|ram_block1a0~portb_address_reg0 ; clk_i        ; clk_i       ; 0.000        ; 0.385      ; 0.916      ;
; 0.338 ; fetch:fetch_stg|pc_next_o[1]      ; fetch:fetch_stg|pc_next_o[1]                                                                                  ; clk_i        ; clk_i       ; 0.000        ; 0.088      ; 0.597      ;
; 0.355 ; dcache:memaccess_stage|valid[198] ; dcache:memaccess_stage|valid[198]                                                                             ; clk_i        ; clk_i       ; 0.000        ; 0.071      ; 0.597      ;
; 0.355 ; dcache:memaccess_stage|valid[134] ; dcache:memaccess_stage|valid[134]                                                                             ; clk_i        ; clk_i       ; 0.000        ; 0.071      ; 0.597      ;
; 0.355 ; dcache:memaccess_stage|valid[194] ; dcache:memaccess_stage|valid[194]                                                                             ; clk_i        ; clk_i       ; 0.000        ; 0.071      ; 0.597      ;
; 0.355 ; dcache:memaccess_stage|valid[130] ; dcache:memaccess_stage|valid[130]                                                                             ; clk_i        ; clk_i       ; 0.000        ; 0.071      ; 0.597      ;
; 0.355 ; dcache:memaccess_stage|valid[66]  ; dcache:memaccess_stage|valid[66]                                                                              ; clk_i        ; clk_i       ; 0.000        ; 0.071      ; 0.597      ;
; 0.355 ; dcache:memaccess_stage|valid[2]   ; dcache:memaccess_stage|valid[2]                                                                               ; clk_i        ; clk_i       ; 0.000        ; 0.071      ; 0.597      ;
; 0.355 ; dcache:memaccess_stage|valid[211] ; dcache:memaccess_stage|valid[211]                                                                             ; clk_i        ; clk_i       ; 0.000        ; 0.071      ; 0.597      ;
; 0.355 ; dcache:memaccess_stage|valid[131] ; dcache:memaccess_stage|valid[131]                                                                             ; clk_i        ; clk_i       ; 0.000        ; 0.071      ; 0.597      ;
; 0.355 ; dcache:memaccess_stage|valid[147] ; dcache:memaccess_stage|valid[147]                                                                             ; clk_i        ; clk_i       ; 0.000        ; 0.071      ; 0.597      ;
; 0.355 ; dcache:memaccess_stage|valid[3]   ; dcache:memaccess_stage|valid[3]                                                                               ; clk_i        ; clk_i       ; 0.000        ; 0.071      ; 0.597      ;
; 0.355 ; dcache:memaccess_stage|valid[67]  ; dcache:memaccess_stage|valid[67]                                                                              ; clk_i        ; clk_i       ; 0.000        ; 0.071      ; 0.597      ;
; 0.355 ; dcache:memaccess_stage|valid[19]  ; dcache:memaccess_stage|valid[19]                                                                              ; clk_i        ; clk_i       ; 0.000        ; 0.071      ; 0.597      ;
; 0.355 ; dcache:memaccess_stage|valid[83]  ; dcache:memaccess_stage|valid[83]                                                                              ; clk_i        ; clk_i       ; 0.000        ; 0.071      ; 0.597      ;
; 0.355 ; dcache:memaccess_stage|valid[209] ; dcache:memaccess_stage|valid[209]                                                                             ; clk_i        ; clk_i       ; 0.000        ; 0.071      ; 0.597      ;
; 0.355 ; dcache:memaccess_stage|valid[81]  ; dcache:memaccess_stage|valid[81]                                                                              ; clk_i        ; clk_i       ; 0.000        ; 0.071      ; 0.597      ;
; 0.355 ; dcache:memaccess_stage|valid[17]  ; dcache:memaccess_stage|valid[17]                                                                              ; clk_i        ; clk_i       ; 0.000        ; 0.071      ; 0.597      ;
; 0.355 ; dcache:memaccess_stage|valid[23]  ; dcache:memaccess_stage|valid[23]                                                                              ; clk_i        ; clk_i       ; 0.000        ; 0.071      ; 0.597      ;
; 0.355 ; dcache:memaccess_stage|valid[87]  ; dcache:memaccess_stage|valid[87]                                                                              ; clk_i        ; clk_i       ; 0.000        ; 0.071      ; 0.597      ;
; 0.355 ; dcache:memaccess_stage|valid[85]  ; dcache:memaccess_stage|valid[85]                                                                              ; clk_i        ; clk_i       ; 0.000        ; 0.071      ; 0.597      ;
; 0.355 ; dcache:memaccess_stage|valid[21]  ; dcache:memaccess_stage|valid[21]                                                                              ; clk_i        ; clk_i       ; 0.000        ; 0.071      ; 0.597      ;
; 0.356 ; dcache:memaccess_stage|valid[176] ; dcache:memaccess_stage|valid[176]                                                                             ; clk_i        ; clk_i       ; 0.000        ; 0.070      ; 0.597      ;
; 0.356 ; dcache:memaccess_stage|valid[240] ; dcache:memaccess_stage|valid[240]                                                                             ; clk_i        ; clk_i       ; 0.000        ; 0.070      ; 0.597      ;
; 0.356 ; dcache:memaccess_stage|valid[160] ; dcache:memaccess_stage|valid[160]                                                                             ; clk_i        ; clk_i       ; 0.000        ; 0.070      ; 0.597      ;
; 0.356 ; dcache:memaccess_stage|valid[224] ; dcache:memaccess_stage|valid[224]                                                                             ; clk_i        ; clk_i       ; 0.000        ; 0.070      ; 0.597      ;
; 0.356 ; dcache:memaccess_stage|valid[192] ; dcache:memaccess_stage|valid[192]                                                                             ; clk_i        ; clk_i       ; 0.000        ; 0.070      ; 0.597      ;
; 0.356 ; dcache:memaccess_stage|valid[128] ; dcache:memaccess_stage|valid[128]                                                                             ; clk_i        ; clk_i       ; 0.000        ; 0.070      ; 0.597      ;
; 0.356 ; dcache:memaccess_stage|valid[208] ; dcache:memaccess_stage|valid[208]                                                                             ; clk_i        ; clk_i       ; 0.000        ; 0.070      ; 0.597      ;
; 0.356 ; dcache:memaccess_stage|valid[144] ; dcache:memaccess_stage|valid[144]                                                                             ; clk_i        ; clk_i       ; 0.000        ; 0.070      ; 0.597      ;
; 0.356 ; dcache:memaccess_stage|valid[96]  ; dcache:memaccess_stage|valid[96]                                                                              ; clk_i        ; clk_i       ; 0.000        ; 0.070      ; 0.597      ;
; 0.356 ; dcache:memaccess_stage|valid[32]  ; dcache:memaccess_stage|valid[32]                                                                              ; clk_i        ; clk_i       ; 0.000        ; 0.070      ; 0.597      ;
; 0.356 ; dcache:memaccess_stage|valid[0]   ; dcache:memaccess_stage|valid[0]                                                                               ; clk_i        ; clk_i       ; 0.000        ; 0.070      ; 0.597      ;
; 0.356 ; dcache:memaccess_stage|valid[64]  ; dcache:memaccess_stage|valid[64]                                                                              ; clk_i        ; clk_i       ; 0.000        ; 0.070      ; 0.597      ;
; 0.356 ; dcache:memaccess_stage|valid[48]  ; dcache:memaccess_stage|valid[48]                                                                              ; clk_i        ; clk_i       ; 0.000        ; 0.070      ; 0.597      ;
; 0.356 ; dcache:memaccess_stage|valid[112] ; dcache:memaccess_stage|valid[112]                                                                             ; clk_i        ; clk_i       ; 0.000        ; 0.070      ; 0.597      ;
; 0.356 ; dcache:memaccess_stage|valid[80]  ; dcache:memaccess_stage|valid[80]                                                                              ; clk_i        ; clk_i       ; 0.000        ; 0.070      ; 0.597      ;
; 0.356 ; dcache:memaccess_stage|valid[16]  ; dcache:memaccess_stage|valid[16]                                                                              ; clk_i        ; clk_i       ; 0.000        ; 0.070      ; 0.597      ;
; 0.356 ; dcache:memaccess_stage|valid[72]  ; dcache:memaccess_stage|valid[72]                                                                              ; clk_i        ; clk_i       ; 0.000        ; 0.070      ; 0.597      ;
; 0.356 ; dcache:memaccess_stage|valid[88]  ; dcache:memaccess_stage|valid[88]                                                                              ; clk_i        ; clk_i       ; 0.000        ; 0.070      ; 0.597      ;
; 0.356 ; dcache:memaccess_stage|valid[56]  ; dcache:memaccess_stage|valid[56]                                                                              ; clk_i        ; clk_i       ; 0.000        ; 0.070      ; 0.597      ;
; 0.356 ; dcache:memaccess_stage|valid[24]  ; dcache:memaccess_stage|valid[24]                                                                              ; clk_i        ; clk_i       ; 0.000        ; 0.070      ; 0.597      ;
; 0.356 ; dcache:memaccess_stage|valid[120] ; dcache:memaccess_stage|valid[120]                                                                             ; clk_i        ; clk_i       ; 0.000        ; 0.070      ; 0.597      ;
; 0.356 ; dcache:memaccess_stage|valid[200] ; dcache:memaccess_stage|valid[200]                                                                             ; clk_i        ; clk_i       ; 0.000        ; 0.070      ; 0.597      ;
; 0.356 ; dcache:memaccess_stage|valid[232] ; dcache:memaccess_stage|valid[232]                                                                             ; clk_i        ; clk_i       ; 0.000        ; 0.070      ; 0.597      ;
; 0.356 ; dcache:memaccess_stage|valid[216] ; dcache:memaccess_stage|valid[216]                                                                             ; clk_i        ; clk_i       ; 0.000        ; 0.070      ; 0.597      ;
; 0.356 ; dcache:memaccess_stage|valid[248] ; dcache:memaccess_stage|valid[248]                                                                             ; clk_i        ; clk_i       ; 0.000        ; 0.070      ; 0.597      ;
; 0.356 ; dcache:memaccess_stage|valid[152] ; dcache:memaccess_stage|valid[152]                                                                             ; clk_i        ; clk_i       ; 0.000        ; 0.070      ; 0.597      ;
; 0.356 ; dcache:memaccess_stage|valid[184] ; dcache:memaccess_stage|valid[184]                                                                             ; clk_i        ; clk_i       ; 0.000        ; 0.070      ; 0.597      ;
; 0.356 ; dcache:memaccess_stage|valid[180] ; dcache:memaccess_stage|valid[180]                                                                             ; clk_i        ; clk_i       ; 0.000        ; 0.070      ; 0.597      ;
; 0.356 ; dcache:memaccess_stage|valid[244] ; dcache:memaccess_stage|valid[244]                                                                             ; clk_i        ; clk_i       ; 0.000        ; 0.070      ; 0.597      ;
; 0.356 ; dcache:memaccess_stage|valid[164] ; dcache:memaccess_stage|valid[164]                                                                             ; clk_i        ; clk_i       ; 0.000        ; 0.070      ; 0.597      ;
; 0.356 ; dcache:memaccess_stage|valid[228] ; dcache:memaccess_stage|valid[228]                                                                             ; clk_i        ; clk_i       ; 0.000        ; 0.070      ; 0.597      ;
; 0.356 ; dcache:memaccess_stage|valid[196] ; dcache:memaccess_stage|valid[196]                                                                             ; clk_i        ; clk_i       ; 0.000        ; 0.070      ; 0.597      ;
; 0.356 ; dcache:memaccess_stage|valid[132] ; dcache:memaccess_stage|valid[132]                                                                             ; clk_i        ; clk_i       ; 0.000        ; 0.070      ; 0.597      ;
; 0.356 ; dcache:memaccess_stage|valid[212] ; dcache:memaccess_stage|valid[212]                                                                             ; clk_i        ; clk_i       ; 0.000        ; 0.070      ; 0.597      ;
; 0.356 ; dcache:memaccess_stage|valid[148] ; dcache:memaccess_stage|valid[148]                                                                             ; clk_i        ; clk_i       ; 0.000        ; 0.070      ; 0.597      ;
; 0.356 ; dcache:memaccess_stage|valid[36]  ; dcache:memaccess_stage|valid[36]                                                                              ; clk_i        ; clk_i       ; 0.000        ; 0.070      ; 0.597      ;
; 0.356 ; dcache:memaccess_stage|valid[100] ; dcache:memaccess_stage|valid[100]                                                                             ; clk_i        ; clk_i       ; 0.000        ; 0.070      ; 0.597      ;
; 0.356 ; dcache:memaccess_stage|valid[68]  ; dcache:memaccess_stage|valid[68]                                                                              ; clk_i        ; clk_i       ; 0.000        ; 0.070      ; 0.597      ;
; 0.356 ; dcache:memaccess_stage|valid[4]   ; dcache:memaccess_stage|valid[4]                                                                               ; clk_i        ; clk_i       ; 0.000        ; 0.070      ; 0.597      ;
; 0.356 ; dcache:memaccess_stage|valid[116] ; dcache:memaccess_stage|valid[116]                                                                             ; clk_i        ; clk_i       ; 0.000        ; 0.070      ; 0.597      ;
; 0.356 ; dcache:memaccess_stage|valid[52]  ; dcache:memaccess_stage|valid[52]                                                                              ; clk_i        ; clk_i       ; 0.000        ; 0.070      ; 0.597      ;
; 0.356 ; dcache:memaccess_stage|valid[84]  ; dcache:memaccess_stage|valid[84]                                                                              ; clk_i        ; clk_i       ; 0.000        ; 0.070      ; 0.597      ;
; 0.356 ; dcache:memaccess_stage|valid[20]  ; dcache:memaccess_stage|valid[20]                                                                              ; clk_i        ; clk_i       ; 0.000        ; 0.070      ; 0.597      ;
; 0.356 ; dcache:memaccess_stage|valid[76]  ; dcache:memaccess_stage|valid[76]                                                                              ; clk_i        ; clk_i       ; 0.000        ; 0.070      ; 0.597      ;
; 0.356 ; dcache:memaccess_stage|valid[12]  ; dcache:memaccess_stage|valid[12]                                                                              ; clk_i        ; clk_i       ; 0.000        ; 0.070      ; 0.597      ;
; 0.356 ; dcache:memaccess_stage|valid[108] ; dcache:memaccess_stage|valid[108]                                                                             ; clk_i        ; clk_i       ; 0.000        ; 0.070      ; 0.597      ;
; 0.356 ; dcache:memaccess_stage|valid[44]  ; dcache:memaccess_stage|valid[44]                                                                              ; clk_i        ; clk_i       ; 0.000        ; 0.070      ; 0.597      ;
; 0.356 ; dcache:memaccess_stage|valid[92]  ; dcache:memaccess_stage|valid[92]                                                                              ; clk_i        ; clk_i       ; 0.000        ; 0.070      ; 0.597      ;
; 0.356 ; dcache:memaccess_stage|valid[28]  ; dcache:memaccess_stage|valid[28]                                                                              ; clk_i        ; clk_i       ; 0.000        ; 0.070      ; 0.597      ;
; 0.356 ; dcache:memaccess_stage|valid[60]  ; dcache:memaccess_stage|valid[60]                                                                              ; clk_i        ; clk_i       ; 0.000        ; 0.070      ; 0.597      ;
; 0.356 ; dcache:memaccess_stage|valid[124] ; dcache:memaccess_stage|valid[124]                                                                             ; clk_i        ; clk_i       ; 0.000        ; 0.070      ; 0.597      ;
; 0.356 ; dcache:memaccess_stage|valid[204] ; dcache:memaccess_stage|valid[204]                                                                             ; clk_i        ; clk_i       ; 0.000        ; 0.070      ; 0.597      ;
; 0.356 ; dcache:memaccess_stage|valid[236] ; dcache:memaccess_stage|valid[236]                                                                             ; clk_i        ; clk_i       ; 0.000        ; 0.070      ; 0.597      ;
; 0.356 ; dcache:memaccess_stage|valid[140] ; dcache:memaccess_stage|valid[140]                                                                             ; clk_i        ; clk_i       ; 0.000        ; 0.070      ; 0.597      ;
; 0.356 ; dcache:memaccess_stage|valid[172] ; dcache:memaccess_stage|valid[172]                                                                             ; clk_i        ; clk_i       ; 0.000        ; 0.070      ; 0.597      ;
; 0.356 ; dcache:memaccess_stage|valid[220] ; dcache:memaccess_stage|valid[220]                                                                             ; clk_i        ; clk_i       ; 0.000        ; 0.070      ; 0.597      ;
; 0.356 ; dcache:memaccess_stage|valid[252] ; dcache:memaccess_stage|valid[252]                                                                             ; clk_i        ; clk_i       ; 0.000        ; 0.070      ; 0.597      ;
; 0.356 ; dcache:memaccess_stage|valid[156] ; dcache:memaccess_stage|valid[156]                                                                             ; clk_i        ; clk_i       ; 0.000        ; 0.070      ; 0.597      ;
; 0.356 ; dcache:memaccess_stage|valid[188] ; dcache:memaccess_stage|valid[188]                                                                             ; clk_i        ; clk_i       ; 0.000        ; 0.070      ; 0.597      ;
; 0.356 ; dcache:memaccess_stage|valid[246] ; dcache:memaccess_stage|valid[246]                                                                             ; clk_i        ; clk_i       ; 0.000        ; 0.070      ; 0.597      ;
; 0.356 ; dcache:memaccess_stage|valid[182] ; dcache:memaccess_stage|valid[182]                                                                             ; clk_i        ; clk_i       ; 0.000        ; 0.070      ; 0.597      ;
; 0.356 ; dcache:memaccess_stage|valid[214] ; dcache:memaccess_stage|valid[214]                                                                             ; clk_i        ; clk_i       ; 0.000        ; 0.070      ; 0.597      ;
; 0.356 ; dcache:memaccess_stage|valid[150] ; dcache:memaccess_stage|valid[150]                                                                             ; clk_i        ; clk_i       ; 0.000        ; 0.070      ; 0.597      ;
; 0.356 ; dcache:memaccess_stage|valid[6]   ; dcache:memaccess_stage|valid[6]                                                                               ; clk_i        ; clk_i       ; 0.000        ; 0.070      ; 0.597      ;
; 0.356 ; dcache:memaccess_stage|valid[70]  ; dcache:memaccess_stage|valid[70]                                                                              ; clk_i        ; clk_i       ; 0.000        ; 0.070      ; 0.597      ;
; 0.356 ; dcache:memaccess_stage|valid[54]  ; dcache:memaccess_stage|valid[54]                                                                              ; clk_i        ; clk_i       ; 0.000        ; 0.070      ; 0.597      ;
; 0.356 ; dcache:memaccess_stage|valid[118] ; dcache:memaccess_stage|valid[118]                                                                             ; clk_i        ; clk_i       ; 0.000        ; 0.070      ; 0.597      ;
; 0.356 ; dcache:memaccess_stage|valid[22]  ; dcache:memaccess_stage|valid[22]                                                                              ; clk_i        ; clk_i       ; 0.000        ; 0.070      ; 0.597      ;
; 0.356 ; dcache:memaccess_stage|valid[86]  ; dcache:memaccess_stage|valid[86]                                                                              ; clk_i        ; clk_i       ; 0.000        ; 0.070      ; 0.597      ;
; 0.356 ; dcache:memaccess_stage|valid[30]  ; dcache:memaccess_stage|valid[30]                                                                              ; clk_i        ; clk_i       ; 0.000        ; 0.070      ; 0.597      ;
; 0.356 ; dcache:memaccess_stage|valid[94]  ; dcache:memaccess_stage|valid[94]                                                                              ; clk_i        ; clk_i       ; 0.000        ; 0.070      ; 0.597      ;
; 0.356 ; dcache:memaccess_stage|valid[14]  ; dcache:memaccess_stage|valid[14]                                                                              ; clk_i        ; clk_i       ; 0.000        ; 0.070      ; 0.597      ;
; 0.356 ; dcache:memaccess_stage|valid[78]  ; dcache:memaccess_stage|valid[78]                                                                              ; clk_i        ; clk_i       ; 0.000        ; 0.070      ; 0.597      ;
; 0.356 ; dcache:memaccess_stage|valid[46]  ; dcache:memaccess_stage|valid[46]                                                                              ; clk_i        ; clk_i       ; 0.000        ; 0.070      ; 0.597      ;
; 0.356 ; dcache:memaccess_stage|valid[110] ; dcache:memaccess_stage|valid[110]                                                                             ; clk_i        ; clk_i       ; 0.000        ; 0.070      ; 0.597      ;
+-------+-----------------------------------+---------------------------------------------------------------------------------------------------------------+--------------+-------------+--------------+------------+------------+


----------------------------------------------
; Slow 1200mV 0C Model Metastability Summary ;
----------------------------------------------
No synchronizer chains to report.


+------------------------------------+
; Fast 1200mV 0C Model Setup Summary ;
+-------+--------+-------------------+
; Clock ; Slack  ; End Point TNS     ;
+-------+--------+-------------------+
; clk_i ; -6.855 ; -53311.476        ;
+-------+--------+-------------------+


+-----------------------------------+
; Fast 1200mV 0C Model Hold Summary ;
+-------+-------+-------------------+
; Clock ; Slack ; End Point TNS     ;
+-------+-------+-------------------+
; clk_i ; 0.110 ; 0.000             ;
+-------+-------+-------------------+


-----------------------------------------
; Fast 1200mV 0C Model Recovery Summary ;
-----------------------------------------
No paths to report.


----------------------------------------
; Fast 1200mV 0C Model Removal Summary ;
----------------------------------------
No paths to report.


+--------------------------------------------------+
; Fast 1200mV 0C Model Minimum Pulse Width Summary ;
+-------+--------+---------------------------------+
; Clock ; Slack  ; End Point TNS                   ;
+-------+--------+---------------------------------+
; clk_i ; -3.000 ; -17492.640                      ;
+-------+--------+---------------------------------+


+-------------------------------------------------------------------------------------------------------------------------------------------------------+
; Fast 1200mV 0C Model Setup: 'clk_i'                                                                                                                   ;
+--------+----------------------------------------+-------------------------------+--------------+-------------+--------------+------------+------------+
; Slack  ; From Node                              ; To Node                       ; Launch Clock ; Latch Clock ; Relationship ; Clock Skew ; Data Delay ;
+--------+----------------------------------------+-------------------------------+--------------+-------------+--------------+------------+------------+
; -6.855 ; exmem_latch:exmem_latch1|exmem_rd_o[3] ; fetch:fetch_stg|pc_next_o[14] ; clk_i        ; clk_i       ; 1.000        ; 0.138      ; 7.980      ;
; -6.855 ; exmem_latch:exmem_latch1|exmem_rd_o[3] ; fetch:fetch_stg|pc_next_o[13] ; clk_i        ; clk_i       ; 1.000        ; 0.138      ; 7.980      ;
; -6.855 ; exmem_latch:exmem_latch1|exmem_rd_o[3] ; fetch:fetch_stg|pc_next_o[15] ; clk_i        ; clk_i       ; 1.000        ; 0.138      ; 7.980      ;
; -6.855 ; exmem_latch:exmem_latch1|exmem_rd_o[3] ; fetch:fetch_stg|pc_next_o[16] ; clk_i        ; clk_i       ; 1.000        ; 0.138      ; 7.980      ;
; -6.855 ; exmem_latch:exmem_latch1|exmem_rd_o[3] ; fetch:fetch_stg|pc_next_o[24] ; clk_i        ; clk_i       ; 1.000        ; 0.138      ; 7.980      ;
; -6.855 ; exmem_latch:exmem_latch1|exmem_rd_o[3] ; fetch:fetch_stg|pc_next_o[17] ; clk_i        ; clk_i       ; 1.000        ; 0.138      ; 7.980      ;
; -6.855 ; exmem_latch:exmem_latch1|exmem_rd_o[3] ; fetch:fetch_stg|pc_next_o[18] ; clk_i        ; clk_i       ; 1.000        ; 0.138      ; 7.980      ;
; -6.855 ; exmem_latch:exmem_latch1|exmem_rd_o[3] ; fetch:fetch_stg|pc_next_o[19] ; clk_i        ; clk_i       ; 1.000        ; 0.138      ; 7.980      ;
; -6.855 ; exmem_latch:exmem_latch1|exmem_rd_o[3] ; fetch:fetch_stg|pc_next_o[20] ; clk_i        ; clk_i       ; 1.000        ; 0.138      ; 7.980      ;
; -6.855 ; exmem_latch:exmem_latch1|exmem_rd_o[3] ; fetch:fetch_stg|pc_next_o[21] ; clk_i        ; clk_i       ; 1.000        ; 0.138      ; 7.980      ;
; -6.855 ; exmem_latch:exmem_latch1|exmem_rd_o[3] ; fetch:fetch_stg|pc_next_o[22] ; clk_i        ; clk_i       ; 1.000        ; 0.138      ; 7.980      ;
; -6.855 ; exmem_latch:exmem_latch1|exmem_rd_o[3] ; fetch:fetch_stg|pc_next_o[23] ; clk_i        ; clk_i       ; 1.000        ; 0.138      ; 7.980      ;
; -6.855 ; exmem_latch:exmem_latch1|exmem_rd_o[3] ; fetch:fetch_stg|pc_next_o[25] ; clk_i        ; clk_i       ; 1.000        ; 0.138      ; 7.980      ;
; -6.855 ; exmem_latch:exmem_latch1|exmem_rd_o[3] ; fetch:fetch_stg|pc_next_o[26] ; clk_i        ; clk_i       ; 1.000        ; 0.138      ; 7.980      ;
; -6.855 ; exmem_latch:exmem_latch1|exmem_rd_o[3] ; fetch:fetch_stg|pc_next_o[27] ; clk_i        ; clk_i       ; 1.000        ; 0.138      ; 7.980      ;
; -6.855 ; exmem_latch:exmem_latch1|exmem_rd_o[3] ; fetch:fetch_stg|pc_next_o[28] ; clk_i        ; clk_i       ; 1.000        ; 0.138      ; 7.980      ;
; -6.854 ; exmem_latch:exmem_latch1|exmem_rd_o[2] ; fetch:fetch_stg|pc_next_o[14] ; clk_i        ; clk_i       ; 1.000        ; 0.138      ; 7.979      ;
; -6.854 ; exmem_latch:exmem_latch1|exmem_rd_o[2] ; fetch:fetch_stg|pc_next_o[13] ; clk_i        ; clk_i       ; 1.000        ; 0.138      ; 7.979      ;
; -6.854 ; exmem_latch:exmem_latch1|exmem_rd_o[2] ; fetch:fetch_stg|pc_next_o[15] ; clk_i        ; clk_i       ; 1.000        ; 0.138      ; 7.979      ;
; -6.854 ; exmem_latch:exmem_latch1|exmem_rd_o[2] ; fetch:fetch_stg|pc_next_o[16] ; clk_i        ; clk_i       ; 1.000        ; 0.138      ; 7.979      ;
; -6.854 ; exmem_latch:exmem_latch1|exmem_rd_o[2] ; fetch:fetch_stg|pc_next_o[24] ; clk_i        ; clk_i       ; 1.000        ; 0.138      ; 7.979      ;
; -6.854 ; exmem_latch:exmem_latch1|exmem_rd_o[2] ; fetch:fetch_stg|pc_next_o[17] ; clk_i        ; clk_i       ; 1.000        ; 0.138      ; 7.979      ;
; -6.854 ; exmem_latch:exmem_latch1|exmem_rd_o[2] ; fetch:fetch_stg|pc_next_o[18] ; clk_i        ; clk_i       ; 1.000        ; 0.138      ; 7.979      ;
; -6.854 ; exmem_latch:exmem_latch1|exmem_rd_o[2] ; fetch:fetch_stg|pc_next_o[19] ; clk_i        ; clk_i       ; 1.000        ; 0.138      ; 7.979      ;
; -6.854 ; exmem_latch:exmem_latch1|exmem_rd_o[2] ; fetch:fetch_stg|pc_next_o[20] ; clk_i        ; clk_i       ; 1.000        ; 0.138      ; 7.979      ;
; -6.854 ; exmem_latch:exmem_latch1|exmem_rd_o[2] ; fetch:fetch_stg|pc_next_o[21] ; clk_i        ; clk_i       ; 1.000        ; 0.138      ; 7.979      ;
; -6.854 ; exmem_latch:exmem_latch1|exmem_rd_o[2] ; fetch:fetch_stg|pc_next_o[22] ; clk_i        ; clk_i       ; 1.000        ; 0.138      ; 7.979      ;
; -6.854 ; exmem_latch:exmem_latch1|exmem_rd_o[2] ; fetch:fetch_stg|pc_next_o[23] ; clk_i        ; clk_i       ; 1.000        ; 0.138      ; 7.979      ;
; -6.854 ; exmem_latch:exmem_latch1|exmem_rd_o[2] ; fetch:fetch_stg|pc_next_o[25] ; clk_i        ; clk_i       ; 1.000        ; 0.138      ; 7.979      ;
; -6.854 ; exmem_latch:exmem_latch1|exmem_rd_o[2] ; fetch:fetch_stg|pc_next_o[26] ; clk_i        ; clk_i       ; 1.000        ; 0.138      ; 7.979      ;
; -6.854 ; exmem_latch:exmem_latch1|exmem_rd_o[2] ; fetch:fetch_stg|pc_next_o[27] ; clk_i        ; clk_i       ; 1.000        ; 0.138      ; 7.979      ;
; -6.854 ; exmem_latch:exmem_latch1|exmem_rd_o[2] ; fetch:fetch_stg|pc_next_o[28] ; clk_i        ; clk_i       ; 1.000        ; 0.138      ; 7.979      ;
; -6.844 ; exmem_latch:exmem_latch1|exmem_rd_o[3] ; fetch:fetch_stg|pc_next_o[3]  ; clk_i        ; clk_i       ; 1.000        ; 0.144      ; 7.975      ;
; -6.844 ; exmem_latch:exmem_latch1|exmem_rd_o[3] ; fetch:fetch_stg|pc_next_o[2]  ; clk_i        ; clk_i       ; 1.000        ; 0.144      ; 7.975      ;
; -6.844 ; exmem_latch:exmem_latch1|exmem_rd_o[3] ; fetch:fetch_stg|pc_next_o[6]  ; clk_i        ; clk_i       ; 1.000        ; 0.144      ; 7.975      ;
; -6.844 ; exmem_latch:exmem_latch1|exmem_rd_o[3] ; fetch:fetch_stg|pc_next_o[7]  ; clk_i        ; clk_i       ; 1.000        ; 0.144      ; 7.975      ;
; -6.844 ; exmem_latch:exmem_latch1|exmem_rd_o[3] ; fetch:fetch_stg|pc_next_o[5]  ; clk_i        ; clk_i       ; 1.000        ; 0.144      ; 7.975      ;
; -6.844 ; exmem_latch:exmem_latch1|exmem_rd_o[3] ; fetch:fetch_stg|pc_next_o[4]  ; clk_i        ; clk_i       ; 1.000        ; 0.144      ; 7.975      ;
; -6.844 ; exmem_latch:exmem_latch1|exmem_rd_o[3] ; fetch:fetch_stg|pc_next_o[9]  ; clk_i        ; clk_i       ; 1.000        ; 0.144      ; 7.975      ;
; -6.844 ; exmem_latch:exmem_latch1|exmem_rd_o[3] ; fetch:fetch_stg|pc_next_o[8]  ; clk_i        ; clk_i       ; 1.000        ; 0.144      ; 7.975      ;
; -6.844 ; exmem_latch:exmem_latch1|exmem_rd_o[3] ; fetch:fetch_stg|pc_next_o[10] ; clk_i        ; clk_i       ; 1.000        ; 0.144      ; 7.975      ;
; -6.844 ; exmem_latch:exmem_latch1|exmem_rd_o[3] ; fetch:fetch_stg|pc_next_o[12] ; clk_i        ; clk_i       ; 1.000        ; 0.144      ; 7.975      ;
; -6.844 ; exmem_latch:exmem_latch1|exmem_rd_o[3] ; fetch:fetch_stg|pc_next_o[11] ; clk_i        ; clk_i       ; 1.000        ; 0.144      ; 7.975      ;
; -6.843 ; exmem_latch:exmem_latch1|exmem_rd_o[2] ; fetch:fetch_stg|pc_next_o[3]  ; clk_i        ; clk_i       ; 1.000        ; 0.144      ; 7.974      ;
; -6.843 ; exmem_latch:exmem_latch1|exmem_rd_o[2] ; fetch:fetch_stg|pc_next_o[2]  ; clk_i        ; clk_i       ; 1.000        ; 0.144      ; 7.974      ;
; -6.843 ; exmem_latch:exmem_latch1|exmem_rd_o[2] ; fetch:fetch_stg|pc_next_o[6]  ; clk_i        ; clk_i       ; 1.000        ; 0.144      ; 7.974      ;
; -6.843 ; exmem_latch:exmem_latch1|exmem_rd_o[2] ; fetch:fetch_stg|pc_next_o[7]  ; clk_i        ; clk_i       ; 1.000        ; 0.144      ; 7.974      ;
; -6.843 ; exmem_latch:exmem_latch1|exmem_rd_o[2] ; fetch:fetch_stg|pc_next_o[5]  ; clk_i        ; clk_i       ; 1.000        ; 0.144      ; 7.974      ;
; -6.843 ; exmem_latch:exmem_latch1|exmem_rd_o[2] ; fetch:fetch_stg|pc_next_o[4]  ; clk_i        ; clk_i       ; 1.000        ; 0.144      ; 7.974      ;
; -6.843 ; exmem_latch:exmem_latch1|exmem_rd_o[2] ; fetch:fetch_stg|pc_next_o[9]  ; clk_i        ; clk_i       ; 1.000        ; 0.144      ; 7.974      ;
; -6.843 ; exmem_latch:exmem_latch1|exmem_rd_o[2] ; fetch:fetch_stg|pc_next_o[8]  ; clk_i        ; clk_i       ; 1.000        ; 0.144      ; 7.974      ;
; -6.843 ; exmem_latch:exmem_latch1|exmem_rd_o[2] ; fetch:fetch_stg|pc_next_o[10] ; clk_i        ; clk_i       ; 1.000        ; 0.144      ; 7.974      ;
; -6.843 ; exmem_latch:exmem_latch1|exmem_rd_o[2] ; fetch:fetch_stg|pc_next_o[12] ; clk_i        ; clk_i       ; 1.000        ; 0.144      ; 7.974      ;
; -6.843 ; exmem_latch:exmem_latch1|exmem_rd_o[2] ; fetch:fetch_stg|pc_next_o[11] ; clk_i        ; clk_i       ; 1.000        ; 0.144      ; 7.974      ;
; -6.771 ; rfex_latch:rfex_latch1|rfex_rs1_o[3]   ; fetch:fetch_stg|pc_next_o[14] ; clk_i        ; clk_i       ; 1.000        ; 0.139      ; 7.897      ;
; -6.771 ; rfex_latch:rfex_latch1|rfex_rs1_o[3]   ; fetch:fetch_stg|pc_next_o[13] ; clk_i        ; clk_i       ; 1.000        ; 0.139      ; 7.897      ;
; -6.771 ; rfex_latch:rfex_latch1|rfex_rs1_o[3]   ; fetch:fetch_stg|pc_next_o[15] ; clk_i        ; clk_i       ; 1.000        ; 0.139      ; 7.897      ;
; -6.771 ; rfex_latch:rfex_latch1|rfex_rs1_o[3]   ; fetch:fetch_stg|pc_next_o[16] ; clk_i        ; clk_i       ; 1.000        ; 0.139      ; 7.897      ;
; -6.771 ; rfex_latch:rfex_latch1|rfex_rs1_o[3]   ; fetch:fetch_stg|pc_next_o[24] ; clk_i        ; clk_i       ; 1.000        ; 0.139      ; 7.897      ;
; -6.771 ; rfex_latch:rfex_latch1|rfex_rs1_o[3]   ; fetch:fetch_stg|pc_next_o[17] ; clk_i        ; clk_i       ; 1.000        ; 0.139      ; 7.897      ;
; -6.771 ; rfex_latch:rfex_latch1|rfex_rs1_o[3]   ; fetch:fetch_stg|pc_next_o[18] ; clk_i        ; clk_i       ; 1.000        ; 0.139      ; 7.897      ;
; -6.771 ; rfex_latch:rfex_latch1|rfex_rs1_o[3]   ; fetch:fetch_stg|pc_next_o[19] ; clk_i        ; clk_i       ; 1.000        ; 0.139      ; 7.897      ;
; -6.771 ; rfex_latch:rfex_latch1|rfex_rs1_o[3]   ; fetch:fetch_stg|pc_next_o[20] ; clk_i        ; clk_i       ; 1.000        ; 0.139      ; 7.897      ;
; -6.771 ; rfex_latch:rfex_latch1|rfex_rs1_o[3]   ; fetch:fetch_stg|pc_next_o[21] ; clk_i        ; clk_i       ; 1.000        ; 0.139      ; 7.897      ;
; -6.771 ; rfex_latch:rfex_latch1|rfex_rs1_o[3]   ; fetch:fetch_stg|pc_next_o[22] ; clk_i        ; clk_i       ; 1.000        ; 0.139      ; 7.897      ;
; -6.771 ; rfex_latch:rfex_latch1|rfex_rs1_o[3]   ; fetch:fetch_stg|pc_next_o[23] ; clk_i        ; clk_i       ; 1.000        ; 0.139      ; 7.897      ;
; -6.771 ; rfex_latch:rfex_latch1|rfex_rs1_o[3]   ; fetch:fetch_stg|pc_next_o[25] ; clk_i        ; clk_i       ; 1.000        ; 0.139      ; 7.897      ;
; -6.771 ; rfex_latch:rfex_latch1|rfex_rs1_o[3]   ; fetch:fetch_stg|pc_next_o[26] ; clk_i        ; clk_i       ; 1.000        ; 0.139      ; 7.897      ;
; -6.771 ; rfex_latch:rfex_latch1|rfex_rs1_o[3]   ; fetch:fetch_stg|pc_next_o[27] ; clk_i        ; clk_i       ; 1.000        ; 0.139      ; 7.897      ;
; -6.771 ; rfex_latch:rfex_latch1|rfex_rs1_o[3]   ; fetch:fetch_stg|pc_next_o[28] ; clk_i        ; clk_i       ; 1.000        ; 0.139      ; 7.897      ;
; -6.760 ; rfex_latch:rfex_latch1|rfex_rs1_o[3]   ; fetch:fetch_stg|pc_next_o[3]  ; clk_i        ; clk_i       ; 1.000        ; 0.145      ; 7.892      ;
; -6.760 ; rfex_latch:rfex_latch1|rfex_rs1_o[3]   ; fetch:fetch_stg|pc_next_o[2]  ; clk_i        ; clk_i       ; 1.000        ; 0.145      ; 7.892      ;
; -6.760 ; rfex_latch:rfex_latch1|rfex_rs1_o[3]   ; fetch:fetch_stg|pc_next_o[6]  ; clk_i        ; clk_i       ; 1.000        ; 0.145      ; 7.892      ;
; -6.760 ; rfex_latch:rfex_latch1|rfex_rs1_o[3]   ; fetch:fetch_stg|pc_next_o[7]  ; clk_i        ; clk_i       ; 1.000        ; 0.145      ; 7.892      ;
; -6.760 ; rfex_latch:rfex_latch1|rfex_rs1_o[3]   ; fetch:fetch_stg|pc_next_o[5]  ; clk_i        ; clk_i       ; 1.000        ; 0.145      ; 7.892      ;
; -6.760 ; rfex_latch:rfex_latch1|rfex_rs1_o[3]   ; fetch:fetch_stg|pc_next_o[4]  ; clk_i        ; clk_i       ; 1.000        ; 0.145      ; 7.892      ;
; -6.760 ; rfex_latch:rfex_latch1|rfex_rs1_o[3]   ; fetch:fetch_stg|pc_next_o[9]  ; clk_i        ; clk_i       ; 1.000        ; 0.145      ; 7.892      ;
; -6.760 ; rfex_latch:rfex_latch1|rfex_rs1_o[3]   ; fetch:fetch_stg|pc_next_o[8]  ; clk_i        ; clk_i       ; 1.000        ; 0.145      ; 7.892      ;
; -6.760 ; rfex_latch:rfex_latch1|rfex_rs1_o[3]   ; fetch:fetch_stg|pc_next_o[10] ; clk_i        ; clk_i       ; 1.000        ; 0.145      ; 7.892      ;
; -6.760 ; rfex_latch:rfex_latch1|rfex_rs1_o[3]   ; fetch:fetch_stg|pc_next_o[12] ; clk_i        ; clk_i       ; 1.000        ; 0.145      ; 7.892      ;
; -6.760 ; rfex_latch:rfex_latch1|rfex_rs1_o[3]   ; fetch:fetch_stg|pc_next_o[11] ; clk_i        ; clk_i       ; 1.000        ; 0.145      ; 7.892      ;
; -6.732 ; exmem_latch:exmem_latch1|exmem_rd_o[1] ; fetch:fetch_stg|pc_next_o[14] ; clk_i        ; clk_i       ; 1.000        ; 0.138      ; 7.857      ;
; -6.732 ; exmem_latch:exmem_latch1|exmem_rd_o[1] ; fetch:fetch_stg|pc_next_o[13] ; clk_i        ; clk_i       ; 1.000        ; 0.138      ; 7.857      ;
; -6.732 ; exmem_latch:exmem_latch1|exmem_rd_o[1] ; fetch:fetch_stg|pc_next_o[15] ; clk_i        ; clk_i       ; 1.000        ; 0.138      ; 7.857      ;
; -6.732 ; exmem_latch:exmem_latch1|exmem_rd_o[1] ; fetch:fetch_stg|pc_next_o[16] ; clk_i        ; clk_i       ; 1.000        ; 0.138      ; 7.857      ;
; -6.732 ; exmem_latch:exmem_latch1|exmem_rd_o[1] ; fetch:fetch_stg|pc_next_o[24] ; clk_i        ; clk_i       ; 1.000        ; 0.138      ; 7.857      ;
; -6.732 ; exmem_latch:exmem_latch1|exmem_rd_o[1] ; fetch:fetch_stg|pc_next_o[17] ; clk_i        ; clk_i       ; 1.000        ; 0.138      ; 7.857      ;
; -6.732 ; exmem_latch:exmem_latch1|exmem_rd_o[1] ; fetch:fetch_stg|pc_next_o[18] ; clk_i        ; clk_i       ; 1.000        ; 0.138      ; 7.857      ;
; -6.732 ; exmem_latch:exmem_latch1|exmem_rd_o[1] ; fetch:fetch_stg|pc_next_o[19] ; clk_i        ; clk_i       ; 1.000        ; 0.138      ; 7.857      ;
; -6.732 ; exmem_latch:exmem_latch1|exmem_rd_o[1] ; fetch:fetch_stg|pc_next_o[20] ; clk_i        ; clk_i       ; 1.000        ; 0.138      ; 7.857      ;
; -6.732 ; exmem_latch:exmem_latch1|exmem_rd_o[1] ; fetch:fetch_stg|pc_next_o[21] ; clk_i        ; clk_i       ; 1.000        ; 0.138      ; 7.857      ;
; -6.732 ; exmem_latch:exmem_latch1|exmem_rd_o[1] ; fetch:fetch_stg|pc_next_o[22] ; clk_i        ; clk_i       ; 1.000        ; 0.138      ; 7.857      ;
; -6.732 ; exmem_latch:exmem_latch1|exmem_rd_o[1] ; fetch:fetch_stg|pc_next_o[23] ; clk_i        ; clk_i       ; 1.000        ; 0.138      ; 7.857      ;
; -6.732 ; exmem_latch:exmem_latch1|exmem_rd_o[1] ; fetch:fetch_stg|pc_next_o[25] ; clk_i        ; clk_i       ; 1.000        ; 0.138      ; 7.857      ;
; -6.732 ; exmem_latch:exmem_latch1|exmem_rd_o[1] ; fetch:fetch_stg|pc_next_o[26] ; clk_i        ; clk_i       ; 1.000        ; 0.138      ; 7.857      ;
; -6.732 ; exmem_latch:exmem_latch1|exmem_rd_o[1] ; fetch:fetch_stg|pc_next_o[27] ; clk_i        ; clk_i       ; 1.000        ; 0.138      ; 7.857      ;
; -6.732 ; exmem_latch:exmem_latch1|exmem_rd_o[1] ; fetch:fetch_stg|pc_next_o[28] ; clk_i        ; clk_i       ; 1.000        ; 0.138      ; 7.857      ;
; -6.721 ; exmem_latch:exmem_latch1|exmem_rd_o[1] ; fetch:fetch_stg|pc_next_o[3]  ; clk_i        ; clk_i       ; 1.000        ; 0.144      ; 7.852      ;
; -6.721 ; exmem_latch:exmem_latch1|exmem_rd_o[1] ; fetch:fetch_stg|pc_next_o[2]  ; clk_i        ; clk_i       ; 1.000        ; 0.144      ; 7.852      ;
; -6.721 ; exmem_latch:exmem_latch1|exmem_rd_o[1] ; fetch:fetch_stg|pc_next_o[6]  ; clk_i        ; clk_i       ; 1.000        ; 0.144      ; 7.852      ;
+--------+----------------------------------------+-------------------------------+--------------+-------------+--------------+------------+------------+


+---------------------------------------------------------------------------------------------------------------------------------------------------------------------------------------------------------------------------------+
; Fast 1200mV 0C Model Hold: 'clk_i'                                                                                                                                                                                              ;
+-------+-----------------------------------+---------------------------------------------------------------------------------------------------------------+--------------+-------------+--------------+------------+------------+
; Slack ; From Node                         ; To Node                                                                                                       ; Launch Clock ; Latch Clock ; Relationship ; Clock Skew ; Data Delay ;
+-------+-----------------------------------+---------------------------------------------------------------------------------------------------------------+--------------+-------------+--------------+------------+------------+
; 0.110 ; IFID_Latch:ifid_latch1|inst_o[18] ; regfile:register_read_stg|altsyncram:GPR_rtl_0|altsyncram_uni1:auto_generated|ram_block1a0~portb_address_reg0 ; clk_i        ; clk_i       ; 0.000        ; 0.224      ; 0.438      ;
; 0.116 ; IFID_Latch:ifid_latch1|inst_o[21] ; regfile:register_read_stg|altsyncram:GPR_rtl_1|altsyncram_uni1:auto_generated|ram_block1a0~portb_address_reg0 ; clk_i        ; clk_i       ; 0.000        ; 0.224      ; 0.444      ;
; 0.120 ; IFID_Latch:ifid_latch1|inst_o[16] ; regfile:register_read_stg|altsyncram:GPR_rtl_0|altsyncram_uni1:auto_generated|ram_block1a0~portb_address_reg0 ; clk_i        ; clk_i       ; 0.000        ; 0.224      ; 0.448      ;
; 0.120 ; IFID_Latch:ifid_latch1|inst_o[19] ; regfile:register_read_stg|altsyncram:GPR_rtl_0|altsyncram_uni1:auto_generated|ram_block1a0~portb_address_reg0 ; clk_i        ; clk_i       ; 0.000        ; 0.223      ; 0.447      ;
; 0.173 ; fetch:fetch_stg|pc_next_o[1]      ; fetch:fetch_stg|pc_next_o[1]                                                                                  ; clk_i        ; clk_i       ; 0.000        ; 0.050      ; 0.307      ;
; 0.183 ; dcache:memaccess_stage|valid[176] ; dcache:memaccess_stage|valid[176]                                                                             ; clk_i        ; clk_i       ; 0.000        ; 0.040      ; 0.307      ;
; 0.183 ; dcache:memaccess_stage|valid[240] ; dcache:memaccess_stage|valid[240]                                                                             ; clk_i        ; clk_i       ; 0.000        ; 0.040      ; 0.307      ;
; 0.183 ; dcache:memaccess_stage|valid[160] ; dcache:memaccess_stage|valid[160]                                                                             ; clk_i        ; clk_i       ; 0.000        ; 0.040      ; 0.307      ;
; 0.183 ; dcache:memaccess_stage|valid[224] ; dcache:memaccess_stage|valid[224]                                                                             ; clk_i        ; clk_i       ; 0.000        ; 0.040      ; 0.307      ;
; 0.183 ; dcache:memaccess_stage|valid[192] ; dcache:memaccess_stage|valid[192]                                                                             ; clk_i        ; clk_i       ; 0.000        ; 0.040      ; 0.307      ;
; 0.183 ; dcache:memaccess_stage|valid[128] ; dcache:memaccess_stage|valid[128]                                                                             ; clk_i        ; clk_i       ; 0.000        ; 0.040      ; 0.307      ;
; 0.183 ; dcache:memaccess_stage|valid[208] ; dcache:memaccess_stage|valid[208]                                                                             ; clk_i        ; clk_i       ; 0.000        ; 0.040      ; 0.307      ;
; 0.183 ; dcache:memaccess_stage|valid[144] ; dcache:memaccess_stage|valid[144]                                                                             ; clk_i        ; clk_i       ; 0.000        ; 0.040      ; 0.307      ;
; 0.183 ; dcache:memaccess_stage|valid[96]  ; dcache:memaccess_stage|valid[96]                                                                              ; clk_i        ; clk_i       ; 0.000        ; 0.040      ; 0.307      ;
; 0.183 ; dcache:memaccess_stage|valid[32]  ; dcache:memaccess_stage|valid[32]                                                                              ; clk_i        ; clk_i       ; 0.000        ; 0.040      ; 0.307      ;
; 0.183 ; dcache:memaccess_stage|valid[0]   ; dcache:memaccess_stage|valid[0]                                                                               ; clk_i        ; clk_i       ; 0.000        ; 0.040      ; 0.307      ;
; 0.183 ; dcache:memaccess_stage|valid[64]  ; dcache:memaccess_stage|valid[64]                                                                              ; clk_i        ; clk_i       ; 0.000        ; 0.040      ; 0.307      ;
; 0.183 ; dcache:memaccess_stage|valid[48]  ; dcache:memaccess_stage|valid[48]                                                                              ; clk_i        ; clk_i       ; 0.000        ; 0.040      ; 0.307      ;
; 0.183 ; dcache:memaccess_stage|valid[112] ; dcache:memaccess_stage|valid[112]                                                                             ; clk_i        ; clk_i       ; 0.000        ; 0.040      ; 0.307      ;
; 0.183 ; dcache:memaccess_stage|valid[80]  ; dcache:memaccess_stage|valid[80]                                                                              ; clk_i        ; clk_i       ; 0.000        ; 0.040      ; 0.307      ;
; 0.183 ; dcache:memaccess_stage|valid[16]  ; dcache:memaccess_stage|valid[16]                                                                              ; clk_i        ; clk_i       ; 0.000        ; 0.040      ; 0.307      ;
; 0.183 ; dcache:memaccess_stage|valid[72]  ; dcache:memaccess_stage|valid[72]                                                                              ; clk_i        ; clk_i       ; 0.000        ; 0.040      ; 0.307      ;
; 0.183 ; dcache:memaccess_stage|valid[88]  ; dcache:memaccess_stage|valid[88]                                                                              ; clk_i        ; clk_i       ; 0.000        ; 0.040      ; 0.307      ;
; 0.183 ; dcache:memaccess_stage|valid[56]  ; dcache:memaccess_stage|valid[56]                                                                              ; clk_i        ; clk_i       ; 0.000        ; 0.040      ; 0.307      ;
; 0.183 ; dcache:memaccess_stage|valid[24]  ; dcache:memaccess_stage|valid[24]                                                                              ; clk_i        ; clk_i       ; 0.000        ; 0.040      ; 0.307      ;
; 0.183 ; dcache:memaccess_stage|valid[120] ; dcache:memaccess_stage|valid[120]                                                                             ; clk_i        ; clk_i       ; 0.000        ; 0.040      ; 0.307      ;
; 0.183 ; dcache:memaccess_stage|valid[200] ; dcache:memaccess_stage|valid[200]                                                                             ; clk_i        ; clk_i       ; 0.000        ; 0.040      ; 0.307      ;
; 0.183 ; dcache:memaccess_stage|valid[232] ; dcache:memaccess_stage|valid[232]                                                                             ; clk_i        ; clk_i       ; 0.000        ; 0.040      ; 0.307      ;
; 0.183 ; dcache:memaccess_stage|valid[216] ; dcache:memaccess_stage|valid[216]                                                                             ; clk_i        ; clk_i       ; 0.000        ; 0.040      ; 0.307      ;
; 0.183 ; dcache:memaccess_stage|valid[248] ; dcache:memaccess_stage|valid[248]                                                                             ; clk_i        ; clk_i       ; 0.000        ; 0.040      ; 0.307      ;
; 0.183 ; dcache:memaccess_stage|valid[152] ; dcache:memaccess_stage|valid[152]                                                                             ; clk_i        ; clk_i       ; 0.000        ; 0.040      ; 0.307      ;
; 0.183 ; dcache:memaccess_stage|valid[184] ; dcache:memaccess_stage|valid[184]                                                                             ; clk_i        ; clk_i       ; 0.000        ; 0.040      ; 0.307      ;
; 0.183 ; dcache:memaccess_stage|valid[180] ; dcache:memaccess_stage|valid[180]                                                                             ; clk_i        ; clk_i       ; 0.000        ; 0.040      ; 0.307      ;
; 0.183 ; dcache:memaccess_stage|valid[244] ; dcache:memaccess_stage|valid[244]                                                                             ; clk_i        ; clk_i       ; 0.000        ; 0.040      ; 0.307      ;
; 0.183 ; dcache:memaccess_stage|valid[164] ; dcache:memaccess_stage|valid[164]                                                                             ; clk_i        ; clk_i       ; 0.000        ; 0.040      ; 0.307      ;
; 0.183 ; dcache:memaccess_stage|valid[228] ; dcache:memaccess_stage|valid[228]                                                                             ; clk_i        ; clk_i       ; 0.000        ; 0.040      ; 0.307      ;
; 0.183 ; dcache:memaccess_stage|valid[196] ; dcache:memaccess_stage|valid[196]                                                                             ; clk_i        ; clk_i       ; 0.000        ; 0.040      ; 0.307      ;
; 0.183 ; dcache:memaccess_stage|valid[132] ; dcache:memaccess_stage|valid[132]                                                                             ; clk_i        ; clk_i       ; 0.000        ; 0.040      ; 0.307      ;
; 0.183 ; dcache:memaccess_stage|valid[212] ; dcache:memaccess_stage|valid[212]                                                                             ; clk_i        ; clk_i       ; 0.000        ; 0.040      ; 0.307      ;
; 0.183 ; dcache:memaccess_stage|valid[148] ; dcache:memaccess_stage|valid[148]                                                                             ; clk_i        ; clk_i       ; 0.000        ; 0.040      ; 0.307      ;
; 0.183 ; dcache:memaccess_stage|valid[36]  ; dcache:memaccess_stage|valid[36]                                                                              ; clk_i        ; clk_i       ; 0.000        ; 0.040      ; 0.307      ;
; 0.183 ; dcache:memaccess_stage|valid[100] ; dcache:memaccess_stage|valid[100]                                                                             ; clk_i        ; clk_i       ; 0.000        ; 0.040      ; 0.307      ;
; 0.183 ; dcache:memaccess_stage|valid[68]  ; dcache:memaccess_stage|valid[68]                                                                              ; clk_i        ; clk_i       ; 0.000        ; 0.040      ; 0.307      ;
; 0.183 ; dcache:memaccess_stage|valid[4]   ; dcache:memaccess_stage|valid[4]                                                                               ; clk_i        ; clk_i       ; 0.000        ; 0.040      ; 0.307      ;
; 0.183 ; dcache:memaccess_stage|valid[116] ; dcache:memaccess_stage|valid[116]                                                                             ; clk_i        ; clk_i       ; 0.000        ; 0.040      ; 0.307      ;
; 0.183 ; dcache:memaccess_stage|valid[52]  ; dcache:memaccess_stage|valid[52]                                                                              ; clk_i        ; clk_i       ; 0.000        ; 0.040      ; 0.307      ;
; 0.183 ; dcache:memaccess_stage|valid[84]  ; dcache:memaccess_stage|valid[84]                                                                              ; clk_i        ; clk_i       ; 0.000        ; 0.040      ; 0.307      ;
; 0.183 ; dcache:memaccess_stage|valid[20]  ; dcache:memaccess_stage|valid[20]                                                                              ; clk_i        ; clk_i       ; 0.000        ; 0.040      ; 0.307      ;
; 0.183 ; dcache:memaccess_stage|valid[92]  ; dcache:memaccess_stage|valid[92]                                                                              ; clk_i        ; clk_i       ; 0.000        ; 0.040      ; 0.307      ;
; 0.183 ; dcache:memaccess_stage|valid[28]  ; dcache:memaccess_stage|valid[28]                                                                              ; clk_i        ; clk_i       ; 0.000        ; 0.040      ; 0.307      ;
; 0.183 ; dcache:memaccess_stage|valid[60]  ; dcache:memaccess_stage|valid[60]                                                                              ; clk_i        ; clk_i       ; 0.000        ; 0.040      ; 0.307      ;
; 0.183 ; dcache:memaccess_stage|valid[124] ; dcache:memaccess_stage|valid[124]                                                                             ; clk_i        ; clk_i       ; 0.000        ; 0.040      ; 0.307      ;
; 0.183 ; dcache:memaccess_stage|valid[204] ; dcache:memaccess_stage|valid[204]                                                                             ; clk_i        ; clk_i       ; 0.000        ; 0.040      ; 0.307      ;
; 0.183 ; dcache:memaccess_stage|valid[246] ; dcache:memaccess_stage|valid[246]                                                                             ; clk_i        ; clk_i       ; 0.000        ; 0.040      ; 0.307      ;
; 0.183 ; dcache:memaccess_stage|valid[182] ; dcache:memaccess_stage|valid[182]                                                                             ; clk_i        ; clk_i       ; 0.000        ; 0.040      ; 0.307      ;
; 0.183 ; dcache:memaccess_stage|valid[198] ; dcache:memaccess_stage|valid[198]                                                                             ; clk_i        ; clk_i       ; 0.000        ; 0.040      ; 0.307      ;
; 0.183 ; dcache:memaccess_stage|valid[134] ; dcache:memaccess_stage|valid[134]                                                                             ; clk_i        ; clk_i       ; 0.000        ; 0.040      ; 0.307      ;
; 0.183 ; dcache:memaccess_stage|valid[214] ; dcache:memaccess_stage|valid[214]                                                                             ; clk_i        ; clk_i       ; 0.000        ; 0.040      ; 0.307      ;
; 0.183 ; dcache:memaccess_stage|valid[150] ; dcache:memaccess_stage|valid[150]                                                                             ; clk_i        ; clk_i       ; 0.000        ; 0.040      ; 0.307      ;
; 0.183 ; dcache:memaccess_stage|valid[70]  ; dcache:memaccess_stage|valid[70]                                                                              ; clk_i        ; clk_i       ; 0.000        ; 0.040      ; 0.307      ;
; 0.183 ; dcache:memaccess_stage|valid[54]  ; dcache:memaccess_stage|valid[54]                                                                              ; clk_i        ; clk_i       ; 0.000        ; 0.040      ; 0.307      ;
; 0.183 ; dcache:memaccess_stage|valid[118] ; dcache:memaccess_stage|valid[118]                                                                             ; clk_i        ; clk_i       ; 0.000        ; 0.040      ; 0.307      ;
; 0.183 ; dcache:memaccess_stage|valid[22]  ; dcache:memaccess_stage|valid[22]                                                                              ; clk_i        ; clk_i       ; 0.000        ; 0.040      ; 0.307      ;
; 0.183 ; dcache:memaccess_stage|valid[86]  ; dcache:memaccess_stage|valid[86]                                                                              ; clk_i        ; clk_i       ; 0.000        ; 0.040      ; 0.307      ;
; 0.183 ; dcache:memaccess_stage|valid[46]  ; dcache:memaccess_stage|valid[46]                                                                              ; clk_i        ; clk_i       ; 0.000        ; 0.040      ; 0.307      ;
; 0.183 ; dcache:memaccess_stage|valid[110] ; dcache:memaccess_stage|valid[110]                                                                             ; clk_i        ; clk_i       ; 0.000        ; 0.040      ; 0.307      ;
; 0.183 ; dcache:memaccess_stage|valid[238] ; dcache:memaccess_stage|valid[238]                                                                             ; clk_i        ; clk_i       ; 0.000        ; 0.040      ; 0.307      ;
; 0.183 ; dcache:memaccess_stage|valid[242] ; dcache:memaccess_stage|valid[242]                                                                             ; clk_i        ; clk_i       ; 0.000        ; 0.040      ; 0.307      ;
; 0.183 ; dcache:memaccess_stage|valid[178] ; dcache:memaccess_stage|valid[178]                                                                             ; clk_i        ; clk_i       ; 0.000        ; 0.040      ; 0.307      ;
; 0.183 ; dcache:memaccess_stage|valid[194] ; dcache:memaccess_stage|valid[194]                                                                             ; clk_i        ; clk_i       ; 0.000        ; 0.040      ; 0.307      ;
; 0.183 ; dcache:memaccess_stage|valid[130] ; dcache:memaccess_stage|valid[130]                                                                             ; clk_i        ; clk_i       ; 0.000        ; 0.040      ; 0.307      ;
; 0.183 ; dcache:memaccess_stage|valid[210] ; dcache:memaccess_stage|valid[210]                                                                             ; clk_i        ; clk_i       ; 0.000        ; 0.040      ; 0.307      ;
; 0.183 ; dcache:memaccess_stage|valid[146] ; dcache:memaccess_stage|valid[146]                                                                             ; clk_i        ; clk_i       ; 0.000        ; 0.040      ; 0.307      ;
; 0.183 ; dcache:memaccess_stage|valid[66]  ; dcache:memaccess_stage|valid[66]                                                                              ; clk_i        ; clk_i       ; 0.000        ; 0.040      ; 0.307      ;
; 0.183 ; dcache:memaccess_stage|valid[2]   ; dcache:memaccess_stage|valid[2]                                                                               ; clk_i        ; clk_i       ; 0.000        ; 0.040      ; 0.307      ;
; 0.183 ; dcache:memaccess_stage|valid[50]  ; dcache:memaccess_stage|valid[50]                                                                              ; clk_i        ; clk_i       ; 0.000        ; 0.040      ; 0.307      ;
; 0.183 ; dcache:memaccess_stage|valid[114] ; dcache:memaccess_stage|valid[114]                                                                             ; clk_i        ; clk_i       ; 0.000        ; 0.040      ; 0.307      ;
; 0.183 ; dcache:memaccess_stage|valid[18]  ; dcache:memaccess_stage|valid[18]                                                                              ; clk_i        ; clk_i       ; 0.000        ; 0.040      ; 0.307      ;
; 0.183 ; dcache:memaccess_stage|valid[82]  ; dcache:memaccess_stage|valid[82]                                                                              ; clk_i        ; clk_i       ; 0.000        ; 0.040      ; 0.307      ;
; 0.183 ; dcache:memaccess_stage|valid[195] ; dcache:memaccess_stage|valid[195]                                                                             ; clk_i        ; clk_i       ; 0.000        ; 0.040      ; 0.307      ;
; 0.183 ; dcache:memaccess_stage|valid[211] ; dcache:memaccess_stage|valid[211]                                                                             ; clk_i        ; clk_i       ; 0.000        ; 0.040      ; 0.307      ;
; 0.183 ; dcache:memaccess_stage|valid[131] ; dcache:memaccess_stage|valid[131]                                                                             ; clk_i        ; clk_i       ; 0.000        ; 0.040      ; 0.307      ;
; 0.183 ; dcache:memaccess_stage|valid[147] ; dcache:memaccess_stage|valid[147]                                                                             ; clk_i        ; clk_i       ; 0.000        ; 0.040      ; 0.307      ;
; 0.183 ; dcache:memaccess_stage|valid[179] ; dcache:memaccess_stage|valid[179]                                                                             ; clk_i        ; clk_i       ; 0.000        ; 0.040      ; 0.307      ;
; 0.183 ; dcache:memaccess_stage|valid[3]   ; dcache:memaccess_stage|valid[3]                                                                               ; clk_i        ; clk_i       ; 0.000        ; 0.040      ; 0.307      ;
; 0.183 ; dcache:memaccess_stage|valid[67]  ; dcache:memaccess_stage|valid[67]                                                                              ; clk_i        ; clk_i       ; 0.000        ; 0.040      ; 0.307      ;
; 0.183 ; dcache:memaccess_stage|valid[19]  ; dcache:memaccess_stage|valid[19]                                                                              ; clk_i        ; clk_i       ; 0.000        ; 0.040      ; 0.307      ;
; 0.183 ; dcache:memaccess_stage|valid[83]  ; dcache:memaccess_stage|valid[83]                                                                              ; clk_i        ; clk_i       ; 0.000        ; 0.040      ; 0.307      ;
; 0.183 ; dcache:memaccess_stage|valid[193] ; dcache:memaccess_stage|valid[193]                                                                             ; clk_i        ; clk_i       ; 0.000        ; 0.040      ; 0.307      ;
; 0.183 ; dcache:memaccess_stage|valid[209] ; dcache:memaccess_stage|valid[209]                                                                             ; clk_i        ; clk_i       ; 0.000        ; 0.040      ; 0.307      ;
; 0.183 ; dcache:memaccess_stage|valid[145] ; dcache:memaccess_stage|valid[145]                                                                             ; clk_i        ; clk_i       ; 0.000        ; 0.040      ; 0.307      ;
; 0.183 ; dcache:memaccess_stage|valid[129] ; dcache:memaccess_stage|valid[129]                                                                             ; clk_i        ; clk_i       ; 0.000        ; 0.040      ; 0.307      ;
; 0.183 ; dcache:memaccess_stage|valid[65]  ; dcache:memaccess_stage|valid[65]                                                                              ; clk_i        ; clk_i       ; 0.000        ; 0.040      ; 0.307      ;
; 0.183 ; dcache:memaccess_stage|valid[1]   ; dcache:memaccess_stage|valid[1]                                                                               ; clk_i        ; clk_i       ; 0.000        ; 0.040      ; 0.307      ;
; 0.183 ; dcache:memaccess_stage|valid[81]  ; dcache:memaccess_stage|valid[81]                                                                              ; clk_i        ; clk_i       ; 0.000        ; 0.040      ; 0.307      ;
; 0.183 ; dcache:memaccess_stage|valid[17]  ; dcache:memaccess_stage|valid[17]                                                                              ; clk_i        ; clk_i       ; 0.000        ; 0.040      ; 0.307      ;
; 0.183 ; dcache:memaccess_stage|valid[89]  ; dcache:memaccess_stage|valid[89]                                                                              ; clk_i        ; clk_i       ; 0.000        ; 0.040      ; 0.307      ;
; 0.183 ; dcache:memaccess_stage|valid[57]  ; dcache:memaccess_stage|valid[57]                                                                              ; clk_i        ; clk_i       ; 0.000        ; 0.040      ; 0.307      ;
; 0.183 ; dcache:memaccess_stage|valid[25]  ; dcache:memaccess_stage|valid[25]                                                                              ; clk_i        ; clk_i       ; 0.000        ; 0.040      ; 0.307      ;
; 0.183 ; dcache:memaccess_stage|valid[121] ; dcache:memaccess_stage|valid[121]                                                                             ; clk_i        ; clk_i       ; 0.000        ; 0.040      ; 0.307      ;
+-------+-----------------------------------+---------------------------------------------------------------------------------------------------------------+--------------+-------------+--------------+------------+------------+


----------------------------------------------
; Fast 1200mV 0C Model Metastability Summary ;
----------------------------------------------
No synchronizer chains to report.


+-----------------------------------------------------------------------------------+
; Multicorner Timing Analysis Summary                                               ;
+------------------+-------------+-------+----------+---------+---------------------+
; Clock            ; Setup       ; Hold  ; Recovery ; Removal ; Minimum Pulse Width ;
+------------------+-------------+-------+----------+---------+---------------------+
; Worst-case Slack ; -14.638     ; 0.110 ; N/A      ; N/A     ; -3.000              ;
;  clk_i           ; -14.638     ; 0.110 ; N/A      ; N/A     ; -3.000              ;
; Design-wide TNS  ; -116233.413 ; 0.0   ; 0.0      ; 0.0     ; -21151.229          ;
;  clk_i           ; -116233.413 ; 0.000 ; N/A      ; N/A     ; -21151.229          ;
+------------------+-------------+-------+----------+---------+---------------------+


+------------------------------------------------------------------------------------------------------------------------------------------------------------------------------------------------------------------------------------------------------------------------------------------------------------------------------------------------------------------------------------------------------------------+
; Board Trace Model Assignments                                                                                                                                                                                                                                                                                                                                                                                    ;
+---------------+--------------+-------------------+-------------------------+-------------------------+---------------+---------------------+----------------+------------------+--------+------------------+------------------------+------------------------+--------------+---------------+-----------------+-------+---------------------+--------------------+---------------+-----------------+-------------+
; Pin           ; I/O Standard ; Near Tline Length ; Near Tline L per Length ; Near Tline C per Length ; Near Series R ; Near Differential R ; Near Pull-up R ; Near Pull-down R ; Near C ; Far Tline Length ; Far Tline L per Length ; Far Tline C per Length ; Far Series R ; Far Pull-up R ; Far Pull-down R ; Far C ; Termination Voltage ; Far Differential R ; EBD File Name ; EBD Signal Name ; EBD Far-end ;
+---------------+--------------+-------------------+-------------------------+-------------------------+---------------+---------------------+----------------+------------------+--------+------------------+------------------------+------------------------+--------------+---------------+-----------------+-------+---------------------+--------------------+---------------+-----------------+-------------+
; monitor_o[0]  ; 2.5 V        ; 0 in              ; 0 H/in                  ; 0 F/in                  ; short         ; -                   ; open           ; open             ; open   ; 0 in             ; 0 H/in                 ; 0 F/in                 ; short        ; open          ; open            ; open  ; 0 V                 ; -                  ; n/a           ; n/a             ; n/a         ;
; monitor_o[1]  ; 2.5 V        ; 0 in              ; 0 H/in                  ; 0 F/in                  ; short         ; -                   ; open           ; open             ; open   ; 0 in             ; 0 H/in                 ; 0 F/in                 ; short        ; open          ; open            ; open  ; 0 V                 ; -                  ; n/a           ; n/a             ; n/a         ;
; monitor_o[2]  ; 2.5 V        ; 0 in              ; 0 H/in                  ; 0 F/in                  ; short         ; -                   ; open           ; open             ; open   ; 0 in             ; 0 H/in                 ; 0 F/in                 ; short        ; open          ; open            ; open  ; 0 V                 ; -                  ; n/a           ; n/a             ; n/a         ;
; monitor_o[3]  ; 2.5 V        ; 0 in              ; 0 H/in                  ; 0 F/in                  ; short         ; -                   ; open           ; open             ; open   ; 0 in             ; 0 H/in                 ; 0 F/in                 ; short        ; open          ; open            ; open  ; 0 V                 ; -                  ; n/a           ; n/a             ; n/a         ;
; monitor_o[4]  ; 2.5 V        ; 0 in              ; 0 H/in                  ; 0 F/in                  ; short         ; -                   ; open           ; open             ; open   ; 0 in             ; 0 H/in                 ; 0 F/in                 ; short        ; open          ; open            ; open  ; 0 V                 ; -                  ; n/a           ; n/a             ; n/a         ;
; monitor_o[5]  ; 2.5 V        ; 0 in              ; 0 H/in                  ; 0 F/in                  ; short         ; -                   ; open           ; open             ; open   ; 0 in             ; 0 H/in                 ; 0 F/in                 ; short        ; open          ; open            ; open  ; 0 V                 ; -                  ; n/a           ; n/a             ; n/a         ;
; monitor_o[6]  ; 2.5 V        ; 0 in              ; 0 H/in                  ; 0 F/in                  ; short         ; -                   ; open           ; open             ; open   ; 0 in             ; 0 H/in                 ; 0 F/in                 ; short        ; open          ; open            ; open  ; 0 V                 ; -                  ; n/a           ; n/a             ; n/a         ;
; monitor_o[7]  ; 2.5 V        ; 0 in              ; 0 H/in                  ; 0 F/in                  ; short         ; -                   ; open           ; open             ; open   ; 0 in             ; 0 H/in                 ; 0 F/in                 ; short        ; open          ; open            ; open  ; 0 V                 ; -                  ; n/a           ; n/a             ; n/a         ;
; monitor_o[8]  ; 2.5 V        ; 0 in              ; 0 H/in                  ; 0 F/in                  ; short         ; -                   ; open           ; open             ; open   ; 0 in             ; 0 H/in                 ; 0 F/in                 ; short        ; open          ; open            ; open  ; 0 V                 ; -                  ; n/a           ; n/a             ; n/a         ;
; monitor_o[9]  ; 2.5 V        ; 0 in              ; 0 H/in                  ; 0 F/in                  ; short         ; -                   ; open           ; open             ; open   ; 0 in             ; 0 H/in                 ; 0 F/in                 ; short        ; open          ; open            ; open  ; 0 V                 ; -                  ; n/a           ; n/a             ; n/a         ;
; monitor_o[10] ; 2.5 V        ; 0 in              ; 0 H/in                  ; 0 F/in                  ; short         ; -                   ; open           ; open             ; open   ; 0 in             ; 0 H/in                 ; 0 F/in                 ; short        ; open          ; open            ; open  ; 0 V                 ; -                  ; n/a           ; n/a             ; n/a         ;
; monitor_o[11] ; 2.5 V        ; 0 in              ; 0 H/in                  ; 0 F/in                  ; short         ; -                   ; open           ; open             ; open   ; 0 in             ; 0 H/in                 ; 0 F/in                 ; short        ; open          ; open            ; open  ; 0 V                 ; -                  ; n/a           ; n/a             ; n/a         ;
; monitor_o[12] ; 2.5 V        ; 0 in              ; 0 H/in                  ; 0 F/in                  ; short         ; -                   ; open           ; open             ; open   ; 0 in             ; 0 H/in                 ; 0 F/in                 ; short        ; open          ; open            ; open  ; 0 V                 ; -                  ; n/a           ; n/a             ; n/a         ;
; monitor_o[13] ; 2.5 V        ; 0 in              ; 0 H/in                  ; 0 F/in                  ; short         ; -                   ; open           ; open             ; open   ; 0 in             ; 0 H/in                 ; 0 F/in                 ; short        ; open          ; open            ; open  ; 0 V                 ; -                  ; n/a           ; n/a             ; n/a         ;
; monitor_o[14] ; 2.5 V        ; 0 in              ; 0 H/in                  ; 0 F/in                  ; short         ; -                   ; open           ; open             ; open   ; 0 in             ; 0 H/in                 ; 0 F/in                 ; short        ; open          ; open            ; open  ; 0 V                 ; -                  ; n/a           ; n/a             ; n/a         ;
; monitor_o[15] ; 2.5 V        ; 0 in              ; 0 H/in                  ; 0 F/in                  ; short         ; -                   ; open           ; open             ; open   ; 0 in             ; 0 H/in                 ; 0 F/in                 ; short        ; open          ; open            ; open  ; 0 V                 ; -                  ; n/a           ; n/a             ; n/a         ;
; monitor_o[16] ; 2.5 V        ; 0 in              ; 0 H/in                  ; 0 F/in                  ; short         ; -                   ; open           ; open             ; open   ; 0 in             ; 0 H/in                 ; 0 F/in                 ; short        ; open          ; open            ; open  ; 0 V                 ; -                  ; n/a           ; n/a             ; n/a         ;
; monitor_o[17] ; 2.5 V        ; 0 in              ; 0 H/in                  ; 0 F/in                  ; short         ; -                   ; open           ; open             ; open   ; 0 in             ; 0 H/in                 ; 0 F/in                 ; short        ; open          ; open            ; open  ; 0 V                 ; -                  ; n/a           ; n/a             ; n/a         ;
; monitor_o[18] ; 2.5 V        ; 0 in              ; 0 H/in                  ; 0 F/in                  ; short         ; -                   ; open           ; open             ; open   ; 0 in             ; 0 H/in                 ; 0 F/in                 ; short        ; open          ; open            ; open  ; 0 V                 ; -                  ; n/a           ; n/a             ; n/a         ;
; monitor_o[19] ; 2.5 V        ; 0 in              ; 0 H/in                  ; 0 F/in                  ; short         ; -                   ; open           ; open             ; open   ; 0 in             ; 0 H/in                 ; 0 F/in                 ; short        ; open          ; open            ; open  ; 0 V                 ; -                  ; n/a           ; n/a             ; n/a         ;
; monitor_o[20] ; 2.5 V        ; 0 in              ; 0 H/in                  ; 0 F/in                  ; short         ; -                   ; open           ; open             ; open   ; 0 in             ; 0 H/in                 ; 0 F/in                 ; short        ; open          ; open            ; open  ; 0 V                 ; -                  ; n/a           ; n/a             ; n/a         ;
; monitor_o[21] ; 2.5 V        ; 0 in              ; 0 H/in                  ; 0 F/in                  ; short         ; -                   ; open           ; open             ; open   ; 0 in             ; 0 H/in                 ; 0 F/in                 ; short        ; open          ; open            ; open  ; 0 V                 ; -                  ; n/a           ; n/a             ; n/a         ;
; monitor_o[22] ; 2.5 V        ; 0 in              ; 0 H/in                  ; 0 F/in                  ; short         ; -                   ; open           ; open             ; open   ; 0 in             ; 0 H/in                 ; 0 F/in                 ; short        ; open          ; open            ; open  ; 0 V                 ; -                  ; n/a           ; n/a             ; n/a         ;
; monitor_o[23] ; 2.5 V        ; 0 in              ; 0 H/in                  ; 0 F/in                  ; short         ; -                   ; open           ; open             ; open   ; 0 in             ; 0 H/in                 ; 0 F/in                 ; short        ; open          ; open            ; open  ; 0 V                 ; -                  ; n/a           ; n/a             ; n/a         ;
; monitor_o[24] ; 2.5 V        ; 0 in              ; 0 H/in                  ; 0 F/in                  ; short         ; -                   ; open           ; open             ; open   ; 0 in             ; 0 H/in                 ; 0 F/in                 ; short        ; open          ; open            ; open  ; 0 V                 ; -                  ; n/a           ; n/a             ; n/a         ;
; monitor_o[25] ; 2.5 V        ; 0 in              ; 0 H/in                  ; 0 F/in                  ; short         ; -                   ; open           ; open             ; open   ; 0 in             ; 0 H/in                 ; 0 F/in                 ; short        ; open          ; open            ; open  ; 0 V                 ; -                  ; n/a           ; n/a             ; n/a         ;
; monitor_o[26] ; 2.5 V        ; 0 in              ; 0 H/in                  ; 0 F/in                  ; short         ; -                   ; open           ; open             ; open   ; 0 in             ; 0 H/in                 ; 0 F/in                 ; short        ; open          ; open            ; open  ; 0 V                 ; -                  ; n/a           ; n/a             ; n/a         ;
; monitor_o[27] ; 2.5 V        ; 0 in              ; 0 H/in                  ; 0 F/in                  ; short         ; -                   ; open           ; open             ; open   ; 0 in             ; 0 H/in                 ; 0 F/in                 ; short        ; open          ; open            ; open  ; 0 V                 ; -                  ; n/a           ; n/a             ; n/a         ;
; monitor_o[28] ; 2.5 V        ; 0 in              ; 0 H/in                  ; 0 F/in                  ; short         ; -                   ; open           ; open             ; open   ; 0 in             ; 0 H/in                 ; 0 F/in                 ; short        ; open          ; open            ; open  ; 0 V                 ; -                  ; n/a           ; n/a             ; n/a         ;
; monitor_o[29] ; 2.5 V        ; 0 in              ; 0 H/in                  ; 0 F/in                  ; short         ; -                   ; open           ; open             ; open   ; 0 in             ; 0 H/in                 ; 0 F/in                 ; short        ; open          ; open            ; open  ; 0 V                 ; -                  ; n/a           ; n/a             ; n/a         ;
; monitor_o[30] ; 2.5 V        ; 0 in              ; 0 H/in                  ; 0 F/in                  ; short         ; -                   ; open           ; open             ; open   ; 0 in             ; 0 H/in                 ; 0 F/in                 ; short        ; open          ; open            ; open  ; 0 V                 ; -                  ; n/a           ; n/a             ; n/a         ;
; monitor_o[31] ; 2.5 V        ; 0 in              ; 0 H/in                  ; 0 F/in                  ; short         ; -                   ; open           ; open             ; open   ; 0 in             ; 0 H/in                 ; 0 F/in                 ; short        ; open          ; open            ; open  ; 0 V                 ; -                  ; n/a           ; n/a             ; n/a         ;
; monitor_o[32] ; 2.5 V        ; 0 in              ; 0 H/in                  ; 0 F/in                  ; short         ; -                   ; open           ; open             ; open   ; 0 in             ; 0 H/in                 ; 0 F/in                 ; short        ; open          ; open            ; open  ; 0 V                 ; -                  ; n/a           ; n/a             ; n/a         ;
; monitor_o[33] ; 2.5 V        ; 0 in              ; 0 H/in                  ; 0 F/in                  ; short         ; -                   ; open           ; open             ; open   ; 0 in             ; 0 H/in                 ; 0 F/in                 ; short        ; open          ; open            ; open  ; 0 V                 ; -                  ; n/a           ; n/a             ; n/a         ;
; monitor_o[34] ; 2.5 V        ; 0 in              ; 0 H/in                  ; 0 F/in                  ; short         ; -                   ; open           ; open             ; open   ; 0 in             ; 0 H/in                 ; 0 F/in                 ; short        ; open          ; open            ; open  ; 0 V                 ; -                  ; n/a           ; n/a             ; n/a         ;
; monitor_o[35] ; 2.5 V        ; 0 in              ; 0 H/in                  ; 0 F/in                  ; short         ; -                   ; open           ; open             ; open   ; 0 in             ; 0 H/in                 ; 0 F/in                 ; short        ; open          ; open            ; open  ; 0 V                 ; -                  ; n/a           ; n/a             ; n/a         ;
; monitor_o[36] ; 2.5 V        ; 0 in              ; 0 H/in                  ; 0 F/in                  ; short         ; -                   ; open           ; open             ; open   ; 0 in             ; 0 H/in                 ; 0 F/in                 ; short        ; open          ; open            ; open  ; 0 V                 ; -                  ; n/a           ; n/a             ; n/a         ;
; monitor_o[37] ; 2.5 V        ; 0 in              ; 0 H/in                  ; 0 F/in                  ; short         ; -                   ; open           ; open             ; open   ; 0 in             ; 0 H/in                 ; 0 F/in                 ; short        ; open          ; open            ; open  ; 0 V                 ; -                  ; n/a           ; n/a             ; n/a         ;
; monitor_o[38] ; 2.5 V        ; 0 in              ; 0 H/in                  ; 0 F/in                  ; short         ; -                   ; open           ; open             ; open   ; 0 in             ; 0 H/in                 ; 0 F/in                 ; short        ; open          ; open            ; open  ; 0 V                 ; -                  ; n/a           ; n/a             ; n/a         ;
; monitor_o[39] ; 2.5 V        ; 0 in              ; 0 H/in                  ; 0 F/in                  ; short         ; -                   ; open           ; open             ; open   ; 0 in             ; 0 H/in                 ; 0 F/in                 ; short        ; open          ; open            ; open  ; 0 V                 ; -                  ; n/a           ; n/a             ; n/a         ;
; monitor_o[40] ; 2.5 V        ; 0 in              ; 0 H/in                  ; 0 F/in                  ; short         ; -                   ; open           ; open             ; open   ; 0 in             ; 0 H/in                 ; 0 F/in                 ; short        ; open          ; open            ; open  ; 0 V                 ; -                  ; n/a           ; n/a             ; n/a         ;
; monitor_o[41] ; 2.5 V        ; 0 in              ; 0 H/in                  ; 0 F/in                  ; short         ; -                   ; open           ; open             ; open   ; 0 in             ; 0 H/in                 ; 0 F/in                 ; short        ; open          ; open            ; open  ; 0 V                 ; -                  ; n/a           ; n/a             ; n/a         ;
; monitor_o[42] ; 2.5 V        ; 0 in              ; 0 H/in                  ; 0 F/in                  ; short         ; -                   ; open           ; open             ; open   ; 0 in             ; 0 H/in                 ; 0 F/in                 ; short        ; open          ; open            ; open  ; 0 V                 ; -                  ; n/a           ; n/a             ; n/a         ;
; monitor_o[43] ; 2.5 V        ; 0 in              ; 0 H/in                  ; 0 F/in                  ; short         ; -                   ; open           ; open             ; open   ; 0 in             ; 0 H/in                 ; 0 F/in                 ; short        ; open          ; open            ; open  ; 0 V                 ; -                  ; n/a           ; n/a             ; n/a         ;
; monitor_o[44] ; 2.5 V        ; 0 in              ; 0 H/in                  ; 0 F/in                  ; short         ; -                   ; open           ; open             ; open   ; 0 in             ; 0 H/in                 ; 0 F/in                 ; short        ; open          ; open            ; open  ; 0 V                 ; -                  ; n/a           ; n/a             ; n/a         ;
; monitor_o[45] ; 2.5 V        ; 0 in              ; 0 H/in                  ; 0 F/in                  ; short         ; -                   ; open           ; open             ; open   ; 0 in             ; 0 H/in                 ; 0 F/in                 ; short        ; open          ; open            ; open  ; 0 V                 ; -                  ; n/a           ; n/a             ; n/a         ;
; monitor_o[46] ; 2.5 V        ; 0 in              ; 0 H/in                  ; 0 F/in                  ; short         ; -                   ; open           ; open             ; open   ; 0 in             ; 0 H/in                 ; 0 F/in                 ; short        ; open          ; open            ; open  ; 0 V                 ; -                  ; n/a           ; n/a             ; n/a         ;
; monitor_o[47] ; 2.5 V        ; 0 in              ; 0 H/in                  ; 0 F/in                  ; short         ; -                   ; open           ; open             ; open   ; 0 in             ; 0 H/in                 ; 0 F/in                 ; short        ; open          ; open            ; open  ; 0 V                 ; -                  ; n/a           ; n/a             ; n/a         ;
; monitor_o[48] ; 2.5 V        ; 0 in              ; 0 H/in                  ; 0 F/in                  ; short         ; -                   ; open           ; open             ; open   ; 0 in             ; 0 H/in                 ; 0 F/in                 ; short        ; open          ; open            ; open  ; 0 V                 ; -                  ; n/a           ; n/a             ; n/a         ;
; monitor_o[49] ; 2.5 V        ; 0 in              ; 0 H/in                  ; 0 F/in                  ; short         ; -                   ; open           ; open             ; open   ; 0 in             ; 0 H/in                 ; 0 F/in                 ; short        ; open          ; open            ; open  ; 0 V                 ; -                  ; n/a           ; n/a             ; n/a         ;
; monitor_o[50] ; 2.5 V        ; 0 in              ; 0 H/in                  ; 0 F/in                  ; short         ; -                   ; open           ; open             ; open   ; 0 in             ; 0 H/in                 ; 0 F/in                 ; short        ; open          ; open            ; open  ; 0 V                 ; -                  ; n/a           ; n/a             ; n/a         ;
; monitor_o[51] ; 2.5 V        ; 0 in              ; 0 H/in                  ; 0 F/in                  ; short         ; -                   ; open           ; open             ; open   ; 0 in             ; 0 H/in                 ; 0 F/in                 ; short        ; open          ; open            ; open  ; 0 V                 ; -                  ; n/a           ; n/a             ; n/a         ;
; monitor_o[52] ; 2.5 V        ; 0 in              ; 0 H/in                  ; 0 F/in                  ; short         ; -                   ; open           ; open             ; open   ; 0 in             ; 0 H/in                 ; 0 F/in                 ; short        ; open          ; open            ; open  ; 0 V                 ; -                  ; n/a           ; n/a             ; n/a         ;
; monitor_o[53] ; 2.5 V        ; 0 in              ; 0 H/in                  ; 0 F/in                  ; short         ; -                   ; open           ; open             ; open   ; 0 in             ; 0 H/in                 ; 0 F/in                 ; short        ; open          ; open            ; open  ; 0 V                 ; -                  ; n/a           ; n/a             ; n/a         ;
; monitor_o[54] ; 2.5 V        ; 0 in              ; 0 H/in                  ; 0 F/in                  ; short         ; -                   ; open           ; open             ; open   ; 0 in             ; 0 H/in                 ; 0 F/in                 ; short        ; open          ; open            ; open  ; 0 V                 ; -                  ; n/a           ; n/a             ; n/a         ;
; monitor_o[55] ; 2.5 V        ; 0 in              ; 0 H/in                  ; 0 F/in                  ; short         ; -                   ; open           ; open             ; open   ; 0 in             ; 0 H/in                 ; 0 F/in                 ; short        ; open          ; open            ; open  ; 0 V                 ; -                  ; n/a           ; n/a             ; n/a         ;
; monitor_o[56] ; 2.5 V        ; 0 in              ; 0 H/in                  ; 0 F/in                  ; short         ; -                   ; open           ; open             ; open   ; 0 in             ; 0 H/in                 ; 0 F/in                 ; short        ; open          ; open            ; open  ; 0 V                 ; -                  ; n/a           ; n/a             ; n/a         ;
; monitor_o[57] ; 2.5 V        ; 0 in              ; 0 H/in                  ; 0 F/in                  ; short         ; -                   ; open           ; open             ; open   ; 0 in             ; 0 H/in                 ; 0 F/in                 ; short        ; open          ; open            ; open  ; 0 V                 ; -                  ; n/a           ; n/a             ; n/a         ;
; monitor_o[58] ; 2.5 V        ; 0 in              ; 0 H/in                  ; 0 F/in                  ; short         ; -                   ; open           ; open             ; open   ; 0 in             ; 0 H/in                 ; 0 F/in                 ; short        ; open          ; open            ; open  ; 0 V                 ; -                  ; n/a           ; n/a             ; n/a         ;
; monitor_o[59] ; 2.5 V        ; 0 in              ; 0 H/in                  ; 0 F/in                  ; short         ; -                   ; open           ; open             ; open   ; 0 in             ; 0 H/in                 ; 0 F/in                 ; short        ; open          ; open            ; open  ; 0 V                 ; -                  ; n/a           ; n/a             ; n/a         ;
; monitor_o[60] ; 2.5 V        ; 0 in              ; 0 H/in                  ; 0 F/in                  ; short         ; -                   ; open           ; open             ; open   ; 0 in             ; 0 H/in                 ; 0 F/in                 ; short        ; open          ; open            ; open  ; 0 V                 ; -                  ; n/a           ; n/a             ; n/a         ;
; monitor_o[61] ; 2.5 V        ; 0 in              ; 0 H/in                  ; 0 F/in                  ; short         ; -                   ; open           ; open             ; open   ; 0 in             ; 0 H/in                 ; 0 F/in                 ; short        ; open          ; open            ; open  ; 0 V                 ; -                  ; n/a           ; n/a             ; n/a         ;
; monitor_o[62] ; 2.5 V        ; 0 in              ; 0 H/in                  ; 0 F/in                  ; short         ; -                   ; open           ; open             ; open   ; 0 in             ; 0 H/in                 ; 0 F/in                 ; short        ; open          ; open            ; open  ; 0 V                 ; -                  ; n/a           ; n/a             ; n/a         ;
; monitor_o[63] ; 2.5 V        ; 0 in              ; 0 H/in                  ; 0 F/in                  ; short         ; -                   ; open           ; open             ; open   ; 0 in             ; 0 H/in                 ; 0 F/in                 ; short        ; open          ; open            ; open  ; 0 V                 ; -                  ; n/a           ; n/a             ; n/a         ;
; ~ALTERA_DCLK~ ; 2.5 V        ; 0 in              ; 0 H/in                  ; 0 F/in                  ; short         ; -                   ; open           ; open             ; open   ; 0 in             ; 0 H/in                 ; 0 F/in                 ; short        ; open          ; open            ; open  ; 0 V                 ; -                  ; n/a           ; n/a             ; n/a         ;
; ~ALTERA_nCEO~ ; 2.5 V        ; 0 in              ; 0 H/in                  ; 0 F/in                  ; short         ; -                   ; open           ; open             ; open   ; 0 in             ; 0 H/in                 ; 0 F/in                 ; short        ; open          ; open            ; open  ; 0 V                 ; -                  ; n/a           ; n/a             ; n/a         ;
+---------------+--------------+-------------------+-------------------------+-------------------------+---------------+---------------------+----------------+------------------+--------+------------------+------------------------+------------------------+--------------+---------------+-----------------+-------+---------------------+--------------------+---------------+-----------------+-------------+


+----------------------------------------------------------------------------+
; Input Transition Times                                                     ;
+-------------------------+--------------+-----------------+-----------------+
; Pin                     ; I/O Standard ; 10-90 Rise Time ; 90-10 Fall Time ;
+-------------------------+--------------+-----------------+-----------------+
; clk_i                   ; 2.5 V        ; 2000 ps         ; 2000 ps         ;
; rst_ni                  ; 2.5 V        ; 2000 ps         ; 2000 ps         ;
; ~ALTERA_ASDO_DATA1~     ; 2.5 V        ; 2000 ps         ; 2000 ps         ;
; ~ALTERA_FLASH_nCE_nCSO~ ; 2.5 V        ; 2000 ps         ; 2000 ps         ;
; ~ALTERA_DATA0~          ; 2.5 V        ; 2000 ps         ; 2000 ps         ;
+-------------------------+--------------+-----------------+-----------------+


+--------------------------------------------------------------------------------------------------------------------------------------------------------------------------------------------------------------------------------------------------------------------------------------------------------------------------------------------------------------------------------------------------------------------------------------------------------------------------------------------------------------------------------------------------------------------------------------------------------------------------------------------------------------------------------------------+
; Signal Integrity Metrics (Slow 1200mv 0c Model)                                                                                                                                                                                                                                                                                                                                                                                                                                                                                                                                                                                                                                            ;
+---------------+--------------+---------------------+---------------------+------------------------------+------------------------------+---------------------+---------------------+--------------------------------------+--------------------------------------+-----------------------------+-----------------------------+----------------------------+----------------------------+-----------------------------+-----------------------------+--------------------+--------------------+-------------------------------------+-------------------------------------+----------------------------+----------------------------+---------------------------+---------------------------+
; Pin           ; I/O Standard ; Board Delay on Rise ; Board Delay on Fall ; Steady State Voh at FPGA Pin ; Steady State Vol at FPGA Pin ; Voh Max at FPGA Pin ; Vol Min at FPGA Pin ; Ringback Voltage on Rise at FPGA Pin ; Ringback Voltage on Fall at FPGA Pin ; 10-90 Rise Time at FPGA Pin ; 90-10 Fall Time at FPGA Pin ; Monotonic Rise at FPGA Pin ; Monotonic Fall at FPGA Pin ; Steady State Voh at Far-end ; Steady State Vol at Far-end ; Voh Max at Far-end ; Vol Min at Far-end ; Ringback Voltage on Rise at Far-end ; Ringback Voltage on Fall at Far-end ; 10-90 Rise Time at Far-end ; 90-10 Fall Time at Far-end ; Monotonic Rise at Far-end ; Monotonic Fall at Far-end ;
+---------------+--------------+---------------------+---------------------+------------------------------+------------------------------+---------------------+---------------------+--------------------------------------+--------------------------------------+-----------------------------+-----------------------------+----------------------------+----------------------------+-----------------------------+-----------------------------+--------------------+--------------------+-------------------------------------+-------------------------------------+----------------------------+----------------------------+---------------------------+---------------------------+
; monitor_o[0]  ; 2.5 V        ; 0 s                 ; 0 s                 ; 2.32 V                       ; 4.49e-09 V                   ; 2.38 V              ; -0.00552 V          ; 0.096 V                              ; 0.019 V                              ; 4.18e-10 s                  ; 3.59e-10 s                  ; No                         ; Yes                        ; 2.32 V                      ; 4.49e-09 V                  ; 2.38 V             ; -0.00552 V         ; 0.096 V                             ; 0.019 V                             ; 4.18e-10 s                 ; 3.59e-10 s                 ; No                        ; Yes                       ;
; monitor_o[1]  ; 2.5 V        ; 0 s                 ; 0 s                 ; 2.32 V                       ; 4.49e-09 V                   ; 2.38 V              ; -0.00552 V          ; 0.096 V                              ; 0.019 V                              ; 4.18e-10 s                  ; 3.59e-10 s                  ; No                         ; Yes                        ; 2.32 V                      ; 4.49e-09 V                  ; 2.38 V             ; -0.00552 V         ; 0.096 V                             ; 0.019 V                             ; 4.18e-10 s                 ; 3.59e-10 s                 ; No                        ; Yes                       ;
; monitor_o[2]  ; 2.5 V        ; 0 s                 ; 0 s                 ; 2.32 V                       ; 4.49e-09 V                   ; 2.38 V              ; -0.00552 V          ; 0.096 V                              ; 0.019 V                              ; 4.18e-10 s                  ; 3.59e-10 s                  ; No                         ; Yes                        ; 2.32 V                      ; 4.49e-09 V                  ; 2.38 V             ; -0.00552 V         ; 0.096 V                             ; 0.019 V                             ; 4.18e-10 s                 ; 3.59e-10 s                 ; No                        ; Yes                       ;
; monitor_o[3]  ; 2.5 V        ; 0 s                 ; 0 s                 ; 2.32 V                       ; 4.49e-09 V                   ; 2.33 V              ; -0.00467 V          ; 0.226 V                              ; 0.087 V                              ; 2.91e-09 s                  ; 2.74e-09 s                  ; Yes                        ; Yes                        ; 2.32 V                      ; 4.49e-09 V                  ; 2.33 V             ; -0.00467 V         ; 0.226 V                             ; 0.087 V                             ; 2.91e-09 s                 ; 2.74e-09 s                 ; Yes                       ; Yes                       ;
; monitor_o[4]  ; 2.5 V        ; 0 s                 ; 0 s                 ; 2.32 V                       ; 4.49e-09 V                   ; 2.38 V              ; -0.00552 V          ; 0.096 V                              ; 0.019 V                              ; 4.18e-10 s                  ; 3.59e-10 s                  ; No                         ; Yes                        ; 2.32 V                      ; 4.49e-09 V                  ; 2.38 V             ; -0.00552 V         ; 0.096 V                             ; 0.019 V                             ; 4.18e-10 s                 ; 3.59e-10 s                 ; No                        ; Yes                       ;
; monitor_o[5]  ; 2.5 V        ; 0 s                 ; 0 s                 ; 2.32 V                       ; 4.49e-09 V                   ; 2.38 V              ; -0.00552 V          ; 0.096 V                              ; 0.019 V                              ; 4.18e-10 s                  ; 3.59e-10 s                  ; No                         ; Yes                        ; 2.32 V                      ; 4.49e-09 V                  ; 2.38 V             ; -0.00552 V         ; 0.096 V                             ; 0.019 V                             ; 4.18e-10 s                 ; 3.59e-10 s                 ; No                        ; Yes                       ;
; monitor_o[6]  ; 2.5 V        ; 0 s                 ; 0 s                 ; 2.32 V                       ; 4.49e-09 V                   ; 2.38 V              ; -0.00552 V          ; 0.096 V                              ; 0.019 V                              ; 4.18e-10 s                  ; 3.59e-10 s                  ; No                         ; Yes                        ; 2.32 V                      ; 4.49e-09 V                  ; 2.38 V             ; -0.00552 V         ; 0.096 V                             ; 0.019 V                             ; 4.18e-10 s                 ; 3.59e-10 s                 ; No                        ; Yes                       ;
; monitor_o[7]  ; 2.5 V        ; 0 s                 ; 0 s                 ; 2.32 V                       ; 4.49e-09 V                   ; 2.38 V              ; -0.00552 V          ; 0.096 V                              ; 0.019 V                              ; 4.18e-10 s                  ; 3.59e-10 s                  ; No                         ; Yes                        ; 2.32 V                      ; 4.49e-09 V                  ; 2.38 V             ; -0.00552 V         ; 0.096 V                             ; 0.019 V                             ; 4.18e-10 s                 ; 3.59e-10 s                 ; No                        ; Yes                       ;
; monitor_o[8]  ; 2.5 V        ; 0 s                 ; 0 s                 ; 2.32 V                       ; 4.49e-09 V                   ; 2.38 V              ; -0.00552 V          ; 0.096 V                              ; 0.019 V                              ; 4.18e-10 s                  ; 3.59e-10 s                  ; No                         ; Yes                        ; 2.32 V                      ; 4.49e-09 V                  ; 2.38 V             ; -0.00552 V         ; 0.096 V                             ; 0.019 V                             ; 4.18e-10 s                 ; 3.59e-10 s                 ; No                        ; Yes                       ;
; monitor_o[9]  ; 2.5 V        ; 0 s                 ; 0 s                 ; 2.32 V                       ; 4.49e-09 V                   ; 2.38 V              ; -0.00552 V          ; 0.096 V                              ; 0.019 V                              ; 4.18e-10 s                  ; 3.59e-10 s                  ; No                         ; Yes                        ; 2.32 V                      ; 4.49e-09 V                  ; 2.38 V             ; -0.00552 V         ; 0.096 V                             ; 0.019 V                             ; 4.18e-10 s                 ; 3.59e-10 s                 ; No                        ; Yes                       ;
; monitor_o[10] ; 2.5 V        ; 0 s                 ; 0 s                 ; 2.32 V                       ; 4.49e-09 V                   ; 2.38 V              ; -0.00552 V          ; 0.096 V                              ; 0.019 V                              ; 4.18e-10 s                  ; 3.59e-10 s                  ; No                         ; Yes                        ; 2.32 V                      ; 4.49e-09 V                  ; 2.38 V             ; -0.00552 V         ; 0.096 V                             ; 0.019 V                             ; 4.18e-10 s                 ; 3.59e-10 s                 ; No                        ; Yes                       ;
; monitor_o[11] ; 2.5 V        ; 0 s                 ; 0 s                 ; 2.32 V                       ; 4.49e-09 V                   ; 2.38 V              ; -0.00552 V          ; 0.096 V                              ; 0.019 V                              ; 4.18e-10 s                  ; 3.59e-10 s                  ; No                         ; Yes                        ; 2.32 V                      ; 4.49e-09 V                  ; 2.38 V             ; -0.00552 V         ; 0.096 V                             ; 0.019 V                             ; 4.18e-10 s                 ; 3.59e-10 s                 ; No                        ; Yes                       ;
; monitor_o[12] ; 2.5 V        ; 0 s                 ; 0 s                 ; 2.32 V                       ; 4.49e-09 V                   ; 2.38 V              ; -0.00552 V          ; 0.096 V                              ; 0.019 V                              ; 4.18e-10 s                  ; 3.59e-10 s                  ; No                         ; Yes                        ; 2.32 V                      ; 4.49e-09 V                  ; 2.38 V             ; -0.00552 V         ; 0.096 V                             ; 0.019 V                             ; 4.18e-10 s                 ; 3.59e-10 s                 ; No                        ; Yes                       ;
; monitor_o[13] ; 2.5 V        ; 0 s                 ; 0 s                 ; 2.32 V                       ; 4.49e-09 V                   ; 2.38 V              ; -0.00552 V          ; 0.096 V                              ; 0.019 V                              ; 4.18e-10 s                  ; 3.59e-10 s                  ; No                         ; Yes                        ; 2.32 V                      ; 4.49e-09 V                  ; 2.38 V             ; -0.00552 V         ; 0.096 V                             ; 0.019 V                             ; 4.18e-10 s                 ; 3.59e-10 s                 ; No                        ; Yes                       ;
; monitor_o[14] ; 2.5 V        ; 0 s                 ; 0 s                 ; 2.32 V                       ; 4.49e-09 V                   ; 2.38 V              ; -0.00552 V          ; 0.096 V                              ; 0.019 V                              ; 4.18e-10 s                  ; 3.59e-10 s                  ; No                         ; Yes                        ; 2.32 V                      ; 4.49e-09 V                  ; 2.38 V             ; -0.00552 V         ; 0.096 V                             ; 0.019 V                             ; 4.18e-10 s                 ; 3.59e-10 s                 ; No                        ; Yes                       ;
; monitor_o[15] ; 2.5 V        ; 0 s                 ; 0 s                 ; 2.32 V                       ; 4.49e-09 V                   ; 2.38 V              ; -0.00552 V          ; 0.096 V                              ; 0.019 V                              ; 4.18e-10 s                  ; 3.59e-10 s                  ; No                         ; Yes                        ; 2.32 V                      ; 4.49e-09 V                  ; 2.38 V             ; -0.00552 V         ; 0.096 V                             ; 0.019 V                             ; 4.18e-10 s                 ; 3.59e-10 s                 ; No                        ; Yes                       ;
; monitor_o[16] ; 2.5 V        ; 0 s                 ; 0 s                 ; 2.32 V                       ; 4.49e-09 V                   ; 2.38 V              ; -0.00552 V          ; 0.096 V                              ; 0.019 V                              ; 4.18e-10 s                  ; 3.59e-10 s                  ; No                         ; Yes                        ; 2.32 V                      ; 4.49e-09 V                  ; 2.38 V             ; -0.00552 V         ; 0.096 V                             ; 0.019 V                             ; 4.18e-10 s                 ; 3.59e-10 s                 ; No                        ; Yes                       ;
; monitor_o[17] ; 2.5 V        ; 0 s                 ; 0 s                 ; 2.32 V                       ; 4.49e-09 V                   ; 2.38 V              ; -0.00552 V          ; 0.096 V                              ; 0.019 V                              ; 4.18e-10 s                  ; 3.59e-10 s                  ; No                         ; Yes                        ; 2.32 V                      ; 4.49e-09 V                  ; 2.38 V             ; -0.00552 V         ; 0.096 V                             ; 0.019 V                             ; 4.18e-10 s                 ; 3.59e-10 s                 ; No                        ; Yes                       ;
; monitor_o[18] ; 2.5 V        ; 0 s                 ; 0 s                 ; 2.32 V                       ; 4.49e-09 V                   ; 2.38 V              ; -0.00552 V          ; 0.096 V                              ; 0.019 V                              ; 4.18e-10 s                  ; 3.59e-10 s                  ; No                         ; Yes                        ; 2.32 V                      ; 4.49e-09 V                  ; 2.38 V             ; -0.00552 V         ; 0.096 V                             ; 0.019 V                             ; 4.18e-10 s                 ; 3.59e-10 s                 ; No                        ; Yes                       ;
; monitor_o[19] ; 2.5 V        ; 0 s                 ; 0 s                 ; 2.32 V                       ; 4.49e-09 V                   ; 2.38 V              ; -0.00552 V          ; 0.096 V                              ; 0.019 V                              ; 4.18e-10 s                  ; 3.59e-10 s                  ; No                         ; Yes                        ; 2.32 V                      ; 4.49e-09 V                  ; 2.38 V             ; -0.00552 V         ; 0.096 V                             ; 0.019 V                             ; 4.18e-10 s                 ; 3.59e-10 s                 ; No                        ; Yes                       ;
; monitor_o[20] ; 2.5 V        ; 0 s                 ; 0 s                 ; 2.32 V                       ; 4.49e-09 V                   ; 2.38 V              ; -0.00552 V          ; 0.096 V                              ; 0.019 V                              ; 4.18e-10 s                  ; 3.59e-10 s                  ; No                         ; Yes                        ; 2.32 V                      ; 4.49e-09 V                  ; 2.38 V             ; -0.00552 V         ; 0.096 V                             ; 0.019 V                             ; 4.18e-10 s                 ; 3.59e-10 s                 ; No                        ; Yes                       ;
; monitor_o[21] ; 2.5 V        ; 0 s                 ; 0 s                 ; 2.32 V                       ; 4.49e-09 V                   ; 2.38 V              ; -0.00552 V          ; 0.096 V                              ; 0.019 V                              ; 4.18e-10 s                  ; 3.59e-10 s                  ; No                         ; Yes                        ; 2.32 V                      ; 4.49e-09 V                  ; 2.38 V             ; -0.00552 V         ; 0.096 V                             ; 0.019 V                             ; 4.18e-10 s                 ; 3.59e-10 s                 ; No                        ; Yes                       ;
; monitor_o[22] ; 2.5 V        ; 0 s                 ; 0 s                 ; 2.32 V                       ; 4.49e-09 V                   ; 2.38 V              ; -0.00552 V          ; 0.096 V                              ; 0.019 V                              ; 4.18e-10 s                  ; 3.59e-10 s                  ; No                         ; Yes                        ; 2.32 V                      ; 4.49e-09 V                  ; 2.38 V             ; -0.00552 V         ; 0.096 V                             ; 0.019 V                             ; 4.18e-10 s                 ; 3.59e-10 s                 ; No                        ; Yes                       ;
; monitor_o[23] ; 2.5 V        ; 0 s                 ; 0 s                 ; 2.32 V                       ; 4.49e-09 V                   ; 2.38 V              ; -0.00552 V          ; 0.096 V                              ; 0.019 V                              ; 4.18e-10 s                  ; 3.59e-10 s                  ; No                         ; Yes                        ; 2.32 V                      ; 4.49e-09 V                  ; 2.38 V             ; -0.00552 V         ; 0.096 V                             ; 0.019 V                             ; 4.18e-10 s                 ; 3.59e-10 s                 ; No                        ; Yes                       ;
; monitor_o[24] ; 2.5 V        ; 0 s                 ; 0 s                 ; 2.32 V                       ; 4.49e-09 V                   ; 2.38 V              ; -0.00552 V          ; 0.096 V                              ; 0.019 V                              ; 4.18e-10 s                  ; 3.59e-10 s                  ; No                         ; Yes                        ; 2.32 V                      ; 4.49e-09 V                  ; 2.38 V             ; -0.00552 V         ; 0.096 V                             ; 0.019 V                             ; 4.18e-10 s                 ; 3.59e-10 s                 ; No                        ; Yes                       ;
; monitor_o[25] ; 2.5 V        ; 0 s                 ; 0 s                 ; 2.32 V                       ; 4.49e-09 V                   ; 2.38 V              ; -0.00552 V          ; 0.096 V                              ; 0.019 V                              ; 4.18e-10 s                  ; 3.59e-10 s                  ; No                         ; Yes                        ; 2.32 V                      ; 4.49e-09 V                  ; 2.38 V             ; -0.00552 V         ; 0.096 V                             ; 0.019 V                             ; 4.18e-10 s                 ; 3.59e-10 s                 ; No                        ; Yes                       ;
; monitor_o[26] ; 2.5 V        ; 0 s                 ; 0 s                 ; 2.32 V                       ; 4.49e-09 V                   ; 2.38 V              ; -0.00552 V          ; 0.096 V                              ; 0.019 V                              ; 4.18e-10 s                  ; 3.59e-10 s                  ; No                         ; Yes                        ; 2.32 V                      ; 4.49e-09 V                  ; 2.38 V             ; -0.00552 V         ; 0.096 V                             ; 0.019 V                             ; 4.18e-10 s                 ; 3.59e-10 s                 ; No                        ; Yes                       ;
; monitor_o[27] ; 2.5 V        ; 0 s                 ; 0 s                 ; 2.32 V                       ; 4.49e-09 V                   ; 2.38 V              ; -0.00552 V          ; 0.096 V                              ; 0.019 V                              ; 4.18e-10 s                  ; 3.59e-10 s                  ; No                         ; Yes                        ; 2.32 V                      ; 4.49e-09 V                  ; 2.38 V             ; -0.00552 V         ; 0.096 V                             ; 0.019 V                             ; 4.18e-10 s                 ; 3.59e-10 s                 ; No                        ; Yes                       ;
; monitor_o[28] ; 2.5 V        ; 0 s                 ; 0 s                 ; 2.32 V                       ; 4.49e-09 V                   ; 2.38 V              ; -0.00552 V          ; 0.096 V                              ; 0.019 V                              ; 4.18e-10 s                  ; 3.59e-10 s                  ; No                         ; Yes                        ; 2.32 V                      ; 4.49e-09 V                  ; 2.38 V             ; -0.00552 V         ; 0.096 V                             ; 0.019 V                             ; 4.18e-10 s                 ; 3.59e-10 s                 ; No                        ; Yes                       ;
; monitor_o[29] ; 2.5 V        ; 0 s                 ; 0 s                 ; 2.32 V                       ; 4.49e-09 V                   ; 2.38 V              ; -0.00552 V          ; 0.096 V                              ; 0.019 V                              ; 4.18e-10 s                  ; 3.59e-10 s                  ; No                         ; Yes                        ; 2.32 V                      ; 4.49e-09 V                  ; 2.38 V             ; -0.00552 V         ; 0.096 V                             ; 0.019 V                             ; 4.18e-10 s                 ; 3.59e-10 s                 ; No                        ; Yes                       ;
; monitor_o[30] ; 2.5 V        ; 0 s                 ; 0 s                 ; 2.32 V                       ; 4.49e-09 V                   ; 2.38 V              ; -0.00552 V          ; 0.096 V                              ; 0.019 V                              ; 4.18e-10 s                  ; 3.59e-10 s                  ; No                         ; Yes                        ; 2.32 V                      ; 4.49e-09 V                  ; 2.38 V             ; -0.00552 V         ; 0.096 V                             ; 0.019 V                             ; 4.18e-10 s                 ; 3.59e-10 s                 ; No                        ; Yes                       ;
; monitor_o[31] ; 2.5 V        ; 0 s                 ; 0 s                 ; 2.32 V                       ; 4.49e-09 V                   ; 2.38 V              ; -0.00552 V          ; 0.096 V                              ; 0.019 V                              ; 4.18e-10 s                  ; 3.59e-10 s                  ; No                         ; Yes                        ; 2.32 V                      ; 4.49e-09 V                  ; 2.38 V             ; -0.00552 V         ; 0.096 V                             ; 0.019 V                             ; 4.18e-10 s                 ; 3.59e-10 s                 ; No                        ; Yes                       ;
; monitor_o[32] ; 2.5 V        ; 0 s                 ; 0 s                 ; 2.32 V                       ; 4.49e-09 V                   ; 2.38 V              ; -0.00552 V          ; 0.096 V                              ; 0.019 V                              ; 4.18e-10 s                  ; 3.59e-10 s                  ; No                         ; Yes                        ; 2.32 V                      ; 4.49e-09 V                  ; 2.38 V             ; -0.00552 V         ; 0.096 V                             ; 0.019 V                             ; 4.18e-10 s                 ; 3.59e-10 s                 ; No                        ; Yes                       ;
; monitor_o[33] ; 2.5 V        ; 0 s                 ; 0 s                 ; 2.32 V                       ; 4.49e-09 V                   ; 2.38 V              ; -0.00552 V          ; 0.096 V                              ; 0.019 V                              ; 4.18e-10 s                  ; 3.59e-10 s                  ; No                         ; Yes                        ; 2.32 V                      ; 4.49e-09 V                  ; 2.38 V             ; -0.00552 V         ; 0.096 V                             ; 0.019 V                             ; 4.18e-10 s                 ; 3.59e-10 s                 ; No                        ; Yes                       ;
; monitor_o[34] ; 2.5 V        ; 0 s                 ; 0 s                 ; 2.32 V                       ; 4.49e-09 V                   ; 2.38 V              ; -0.00552 V          ; 0.096 V                              ; 0.019 V                              ; 4.18e-10 s                  ; 3.59e-10 s                  ; No                         ; Yes                        ; 2.32 V                      ; 4.49e-09 V                  ; 2.38 V             ; -0.00552 V         ; 0.096 V                             ; 0.019 V                             ; 4.18e-10 s                 ; 3.59e-10 s                 ; No                        ; Yes                       ;
; monitor_o[35] ; 2.5 V        ; 0 s                 ; 0 s                 ; 2.32 V                       ; 4.49e-09 V                   ; 2.38 V              ; -0.00552 V          ; 0.096 V                              ; 0.019 V                              ; 4.18e-10 s                  ; 3.59e-10 s                  ; No                         ; Yes                        ; 2.32 V                      ; 4.49e-09 V                  ; 2.38 V             ; -0.00552 V         ; 0.096 V                             ; 0.019 V                             ; 4.18e-10 s                 ; 3.59e-10 s                 ; No                        ; Yes                       ;
; monitor_o[36] ; 2.5 V        ; 0 s                 ; 0 s                 ; 2.32 V                       ; 4.49e-09 V                   ; 2.38 V              ; -0.00552 V          ; 0.096 V                              ; 0.019 V                              ; 4.18e-10 s                  ; 3.59e-10 s                  ; No                         ; Yes                        ; 2.32 V                      ; 4.49e-09 V                  ; 2.38 V             ; -0.00552 V         ; 0.096 V                             ; 0.019 V                             ; 4.18e-10 s                 ; 3.59e-10 s                 ; No                        ; Yes                       ;
; monitor_o[37] ; 2.5 V        ; 0 s                 ; 0 s                 ; 2.32 V                       ; 4.49e-09 V                   ; 2.38 V              ; -0.00552 V          ; 0.096 V                              ; 0.019 V                              ; 4.18e-10 s                  ; 3.59e-10 s                  ; No                         ; Yes                        ; 2.32 V                      ; 4.49e-09 V                  ; 2.38 V             ; -0.00552 V         ; 0.096 V                             ; 0.019 V                             ; 4.18e-10 s                 ; 3.59e-10 s                 ; No                        ; Yes                       ;
; monitor_o[38] ; 2.5 V        ; 0 s                 ; 0 s                 ; 2.32 V                       ; 4.49e-09 V                   ; 2.38 V              ; -0.00552 V          ; 0.096 V                              ; 0.019 V                              ; 4.18e-10 s                  ; 3.59e-10 s                  ; No                         ; Yes                        ; 2.32 V                      ; 4.49e-09 V                  ; 2.38 V             ; -0.00552 V         ; 0.096 V                             ; 0.019 V                             ; 4.18e-10 s                 ; 3.59e-10 s                 ; No                        ; Yes                       ;
; monitor_o[39] ; 2.5 V        ; 0 s                 ; 0 s                 ; 2.32 V                       ; 4.49e-09 V                   ; 2.38 V              ; -0.00552 V          ; 0.096 V                              ; 0.019 V                              ; 4.18e-10 s                  ; 3.59e-10 s                  ; No                         ; Yes                        ; 2.32 V                      ; 4.49e-09 V                  ; 2.38 V             ; -0.00552 V         ; 0.096 V                             ; 0.019 V                             ; 4.18e-10 s                 ; 3.59e-10 s                 ; No                        ; Yes                       ;
; monitor_o[40] ; 2.5 V        ; 0 s                 ; 0 s                 ; 2.32 V                       ; 4.49e-09 V                   ; 2.38 V              ; -0.00552 V          ; 0.096 V                              ; 0.019 V                              ; 4.18e-10 s                  ; 3.59e-10 s                  ; No                         ; Yes                        ; 2.32 V                      ; 4.49e-09 V                  ; 2.38 V             ; -0.00552 V         ; 0.096 V                             ; 0.019 V                             ; 4.18e-10 s                 ; 3.59e-10 s                 ; No                        ; Yes                       ;
; monitor_o[41] ; 2.5 V        ; 0 s                 ; 0 s                 ; 2.32 V                       ; 4.49e-09 V                   ; 2.38 V              ; -0.00552 V          ; 0.096 V                              ; 0.019 V                              ; 4.18e-10 s                  ; 3.59e-10 s                  ; No                         ; Yes                        ; 2.32 V                      ; 4.49e-09 V                  ; 2.38 V             ; -0.00552 V         ; 0.096 V                             ; 0.019 V                             ; 4.18e-10 s                 ; 3.59e-10 s                 ; No                        ; Yes                       ;
; monitor_o[42] ; 2.5 V        ; 0 s                 ; 0 s                 ; 2.32 V                       ; 4.49e-09 V                   ; 2.38 V              ; -0.00552 V          ; 0.096 V                              ; 0.019 V                              ; 4.18e-10 s                  ; 3.59e-10 s                  ; No                         ; Yes                        ; 2.32 V                      ; 4.49e-09 V                  ; 2.38 V             ; -0.00552 V         ; 0.096 V                             ; 0.019 V                             ; 4.18e-10 s                 ; 3.59e-10 s                 ; No                        ; Yes                       ;
; monitor_o[43] ; 2.5 V        ; 0 s                 ; 0 s                 ; 2.32 V                       ; 4.49e-09 V                   ; 2.38 V              ; -0.00552 V          ; 0.096 V                              ; 0.019 V                              ; 4.18e-10 s                  ; 3.59e-10 s                  ; No                         ; Yes                        ; 2.32 V                      ; 4.49e-09 V                  ; 2.38 V             ; -0.00552 V         ; 0.096 V                             ; 0.019 V                             ; 4.18e-10 s                 ; 3.59e-10 s                 ; No                        ; Yes                       ;
; monitor_o[44] ; 2.5 V        ; 0 s                 ; 0 s                 ; 2.32 V                       ; 4.49e-09 V                   ; 2.38 V              ; -0.00552 V          ; 0.096 V                              ; 0.019 V                              ; 4.18e-10 s                  ; 3.59e-10 s                  ; No                         ; Yes                        ; 2.32 V                      ; 4.49e-09 V                  ; 2.38 V             ; -0.00552 V         ; 0.096 V                             ; 0.019 V                             ; 4.18e-10 s                 ; 3.59e-10 s                 ; No                        ; Yes                       ;
; monitor_o[45] ; 2.5 V        ; 0 s                 ; 0 s                 ; 2.32 V                       ; 4.49e-09 V                   ; 2.38 V              ; -0.00552 V          ; 0.096 V                              ; 0.019 V                              ; 4.18e-10 s                  ; 3.59e-10 s                  ; No                         ; Yes                        ; 2.32 V                      ; 4.49e-09 V                  ; 2.38 V             ; -0.00552 V         ; 0.096 V                             ; 0.019 V                             ; 4.18e-10 s                 ; 3.59e-10 s                 ; No                        ; Yes                       ;
; monitor_o[46] ; 2.5 V        ; 0 s                 ; 0 s                 ; 2.32 V                       ; 4.49e-09 V                   ; 2.38 V              ; -0.00552 V          ; 0.096 V                              ; 0.019 V                              ; 4.18e-10 s                  ; 3.59e-10 s                  ; No                         ; Yes                        ; 2.32 V                      ; 4.49e-09 V                  ; 2.38 V             ; -0.00552 V         ; 0.096 V                             ; 0.019 V                             ; 4.18e-10 s                 ; 3.59e-10 s                 ; No                        ; Yes                       ;
; monitor_o[47] ; 2.5 V        ; 0 s                 ; 0 s                 ; 2.32 V                       ; 4.49e-09 V                   ; 2.33 V              ; -0.00467 V          ; 0.226 V                              ; 0.087 V                              ; 2.91e-09 s                  ; 2.74e-09 s                  ; Yes                        ; Yes                        ; 2.32 V                      ; 4.49e-09 V                  ; 2.33 V             ; -0.00467 V         ; 0.226 V                             ; 0.087 V                             ; 2.91e-09 s                 ; 2.74e-09 s                 ; Yes                       ; Yes                       ;
; monitor_o[48] ; 2.5 V        ; 0 s                 ; 0 s                 ; 2.32 V                       ; 4.49e-09 V                   ; 2.38 V              ; -0.00552 V          ; 0.096 V                              ; 0.019 V                              ; 4.18e-10 s                  ; 3.59e-10 s                  ; No                         ; Yes                        ; 2.32 V                      ; 4.49e-09 V                  ; 2.38 V             ; -0.00552 V         ; 0.096 V                             ; 0.019 V                             ; 4.18e-10 s                 ; 3.59e-10 s                 ; No                        ; Yes                       ;
; monitor_o[49] ; 2.5 V        ; 0 s                 ; 0 s                 ; 2.32 V                       ; 4.49e-09 V                   ; 2.38 V              ; -0.00552 V          ; 0.096 V                              ; 0.019 V                              ; 4.18e-10 s                  ; 3.59e-10 s                  ; No                         ; Yes                        ; 2.32 V                      ; 4.49e-09 V                  ; 2.38 V             ; -0.00552 V         ; 0.096 V                             ; 0.019 V                             ; 4.18e-10 s                 ; 3.59e-10 s                 ; No                        ; Yes                       ;
; monitor_o[50] ; 2.5 V        ; 0 s                 ; 0 s                 ; 2.32 V                       ; 4.49e-09 V                   ; 2.38 V              ; -0.00552 V          ; 0.096 V                              ; 0.019 V                              ; 4.18e-10 s                  ; 3.59e-10 s                  ; No                         ; Yes                        ; 2.32 V                      ; 4.49e-09 V                  ; 2.38 V             ; -0.00552 V         ; 0.096 V                             ; 0.019 V                             ; 4.18e-10 s                 ; 3.59e-10 s                 ; No                        ; Yes                       ;
; monitor_o[51] ; 2.5 V        ; 0 s                 ; 0 s                 ; 2.32 V                       ; 4.49e-09 V                   ; 2.38 V              ; -0.00552 V          ; 0.096 V                              ; 0.019 V                              ; 4.18e-10 s                  ; 3.59e-10 s                  ; No                         ; Yes                        ; 2.32 V                      ; 4.49e-09 V                  ; 2.38 V             ; -0.00552 V         ; 0.096 V                             ; 0.019 V                             ; 4.18e-10 s                 ; 3.59e-10 s                 ; No                        ; Yes                       ;
; monitor_o[52] ; 2.5 V        ; 0 s                 ; 0 s                 ; 2.32 V                       ; 4.49e-09 V                   ; 2.38 V              ; -0.00552 V          ; 0.096 V                              ; 0.019 V                              ; 4.18e-10 s                  ; 3.59e-10 s                  ; No                         ; Yes                        ; 2.32 V                      ; 4.49e-09 V                  ; 2.38 V             ; -0.00552 V         ; 0.096 V                             ; 0.019 V                             ; 4.18e-10 s                 ; 3.59e-10 s                 ; No                        ; Yes                       ;
; monitor_o[53] ; 2.5 V        ; 0 s                 ; 0 s                 ; 2.32 V                       ; 4.49e-09 V                   ; 2.38 V              ; -0.00552 V          ; 0.096 V                              ; 0.019 V                              ; 4.18e-10 s                  ; 3.59e-10 s                  ; No                         ; Yes                        ; 2.32 V                      ; 4.49e-09 V                  ; 2.38 V             ; -0.00552 V         ; 0.096 V                             ; 0.019 V                             ; 4.18e-10 s                 ; 3.59e-10 s                 ; No                        ; Yes                       ;
; monitor_o[54] ; 2.5 V        ; 0 s                 ; 0 s                 ; 2.32 V                       ; 4.49e-09 V                   ; 2.38 V              ; -0.00552 V          ; 0.096 V                              ; 0.019 V                              ; 4.18e-10 s                  ; 3.59e-10 s                  ; No                         ; Yes                        ; 2.32 V                      ; 4.49e-09 V                  ; 2.38 V             ; -0.00552 V         ; 0.096 V                             ; 0.019 V                             ; 4.18e-10 s                 ; 3.59e-10 s                 ; No                        ; Yes                       ;
; monitor_o[55] ; 2.5 V        ; 0 s                 ; 0 s                 ; 2.32 V                       ; 4.49e-09 V                   ; 2.38 V              ; -0.00552 V          ; 0.096 V                              ; 0.019 V                              ; 4.18e-10 s                  ; 3.59e-10 s                  ; No                         ; Yes                        ; 2.32 V                      ; 4.49e-09 V                  ; 2.38 V             ; -0.00552 V         ; 0.096 V                             ; 0.019 V                             ; 4.18e-10 s                 ; 3.59e-10 s                 ; No                        ; Yes                       ;
; monitor_o[56] ; 2.5 V        ; 0 s                 ; 0 s                 ; 2.32 V                       ; 4.49e-09 V                   ; 2.38 V              ; -0.00552 V          ; 0.096 V                              ; 0.019 V                              ; 4.18e-10 s                  ; 3.59e-10 s                  ; No                         ; Yes                        ; 2.32 V                      ; 4.49e-09 V                  ; 2.38 V             ; -0.00552 V         ; 0.096 V                             ; 0.019 V                             ; 4.18e-10 s                 ; 3.59e-10 s                 ; No                        ; Yes                       ;
; monitor_o[57] ; 2.5 V        ; 0 s                 ; 0 s                 ; 2.32 V                       ; 4.49e-09 V                   ; 2.38 V              ; -0.00552 V          ; 0.096 V                              ; 0.019 V                              ; 4.18e-10 s                  ; 3.59e-10 s                  ; No                         ; Yes                        ; 2.32 V                      ; 4.49e-09 V                  ; 2.38 V             ; -0.00552 V         ; 0.096 V                             ; 0.019 V                             ; 4.18e-10 s                 ; 3.59e-10 s                 ; No                        ; Yes                       ;
; monitor_o[58] ; 2.5 V        ; 0 s                 ; 0 s                 ; 2.32 V                       ; 4.49e-09 V                   ; 2.33 V              ; -0.00467 V          ; 0.226 V                              ; 0.087 V                              ; 2.91e-09 s                  ; 2.74e-09 s                  ; Yes                        ; Yes                        ; 2.32 V                      ; 4.49e-09 V                  ; 2.33 V             ; -0.00467 V         ; 0.226 V                             ; 0.087 V                             ; 2.91e-09 s                 ; 2.74e-09 s                 ; Yes                       ; Yes                       ;
; monitor_o[59] ; 2.5 V        ; 0 s                 ; 0 s                 ; 2.32 V                       ; 4.49e-09 V                   ; 2.38 V              ; -0.00552 V          ; 0.096 V                              ; 0.019 V                              ; 4.18e-10 s                  ; 3.59e-10 s                  ; No                         ; Yes                        ; 2.32 V                      ; 4.49e-09 V                  ; 2.38 V             ; -0.00552 V         ; 0.096 V                             ; 0.019 V                             ; 4.18e-10 s                 ; 3.59e-10 s                 ; No                        ; Yes                       ;
; monitor_o[60] ; 2.5 V        ; 0 s                 ; 0 s                 ; 2.32 V                       ; 4.49e-09 V                   ; 2.38 V              ; -0.00552 V          ; 0.096 V                              ; 0.019 V                              ; 4.18e-10 s                  ; 3.59e-10 s                  ; No                         ; Yes                        ; 2.32 V                      ; 4.49e-09 V                  ; 2.38 V             ; -0.00552 V         ; 0.096 V                             ; 0.019 V                             ; 4.18e-10 s                 ; 3.59e-10 s                 ; No                        ; Yes                       ;
; monitor_o[61] ; 2.5 V        ; 0 s                 ; 0 s                 ; 2.32 V                       ; 4.49e-09 V                   ; 2.38 V              ; -0.00552 V          ; 0.096 V                              ; 0.019 V                              ; 4.18e-10 s                  ; 3.59e-10 s                  ; No                         ; Yes                        ; 2.32 V                      ; 4.49e-09 V                  ; 2.38 V             ; -0.00552 V         ; 0.096 V                             ; 0.019 V                             ; 4.18e-10 s                 ; 3.59e-10 s                 ; No                        ; Yes                       ;
; monitor_o[62] ; 2.5 V        ; 0 s                 ; 0 s                 ; 2.32 V                       ; 4.49e-09 V                   ; 2.38 V              ; -0.00552 V          ; 0.096 V                              ; 0.019 V                              ; 4.18e-10 s                  ; 3.59e-10 s                  ; No                         ; Yes                        ; 2.32 V                      ; 4.49e-09 V                  ; 2.38 V             ; -0.00552 V         ; 0.096 V                             ; 0.019 V                             ; 4.18e-10 s                 ; 3.59e-10 s                 ; No                        ; Yes                       ;
; monitor_o[63] ; 2.5 V        ; 0 s                 ; 0 s                 ; 2.32 V                       ; 4.49e-09 V                   ; 2.38 V              ; -0.00552 V          ; 0.096 V                              ; 0.019 V                              ; 4.18e-10 s                  ; 3.59e-10 s                  ; No                         ; Yes                        ; 2.32 V                      ; 4.49e-09 V                  ; 2.38 V             ; -0.00552 V         ; 0.096 V                             ; 0.019 V                             ; 4.18e-10 s                 ; 3.59e-10 s                 ; No                        ; Yes                       ;
; ~ALTERA_DCLK~ ; 2.5 V        ; 0 s                 ; 0 s                 ; 2.32 V                       ; 2.67e-09 V                   ; 2.38 V              ; -0.0485 V           ; 0.167 V                              ; 0.096 V                              ; 2.95e-10 s                  ; 2.73e-10 s                  ; Yes                        ; Yes                        ; 2.32 V                      ; 2.67e-09 V                  ; 2.38 V             ; -0.0485 V          ; 0.167 V                             ; 0.096 V                             ; 2.95e-10 s                 ; 2.73e-10 s                 ; Yes                       ; Yes                       ;
; ~ALTERA_nCEO~ ; 2.5 V        ; 0 s                 ; 0 s                 ; 2.32 V                       ; 4.18e-09 V                   ; 2.38 V              ; -0.00483 V          ; 0.152 V                              ; 0.012 V                              ; 4.81e-10 s                  ; 6.29e-10 s                  ; Yes                        ; Yes                        ; 2.32 V                      ; 4.18e-09 V                  ; 2.38 V             ; -0.00483 V         ; 0.152 V                             ; 0.012 V                             ; 4.81e-10 s                 ; 6.29e-10 s                 ; Yes                       ; Yes                       ;
+---------------+--------------+---------------------+---------------------+------------------------------+------------------------------+---------------------+---------------------+--------------------------------------+--------------------------------------+-----------------------------+-----------------------------+----------------------------+----------------------------+-----------------------------+-----------------------------+--------------------+--------------------+-------------------------------------+-------------------------------------+----------------------------+----------------------------+---------------------------+---------------------------+


+--------------------------------------------------------------------------------------------------------------------------------------------------------------------------------------------------------------------------------------------------------------------------------------------------------------------------------------------------------------------------------------------------------------------------------------------------------------------------------------------------------------------------------------------------------------------------------------------------------------------------------------------------------------------------------------------+
; Signal Integrity Metrics (Slow 1200mv 85c Model)                                                                                                                                                                                                                                                                                                                                                                                                                                                                                                                                                                                                                                           ;
+---------------+--------------+---------------------+---------------------+------------------------------+------------------------------+---------------------+---------------------+--------------------------------------+--------------------------------------+-----------------------------+-----------------------------+----------------------------+----------------------------+-----------------------------+-----------------------------+--------------------+--------------------+-------------------------------------+-------------------------------------+----------------------------+----------------------------+---------------------------+---------------------------+
; Pin           ; I/O Standard ; Board Delay on Rise ; Board Delay on Fall ; Steady State Voh at FPGA Pin ; Steady State Vol at FPGA Pin ; Voh Max at FPGA Pin ; Vol Min at FPGA Pin ; Ringback Voltage on Rise at FPGA Pin ; Ringback Voltage on Fall at FPGA Pin ; 10-90 Rise Time at FPGA Pin ; 90-10 Fall Time at FPGA Pin ; Monotonic Rise at FPGA Pin ; Monotonic Fall at FPGA Pin ; Steady State Voh at Far-end ; Steady State Vol at Far-end ; Voh Max at Far-end ; Vol Min at Far-end ; Ringback Voltage on Rise at Far-end ; Ringback Voltage on Fall at Far-end ; 10-90 Rise Time at Far-end ; 90-10 Fall Time at Far-end ; Monotonic Rise at Far-end ; Monotonic Fall at Far-end ;
+---------------+--------------+---------------------+---------------------+------------------------------+------------------------------+---------------------+---------------------+--------------------------------------+--------------------------------------+-----------------------------+-----------------------------+----------------------------+----------------------------+-----------------------------+-----------------------------+--------------------+--------------------+-------------------------------------+-------------------------------------+----------------------------+----------------------------+---------------------------+---------------------------+
; monitor_o[0]  ; 2.5 V        ; 0 s                 ; 0 s                 ; 2.32 V                       ; 6.92e-07 V                   ; 2.35 V              ; -0.00996 V          ; 0.121 V                              ; 0.03 V                               ; 4.64e-10 s                  ; 4.47e-10 s                  ; Yes                        ; Yes                        ; 2.32 V                      ; 6.92e-07 V                  ; 2.35 V             ; -0.00996 V         ; 0.121 V                             ; 0.03 V                              ; 4.64e-10 s                 ; 4.47e-10 s                 ; Yes                       ; Yes                       ;
; monitor_o[1]  ; 2.5 V        ; 0 s                 ; 0 s                 ; 2.32 V                       ; 6.92e-07 V                   ; 2.35 V              ; -0.00996 V          ; 0.121 V                              ; 0.03 V                               ; 4.64e-10 s                  ; 4.47e-10 s                  ; Yes                        ; Yes                        ; 2.32 V                      ; 6.92e-07 V                  ; 2.35 V             ; -0.00996 V         ; 0.121 V                             ; 0.03 V                              ; 4.64e-10 s                 ; 4.47e-10 s                 ; Yes                       ; Yes                       ;
; monitor_o[2]  ; 2.5 V        ; 0 s                 ; 0 s                 ; 2.32 V                       ; 6.92e-07 V                   ; 2.35 V              ; -0.00996 V          ; 0.121 V                              ; 0.03 V                               ; 4.64e-10 s                  ; 4.47e-10 s                  ; Yes                        ; Yes                        ; 2.32 V                      ; 6.92e-07 V                  ; 2.35 V             ; -0.00996 V         ; 0.121 V                             ; 0.03 V                              ; 4.64e-10 s                 ; 4.47e-10 s                 ; Yes                       ; Yes                       ;
; monitor_o[3]  ; 2.5 V        ; 0 s                 ; 0 s                 ; 2.32 V                       ; 6.92e-07 V                   ; 2.33 V              ; -0.00265 V          ; 0.133 V                              ; 0.056 V                              ; 3.55e-09 s                  ; 3.31e-09 s                  ; Yes                        ; Yes                        ; 2.32 V                      ; 6.92e-07 V                  ; 2.33 V             ; -0.00265 V         ; 0.133 V                             ; 0.056 V                             ; 3.55e-09 s                 ; 3.31e-09 s                 ; Yes                       ; Yes                       ;
; monitor_o[4]  ; 2.5 V        ; 0 s                 ; 0 s                 ; 2.32 V                       ; 6.92e-07 V                   ; 2.35 V              ; -0.00996 V          ; 0.121 V                              ; 0.03 V                               ; 4.64e-10 s                  ; 4.47e-10 s                  ; Yes                        ; Yes                        ; 2.32 V                      ; 6.92e-07 V                  ; 2.35 V             ; -0.00996 V         ; 0.121 V                             ; 0.03 V                              ; 4.64e-10 s                 ; 4.47e-10 s                 ; Yes                       ; Yes                       ;
; monitor_o[5]  ; 2.5 V        ; 0 s                 ; 0 s                 ; 2.32 V                       ; 6.92e-07 V                   ; 2.35 V              ; -0.00996 V          ; 0.121 V                              ; 0.03 V                               ; 4.64e-10 s                  ; 4.47e-10 s                  ; Yes                        ; Yes                        ; 2.32 V                      ; 6.92e-07 V                  ; 2.35 V             ; -0.00996 V         ; 0.121 V                             ; 0.03 V                              ; 4.64e-10 s                 ; 4.47e-10 s                 ; Yes                       ; Yes                       ;
; monitor_o[6]  ; 2.5 V        ; 0 s                 ; 0 s                 ; 2.32 V                       ; 6.92e-07 V                   ; 2.35 V              ; -0.00996 V          ; 0.121 V                              ; 0.03 V                               ; 4.64e-10 s                  ; 4.47e-10 s                  ; Yes                        ; Yes                        ; 2.32 V                      ; 6.92e-07 V                  ; 2.35 V             ; -0.00996 V         ; 0.121 V                             ; 0.03 V                              ; 4.64e-10 s                 ; 4.47e-10 s                 ; Yes                       ; Yes                       ;
; monitor_o[7]  ; 2.5 V        ; 0 s                 ; 0 s                 ; 2.32 V                       ; 6.92e-07 V                   ; 2.35 V              ; -0.00996 V          ; 0.121 V                              ; 0.03 V                               ; 4.64e-10 s                  ; 4.47e-10 s                  ; Yes                        ; Yes                        ; 2.32 V                      ; 6.92e-07 V                  ; 2.35 V             ; -0.00996 V         ; 0.121 V                             ; 0.03 V                              ; 4.64e-10 s                 ; 4.47e-10 s                 ; Yes                       ; Yes                       ;
; monitor_o[8]  ; 2.5 V        ; 0 s                 ; 0 s                 ; 2.32 V                       ; 6.92e-07 V                   ; 2.35 V              ; -0.00996 V          ; 0.121 V                              ; 0.03 V                               ; 4.64e-10 s                  ; 4.47e-10 s                  ; Yes                        ; Yes                        ; 2.32 V                      ; 6.92e-07 V                  ; 2.35 V             ; -0.00996 V         ; 0.121 V                             ; 0.03 V                              ; 4.64e-10 s                 ; 4.47e-10 s                 ; Yes                       ; Yes                       ;
; monitor_o[9]  ; 2.5 V        ; 0 s                 ; 0 s                 ; 2.32 V                       ; 6.92e-07 V                   ; 2.35 V              ; -0.00996 V          ; 0.121 V                              ; 0.03 V                               ; 4.64e-10 s                  ; 4.47e-10 s                  ; Yes                        ; Yes                        ; 2.32 V                      ; 6.92e-07 V                  ; 2.35 V             ; -0.00996 V         ; 0.121 V                             ; 0.03 V                              ; 4.64e-10 s                 ; 4.47e-10 s                 ; Yes                       ; Yes                       ;
; monitor_o[10] ; 2.5 V        ; 0 s                 ; 0 s                 ; 2.32 V                       ; 6.92e-07 V                   ; 2.35 V              ; -0.00996 V          ; 0.121 V                              ; 0.03 V                               ; 4.64e-10 s                  ; 4.47e-10 s                  ; Yes                        ; Yes                        ; 2.32 V                      ; 6.92e-07 V                  ; 2.35 V             ; -0.00996 V         ; 0.121 V                             ; 0.03 V                              ; 4.64e-10 s                 ; 4.47e-10 s                 ; Yes                       ; Yes                       ;
; monitor_o[11] ; 2.5 V        ; 0 s                 ; 0 s                 ; 2.32 V                       ; 6.92e-07 V                   ; 2.35 V              ; -0.00996 V          ; 0.121 V                              ; 0.03 V                               ; 4.64e-10 s                  ; 4.47e-10 s                  ; Yes                        ; Yes                        ; 2.32 V                      ; 6.92e-07 V                  ; 2.35 V             ; -0.00996 V         ; 0.121 V                             ; 0.03 V                              ; 4.64e-10 s                 ; 4.47e-10 s                 ; Yes                       ; Yes                       ;
; monitor_o[12] ; 2.5 V        ; 0 s                 ; 0 s                 ; 2.32 V                       ; 6.92e-07 V                   ; 2.35 V              ; -0.00996 V          ; 0.121 V                              ; 0.03 V                               ; 4.64e-10 s                  ; 4.47e-10 s                  ; Yes                        ; Yes                        ; 2.32 V                      ; 6.92e-07 V                  ; 2.35 V             ; -0.00996 V         ; 0.121 V                             ; 0.03 V                              ; 4.64e-10 s                 ; 4.47e-10 s                 ; Yes                       ; Yes                       ;
; monitor_o[13] ; 2.5 V        ; 0 s                 ; 0 s                 ; 2.32 V                       ; 6.92e-07 V                   ; 2.35 V              ; -0.00996 V          ; 0.121 V                              ; 0.03 V                               ; 4.64e-10 s                  ; 4.47e-10 s                  ; Yes                        ; Yes                        ; 2.32 V                      ; 6.92e-07 V                  ; 2.35 V             ; -0.00996 V         ; 0.121 V                             ; 0.03 V                              ; 4.64e-10 s                 ; 4.47e-10 s                 ; Yes                       ; Yes                       ;
; monitor_o[14] ; 2.5 V        ; 0 s                 ; 0 s                 ; 2.32 V                       ; 6.92e-07 V                   ; 2.35 V              ; -0.00996 V          ; 0.121 V                              ; 0.03 V                               ; 4.64e-10 s                  ; 4.47e-10 s                  ; Yes                        ; Yes                        ; 2.32 V                      ; 6.92e-07 V                  ; 2.35 V             ; -0.00996 V         ; 0.121 V                             ; 0.03 V                              ; 4.64e-10 s                 ; 4.47e-10 s                 ; Yes                       ; Yes                       ;
; monitor_o[15] ; 2.5 V        ; 0 s                 ; 0 s                 ; 2.32 V                       ; 6.92e-07 V                   ; 2.35 V              ; -0.00996 V          ; 0.121 V                              ; 0.03 V                               ; 4.64e-10 s                  ; 4.47e-10 s                  ; Yes                        ; Yes                        ; 2.32 V                      ; 6.92e-07 V                  ; 2.35 V             ; -0.00996 V         ; 0.121 V                             ; 0.03 V                              ; 4.64e-10 s                 ; 4.47e-10 s                 ; Yes                       ; Yes                       ;
; monitor_o[16] ; 2.5 V        ; 0 s                 ; 0 s                 ; 2.32 V                       ; 6.92e-07 V                   ; 2.35 V              ; -0.00996 V          ; 0.121 V                              ; 0.03 V                               ; 4.64e-10 s                  ; 4.47e-10 s                  ; Yes                        ; Yes                        ; 2.32 V                      ; 6.92e-07 V                  ; 2.35 V             ; -0.00996 V         ; 0.121 V                             ; 0.03 V                              ; 4.64e-10 s                 ; 4.47e-10 s                 ; Yes                       ; Yes                       ;
; monitor_o[17] ; 2.5 V        ; 0 s                 ; 0 s                 ; 2.32 V                       ; 6.92e-07 V                   ; 2.35 V              ; -0.00996 V          ; 0.121 V                              ; 0.03 V                               ; 4.64e-10 s                  ; 4.47e-10 s                  ; Yes                        ; Yes                        ; 2.32 V                      ; 6.92e-07 V                  ; 2.35 V             ; -0.00996 V         ; 0.121 V                             ; 0.03 V                              ; 4.64e-10 s                 ; 4.47e-10 s                 ; Yes                       ; Yes                       ;
; monitor_o[18] ; 2.5 V        ; 0 s                 ; 0 s                 ; 2.32 V                       ; 6.92e-07 V                   ; 2.35 V              ; -0.00996 V          ; 0.121 V                              ; 0.03 V                               ; 4.64e-10 s                  ; 4.47e-10 s                  ; Yes                        ; Yes                        ; 2.32 V                      ; 6.92e-07 V                  ; 2.35 V             ; -0.00996 V         ; 0.121 V                             ; 0.03 V                              ; 4.64e-10 s                 ; 4.47e-10 s                 ; Yes                       ; Yes                       ;
; monitor_o[19] ; 2.5 V        ; 0 s                 ; 0 s                 ; 2.32 V                       ; 6.92e-07 V                   ; 2.35 V              ; -0.00996 V          ; 0.121 V                              ; 0.03 V                               ; 4.64e-10 s                  ; 4.47e-10 s                  ; Yes                        ; Yes                        ; 2.32 V                      ; 6.92e-07 V                  ; 2.35 V             ; -0.00996 V         ; 0.121 V                             ; 0.03 V                              ; 4.64e-10 s                 ; 4.47e-10 s                 ; Yes                       ; Yes                       ;
; monitor_o[20] ; 2.5 V        ; 0 s                 ; 0 s                 ; 2.32 V                       ; 6.92e-07 V                   ; 2.35 V              ; -0.00996 V          ; 0.121 V                              ; 0.03 V                               ; 4.64e-10 s                  ; 4.47e-10 s                  ; Yes                        ; Yes                        ; 2.32 V                      ; 6.92e-07 V                  ; 2.35 V             ; -0.00996 V         ; 0.121 V                             ; 0.03 V                              ; 4.64e-10 s                 ; 4.47e-10 s                 ; Yes                       ; Yes                       ;
; monitor_o[21] ; 2.5 V        ; 0 s                 ; 0 s                 ; 2.32 V                       ; 6.92e-07 V                   ; 2.35 V              ; -0.00996 V          ; 0.121 V                              ; 0.03 V                               ; 4.64e-10 s                  ; 4.47e-10 s                  ; Yes                        ; Yes                        ; 2.32 V                      ; 6.92e-07 V                  ; 2.35 V             ; -0.00996 V         ; 0.121 V                             ; 0.03 V                              ; 4.64e-10 s                 ; 4.47e-10 s                 ; Yes                       ; Yes                       ;
; monitor_o[22] ; 2.5 V        ; 0 s                 ; 0 s                 ; 2.32 V                       ; 6.92e-07 V                   ; 2.35 V              ; -0.00996 V          ; 0.121 V                              ; 0.03 V                               ; 4.64e-10 s                  ; 4.47e-10 s                  ; Yes                        ; Yes                        ; 2.32 V                      ; 6.92e-07 V                  ; 2.35 V             ; -0.00996 V         ; 0.121 V                             ; 0.03 V                              ; 4.64e-10 s                 ; 4.47e-10 s                 ; Yes                       ; Yes                       ;
; monitor_o[23] ; 2.5 V        ; 0 s                 ; 0 s                 ; 2.32 V                       ; 6.92e-07 V                   ; 2.35 V              ; -0.00996 V          ; 0.121 V                              ; 0.03 V                               ; 4.64e-10 s                  ; 4.47e-10 s                  ; Yes                        ; Yes                        ; 2.32 V                      ; 6.92e-07 V                  ; 2.35 V             ; -0.00996 V         ; 0.121 V                             ; 0.03 V                              ; 4.64e-10 s                 ; 4.47e-10 s                 ; Yes                       ; Yes                       ;
; monitor_o[24] ; 2.5 V        ; 0 s                 ; 0 s                 ; 2.32 V                       ; 6.92e-07 V                   ; 2.35 V              ; -0.00996 V          ; 0.121 V                              ; 0.03 V                               ; 4.64e-10 s                  ; 4.47e-10 s                  ; Yes                        ; Yes                        ; 2.32 V                      ; 6.92e-07 V                  ; 2.35 V             ; -0.00996 V         ; 0.121 V                             ; 0.03 V                              ; 4.64e-10 s                 ; 4.47e-10 s                 ; Yes                       ; Yes                       ;
; monitor_o[25] ; 2.5 V        ; 0 s                 ; 0 s                 ; 2.32 V                       ; 6.92e-07 V                   ; 2.35 V              ; -0.00996 V          ; 0.121 V                              ; 0.03 V                               ; 4.64e-10 s                  ; 4.47e-10 s                  ; Yes                        ; Yes                        ; 2.32 V                      ; 6.92e-07 V                  ; 2.35 V             ; -0.00996 V         ; 0.121 V                             ; 0.03 V                              ; 4.64e-10 s                 ; 4.47e-10 s                 ; Yes                       ; Yes                       ;
; monitor_o[26] ; 2.5 V        ; 0 s                 ; 0 s                 ; 2.32 V                       ; 6.92e-07 V                   ; 2.35 V              ; -0.00996 V          ; 0.121 V                              ; 0.03 V                               ; 4.64e-10 s                  ; 4.47e-10 s                  ; Yes                        ; Yes                        ; 2.32 V                      ; 6.92e-07 V                  ; 2.35 V             ; -0.00996 V         ; 0.121 V                             ; 0.03 V                              ; 4.64e-10 s                 ; 4.47e-10 s                 ; Yes                       ; Yes                       ;
; monitor_o[27] ; 2.5 V        ; 0 s                 ; 0 s                 ; 2.32 V                       ; 6.92e-07 V                   ; 2.35 V              ; -0.00996 V          ; 0.121 V                              ; 0.03 V                               ; 4.64e-10 s                  ; 4.47e-10 s                  ; Yes                        ; Yes                        ; 2.32 V                      ; 6.92e-07 V                  ; 2.35 V             ; -0.00996 V         ; 0.121 V                             ; 0.03 V                              ; 4.64e-10 s                 ; 4.47e-10 s                 ; Yes                       ; Yes                       ;
; monitor_o[28] ; 2.5 V        ; 0 s                 ; 0 s                 ; 2.32 V                       ; 6.92e-07 V                   ; 2.35 V              ; -0.00996 V          ; 0.121 V                              ; 0.03 V                               ; 4.64e-10 s                  ; 4.47e-10 s                  ; Yes                        ; Yes                        ; 2.32 V                      ; 6.92e-07 V                  ; 2.35 V             ; -0.00996 V         ; 0.121 V                             ; 0.03 V                              ; 4.64e-10 s                 ; 4.47e-10 s                 ; Yes                       ; Yes                       ;
; monitor_o[29] ; 2.5 V        ; 0 s                 ; 0 s                 ; 2.32 V                       ; 6.92e-07 V                   ; 2.35 V              ; -0.00996 V          ; 0.121 V                              ; 0.03 V                               ; 4.64e-10 s                  ; 4.47e-10 s                  ; Yes                        ; Yes                        ; 2.32 V                      ; 6.92e-07 V                  ; 2.35 V             ; -0.00996 V         ; 0.121 V                             ; 0.03 V                              ; 4.64e-10 s                 ; 4.47e-10 s                 ; Yes                       ; Yes                       ;
; monitor_o[30] ; 2.5 V        ; 0 s                 ; 0 s                 ; 2.32 V                       ; 6.92e-07 V                   ; 2.35 V              ; -0.00996 V          ; 0.121 V                              ; 0.03 V                               ; 4.64e-10 s                  ; 4.47e-10 s                  ; Yes                        ; Yes                        ; 2.32 V                      ; 6.92e-07 V                  ; 2.35 V             ; -0.00996 V         ; 0.121 V                             ; 0.03 V                              ; 4.64e-10 s                 ; 4.47e-10 s                 ; Yes                       ; Yes                       ;
; monitor_o[31] ; 2.5 V        ; 0 s                 ; 0 s                 ; 2.32 V                       ; 6.92e-07 V                   ; 2.35 V              ; -0.00996 V          ; 0.121 V                              ; 0.03 V                               ; 4.64e-10 s                  ; 4.47e-10 s                  ; Yes                        ; Yes                        ; 2.32 V                      ; 6.92e-07 V                  ; 2.35 V             ; -0.00996 V         ; 0.121 V                             ; 0.03 V                              ; 4.64e-10 s                 ; 4.47e-10 s                 ; Yes                       ; Yes                       ;
; monitor_o[32] ; 2.5 V        ; 0 s                 ; 0 s                 ; 2.32 V                       ; 6.92e-07 V                   ; 2.35 V              ; -0.00996 V          ; 0.121 V                              ; 0.03 V                               ; 4.64e-10 s                  ; 4.47e-10 s                  ; Yes                        ; Yes                        ; 2.32 V                      ; 6.92e-07 V                  ; 2.35 V             ; -0.00996 V         ; 0.121 V                             ; 0.03 V                              ; 4.64e-10 s                 ; 4.47e-10 s                 ; Yes                       ; Yes                       ;
; monitor_o[33] ; 2.5 V        ; 0 s                 ; 0 s                 ; 2.32 V                       ; 6.92e-07 V                   ; 2.35 V              ; -0.00996 V          ; 0.121 V                              ; 0.03 V                               ; 4.64e-10 s                  ; 4.47e-10 s                  ; Yes                        ; Yes                        ; 2.32 V                      ; 6.92e-07 V                  ; 2.35 V             ; -0.00996 V         ; 0.121 V                             ; 0.03 V                              ; 4.64e-10 s                 ; 4.47e-10 s                 ; Yes                       ; Yes                       ;
; monitor_o[34] ; 2.5 V        ; 0 s                 ; 0 s                 ; 2.32 V                       ; 6.92e-07 V                   ; 2.35 V              ; -0.00996 V          ; 0.121 V                              ; 0.03 V                               ; 4.64e-10 s                  ; 4.47e-10 s                  ; Yes                        ; Yes                        ; 2.32 V                      ; 6.92e-07 V                  ; 2.35 V             ; -0.00996 V         ; 0.121 V                             ; 0.03 V                              ; 4.64e-10 s                 ; 4.47e-10 s                 ; Yes                       ; Yes                       ;
; monitor_o[35] ; 2.5 V        ; 0 s                 ; 0 s                 ; 2.32 V                       ; 6.92e-07 V                   ; 2.35 V              ; -0.00996 V          ; 0.121 V                              ; 0.03 V                               ; 4.64e-10 s                  ; 4.47e-10 s                  ; Yes                        ; Yes                        ; 2.32 V                      ; 6.92e-07 V                  ; 2.35 V             ; -0.00996 V         ; 0.121 V                             ; 0.03 V                              ; 4.64e-10 s                 ; 4.47e-10 s                 ; Yes                       ; Yes                       ;
; monitor_o[36] ; 2.5 V        ; 0 s                 ; 0 s                 ; 2.32 V                       ; 6.92e-07 V                   ; 2.35 V              ; -0.00996 V          ; 0.121 V                              ; 0.03 V                               ; 4.64e-10 s                  ; 4.47e-10 s                  ; Yes                        ; Yes                        ; 2.32 V                      ; 6.92e-07 V                  ; 2.35 V             ; -0.00996 V         ; 0.121 V                             ; 0.03 V                              ; 4.64e-10 s                 ; 4.47e-10 s                 ; Yes                       ; Yes                       ;
; monitor_o[37] ; 2.5 V        ; 0 s                 ; 0 s                 ; 2.32 V                       ; 6.92e-07 V                   ; 2.35 V              ; -0.00996 V          ; 0.121 V                              ; 0.03 V                               ; 4.64e-10 s                  ; 4.47e-10 s                  ; Yes                        ; Yes                        ; 2.32 V                      ; 6.92e-07 V                  ; 2.35 V             ; -0.00996 V         ; 0.121 V                             ; 0.03 V                              ; 4.64e-10 s                 ; 4.47e-10 s                 ; Yes                       ; Yes                       ;
; monitor_o[38] ; 2.5 V        ; 0 s                 ; 0 s                 ; 2.32 V                       ; 6.92e-07 V                   ; 2.35 V              ; -0.00996 V          ; 0.121 V                              ; 0.03 V                               ; 4.64e-10 s                  ; 4.47e-10 s                  ; Yes                        ; Yes                        ; 2.32 V                      ; 6.92e-07 V                  ; 2.35 V             ; -0.00996 V         ; 0.121 V                             ; 0.03 V                              ; 4.64e-10 s                 ; 4.47e-10 s                 ; Yes                       ; Yes                       ;
; monitor_o[39] ; 2.5 V        ; 0 s                 ; 0 s                 ; 2.32 V                       ; 6.92e-07 V                   ; 2.35 V              ; -0.00996 V          ; 0.121 V                              ; 0.03 V                               ; 4.64e-10 s                  ; 4.47e-10 s                  ; Yes                        ; Yes                        ; 2.32 V                      ; 6.92e-07 V                  ; 2.35 V             ; -0.00996 V         ; 0.121 V                             ; 0.03 V                              ; 4.64e-10 s                 ; 4.47e-10 s                 ; Yes                       ; Yes                       ;
; monitor_o[40] ; 2.5 V        ; 0 s                 ; 0 s                 ; 2.32 V                       ; 6.92e-07 V                   ; 2.35 V              ; -0.00996 V          ; 0.121 V                              ; 0.03 V                               ; 4.64e-10 s                  ; 4.47e-10 s                  ; Yes                        ; Yes                        ; 2.32 V                      ; 6.92e-07 V                  ; 2.35 V             ; -0.00996 V         ; 0.121 V                             ; 0.03 V                              ; 4.64e-10 s                 ; 4.47e-10 s                 ; Yes                       ; Yes                       ;
; monitor_o[41] ; 2.5 V        ; 0 s                 ; 0 s                 ; 2.32 V                       ; 6.92e-07 V                   ; 2.35 V              ; -0.00996 V          ; 0.121 V                              ; 0.03 V                               ; 4.64e-10 s                  ; 4.47e-10 s                  ; Yes                        ; Yes                        ; 2.32 V                      ; 6.92e-07 V                  ; 2.35 V             ; -0.00996 V         ; 0.121 V                             ; 0.03 V                              ; 4.64e-10 s                 ; 4.47e-10 s                 ; Yes                       ; Yes                       ;
; monitor_o[42] ; 2.5 V        ; 0 s                 ; 0 s                 ; 2.32 V                       ; 6.92e-07 V                   ; 2.35 V              ; -0.00996 V          ; 0.121 V                              ; 0.03 V                               ; 4.64e-10 s                  ; 4.47e-10 s                  ; Yes                        ; Yes                        ; 2.32 V                      ; 6.92e-07 V                  ; 2.35 V             ; -0.00996 V         ; 0.121 V                             ; 0.03 V                              ; 4.64e-10 s                 ; 4.47e-10 s                 ; Yes                       ; Yes                       ;
; monitor_o[43] ; 2.5 V        ; 0 s                 ; 0 s                 ; 2.32 V                       ; 6.92e-07 V                   ; 2.35 V              ; -0.00996 V          ; 0.121 V                              ; 0.03 V                               ; 4.64e-10 s                  ; 4.47e-10 s                  ; Yes                        ; Yes                        ; 2.32 V                      ; 6.92e-07 V                  ; 2.35 V             ; -0.00996 V         ; 0.121 V                             ; 0.03 V                              ; 4.64e-10 s                 ; 4.47e-10 s                 ; Yes                       ; Yes                       ;
; monitor_o[44] ; 2.5 V        ; 0 s                 ; 0 s                 ; 2.32 V                       ; 6.92e-07 V                   ; 2.35 V              ; -0.00996 V          ; 0.121 V                              ; 0.03 V                               ; 4.64e-10 s                  ; 4.47e-10 s                  ; Yes                        ; Yes                        ; 2.32 V                      ; 6.92e-07 V                  ; 2.35 V             ; -0.00996 V         ; 0.121 V                             ; 0.03 V                              ; 4.64e-10 s                 ; 4.47e-10 s                 ; Yes                       ; Yes                       ;
; monitor_o[45] ; 2.5 V        ; 0 s                 ; 0 s                 ; 2.32 V                       ; 6.92e-07 V                   ; 2.35 V              ; -0.00996 V          ; 0.121 V                              ; 0.03 V                               ; 4.64e-10 s                  ; 4.47e-10 s                  ; Yes                        ; Yes                        ; 2.32 V                      ; 6.92e-07 V                  ; 2.35 V             ; -0.00996 V         ; 0.121 V                             ; 0.03 V                              ; 4.64e-10 s                 ; 4.47e-10 s                 ; Yes                       ; Yes                       ;
; monitor_o[46] ; 2.5 V        ; 0 s                 ; 0 s                 ; 2.32 V                       ; 6.92e-07 V                   ; 2.35 V              ; -0.00996 V          ; 0.121 V                              ; 0.03 V                               ; 4.64e-10 s                  ; 4.47e-10 s                  ; Yes                        ; Yes                        ; 2.32 V                      ; 6.92e-07 V                  ; 2.35 V             ; -0.00996 V         ; 0.121 V                             ; 0.03 V                              ; 4.64e-10 s                 ; 4.47e-10 s                 ; Yes                       ; Yes                       ;
; monitor_o[47] ; 2.5 V        ; 0 s                 ; 0 s                 ; 2.32 V                       ; 6.92e-07 V                   ; 2.33 V              ; -0.00265 V          ; 0.133 V                              ; 0.056 V                              ; 3.55e-09 s                  ; 3.31e-09 s                  ; Yes                        ; Yes                        ; 2.32 V                      ; 6.92e-07 V                  ; 2.33 V             ; -0.00265 V         ; 0.133 V                             ; 0.056 V                             ; 3.55e-09 s                 ; 3.31e-09 s                 ; Yes                       ; Yes                       ;
; monitor_o[48] ; 2.5 V        ; 0 s                 ; 0 s                 ; 2.32 V                       ; 6.92e-07 V                   ; 2.35 V              ; -0.00996 V          ; 0.121 V                              ; 0.03 V                               ; 4.64e-10 s                  ; 4.47e-10 s                  ; Yes                        ; Yes                        ; 2.32 V                      ; 6.92e-07 V                  ; 2.35 V             ; -0.00996 V         ; 0.121 V                             ; 0.03 V                              ; 4.64e-10 s                 ; 4.47e-10 s                 ; Yes                       ; Yes                       ;
; monitor_o[49] ; 2.5 V        ; 0 s                 ; 0 s                 ; 2.32 V                       ; 6.92e-07 V                   ; 2.35 V              ; -0.00996 V          ; 0.121 V                              ; 0.03 V                               ; 4.64e-10 s                  ; 4.47e-10 s                  ; Yes                        ; Yes                        ; 2.32 V                      ; 6.92e-07 V                  ; 2.35 V             ; -0.00996 V         ; 0.121 V                             ; 0.03 V                              ; 4.64e-10 s                 ; 4.47e-10 s                 ; Yes                       ; Yes                       ;
; monitor_o[50] ; 2.5 V        ; 0 s                 ; 0 s                 ; 2.32 V                       ; 6.92e-07 V                   ; 2.35 V              ; -0.00996 V          ; 0.121 V                              ; 0.03 V                               ; 4.64e-10 s                  ; 4.47e-10 s                  ; Yes                        ; Yes                        ; 2.32 V                      ; 6.92e-07 V                  ; 2.35 V             ; -0.00996 V         ; 0.121 V                             ; 0.03 V                              ; 4.64e-10 s                 ; 4.47e-10 s                 ; Yes                       ; Yes                       ;
; monitor_o[51] ; 2.5 V        ; 0 s                 ; 0 s                 ; 2.32 V                       ; 6.92e-07 V                   ; 2.35 V              ; -0.00996 V          ; 0.121 V                              ; 0.03 V                               ; 4.64e-10 s                  ; 4.47e-10 s                  ; Yes                        ; Yes                        ; 2.32 V                      ; 6.92e-07 V                  ; 2.35 V             ; -0.00996 V         ; 0.121 V                             ; 0.03 V                              ; 4.64e-10 s                 ; 4.47e-10 s                 ; Yes                       ; Yes                       ;
; monitor_o[52] ; 2.5 V        ; 0 s                 ; 0 s                 ; 2.32 V                       ; 6.92e-07 V                   ; 2.35 V              ; -0.00996 V          ; 0.121 V                              ; 0.03 V                               ; 4.64e-10 s                  ; 4.47e-10 s                  ; Yes                        ; Yes                        ; 2.32 V                      ; 6.92e-07 V                  ; 2.35 V             ; -0.00996 V         ; 0.121 V                             ; 0.03 V                              ; 4.64e-10 s                 ; 4.47e-10 s                 ; Yes                       ; Yes                       ;
; monitor_o[53] ; 2.5 V        ; 0 s                 ; 0 s                 ; 2.32 V                       ; 6.92e-07 V                   ; 2.35 V              ; -0.00996 V          ; 0.121 V                              ; 0.03 V                               ; 4.64e-10 s                  ; 4.47e-10 s                  ; Yes                        ; Yes                        ; 2.32 V                      ; 6.92e-07 V                  ; 2.35 V             ; -0.00996 V         ; 0.121 V                             ; 0.03 V                              ; 4.64e-10 s                 ; 4.47e-10 s                 ; Yes                       ; Yes                       ;
; monitor_o[54] ; 2.5 V        ; 0 s                 ; 0 s                 ; 2.32 V                       ; 6.92e-07 V                   ; 2.35 V              ; -0.00996 V          ; 0.121 V                              ; 0.03 V                               ; 4.64e-10 s                  ; 4.47e-10 s                  ; Yes                        ; Yes                        ; 2.32 V                      ; 6.92e-07 V                  ; 2.35 V             ; -0.00996 V         ; 0.121 V                             ; 0.03 V                              ; 4.64e-10 s                 ; 4.47e-10 s                 ; Yes                       ; Yes                       ;
; monitor_o[55] ; 2.5 V        ; 0 s                 ; 0 s                 ; 2.32 V                       ; 6.92e-07 V                   ; 2.35 V              ; -0.00996 V          ; 0.121 V                              ; 0.03 V                               ; 4.64e-10 s                  ; 4.47e-10 s                  ; Yes                        ; Yes                        ; 2.32 V                      ; 6.92e-07 V                  ; 2.35 V             ; -0.00996 V         ; 0.121 V                             ; 0.03 V                              ; 4.64e-10 s                 ; 4.47e-10 s                 ; Yes                       ; Yes                       ;
; monitor_o[56] ; 2.5 V        ; 0 s                 ; 0 s                 ; 2.32 V                       ; 6.92e-07 V                   ; 2.35 V              ; -0.00996 V          ; 0.121 V                              ; 0.03 V                               ; 4.64e-10 s                  ; 4.47e-10 s                  ; Yes                        ; Yes                        ; 2.32 V                      ; 6.92e-07 V                  ; 2.35 V             ; -0.00996 V         ; 0.121 V                             ; 0.03 V                              ; 4.64e-10 s                 ; 4.47e-10 s                 ; Yes                       ; Yes                       ;
; monitor_o[57] ; 2.5 V        ; 0 s                 ; 0 s                 ; 2.32 V                       ; 6.92e-07 V                   ; 2.35 V              ; -0.00996 V          ; 0.121 V                              ; 0.03 V                               ; 4.64e-10 s                  ; 4.47e-10 s                  ; Yes                        ; Yes                        ; 2.32 V                      ; 6.92e-07 V                  ; 2.35 V             ; -0.00996 V         ; 0.121 V                             ; 0.03 V                              ; 4.64e-10 s                 ; 4.47e-10 s                 ; Yes                       ; Yes                       ;
; monitor_o[58] ; 2.5 V        ; 0 s                 ; 0 s                 ; 2.32 V                       ; 6.92e-07 V                   ; 2.33 V              ; -0.00265 V          ; 0.133 V                              ; 0.056 V                              ; 3.55e-09 s                  ; 3.31e-09 s                  ; Yes                        ; Yes                        ; 2.32 V                      ; 6.92e-07 V                  ; 2.33 V             ; -0.00265 V         ; 0.133 V                             ; 0.056 V                             ; 3.55e-09 s                 ; 3.31e-09 s                 ; Yes                       ; Yes                       ;
; monitor_o[59] ; 2.5 V        ; 0 s                 ; 0 s                 ; 2.32 V                       ; 6.92e-07 V                   ; 2.35 V              ; -0.00996 V          ; 0.121 V                              ; 0.03 V                               ; 4.64e-10 s                  ; 4.47e-10 s                  ; Yes                        ; Yes                        ; 2.32 V                      ; 6.92e-07 V                  ; 2.35 V             ; -0.00996 V         ; 0.121 V                             ; 0.03 V                              ; 4.64e-10 s                 ; 4.47e-10 s                 ; Yes                       ; Yes                       ;
; monitor_o[60] ; 2.5 V        ; 0 s                 ; 0 s                 ; 2.32 V                       ; 6.92e-07 V                   ; 2.35 V              ; -0.00996 V          ; 0.121 V                              ; 0.03 V                               ; 4.64e-10 s                  ; 4.47e-10 s                  ; Yes                        ; Yes                        ; 2.32 V                      ; 6.92e-07 V                  ; 2.35 V             ; -0.00996 V         ; 0.121 V                             ; 0.03 V                              ; 4.64e-10 s                 ; 4.47e-10 s                 ; Yes                       ; Yes                       ;
; monitor_o[61] ; 2.5 V        ; 0 s                 ; 0 s                 ; 2.32 V                       ; 6.92e-07 V                   ; 2.35 V              ; -0.00996 V          ; 0.121 V                              ; 0.03 V                               ; 4.64e-10 s                  ; 4.47e-10 s                  ; Yes                        ; Yes                        ; 2.32 V                      ; 6.92e-07 V                  ; 2.35 V             ; -0.00996 V         ; 0.121 V                             ; 0.03 V                              ; 4.64e-10 s                 ; 4.47e-10 s                 ; Yes                       ; Yes                       ;
; monitor_o[62] ; 2.5 V        ; 0 s                 ; 0 s                 ; 2.32 V                       ; 6.92e-07 V                   ; 2.35 V              ; -0.00996 V          ; 0.121 V                              ; 0.03 V                               ; 4.64e-10 s                  ; 4.47e-10 s                  ; Yes                        ; Yes                        ; 2.32 V                      ; 6.92e-07 V                  ; 2.35 V             ; -0.00996 V         ; 0.121 V                             ; 0.03 V                              ; 4.64e-10 s                 ; 4.47e-10 s                 ; Yes                       ; Yes                       ;
; monitor_o[63] ; 2.5 V        ; 0 s                 ; 0 s                 ; 2.32 V                       ; 6.92e-07 V                   ; 2.35 V              ; -0.00996 V          ; 0.121 V                              ; 0.03 V                               ; 4.64e-10 s                  ; 4.47e-10 s                  ; Yes                        ; Yes                        ; 2.32 V                      ; 6.92e-07 V                  ; 2.35 V             ; -0.00996 V         ; 0.121 V                             ; 0.03 V                              ; 4.64e-10 s                 ; 4.47e-10 s                 ; Yes                       ; Yes                       ;
; ~ALTERA_DCLK~ ; 2.5 V        ; 0 s                 ; 0 s                 ; 2.32 V                       ; 3.75e-07 V                   ; 2.35 V              ; -0.0109 V           ; 0.084 V                              ; 0.027 V                              ; 4.31e-10 s                  ; 3.61e-10 s                  ; Yes                        ; Yes                        ; 2.32 V                      ; 3.75e-07 V                  ; 2.35 V             ; -0.0109 V          ; 0.084 V                             ; 0.027 V                             ; 4.31e-10 s                 ; 3.61e-10 s                 ; Yes                       ; Yes                       ;
; ~ALTERA_nCEO~ ; 2.5 V        ; 0 s                 ; 0 s                 ; 2.32 V                       ; 6.15e-07 V                   ; 2.35 V              ; -0.00712 V          ; 0.093 V                              ; 0.02 V                               ; 6.21e-10 s                  ; 7.9e-10 s                   ; Yes                        ; Yes                        ; 2.32 V                      ; 6.15e-07 V                  ; 2.35 V             ; -0.00712 V         ; 0.093 V                             ; 0.02 V                              ; 6.21e-10 s                 ; 7.9e-10 s                  ; Yes                       ; Yes                       ;
+---------------+--------------+---------------------+---------------------+------------------------------+------------------------------+---------------------+---------------------+--------------------------------------+--------------------------------------+-----------------------------+-----------------------------+----------------------------+----------------------------+-----------------------------+-----------------------------+--------------------+--------------------+-------------------------------------+-------------------------------------+----------------------------+----------------------------+---------------------------+---------------------------+


+--------------------------------------------------------------------------------------------------------------------------------------------------------------------------------------------------------------------------------------------------------------------------------------------------------------------------------------------------------------------------------------------------------------------------------------------------------------------------------------------------------------------------------------------------------------------------------------------------------------------------------------------------------------------------------------------+
; Signal Integrity Metrics (Fast 1200mv 0c Model)                                                                                                                                                                                                                                                                                                                                                                                                                                                                                                                                                                                                                                            ;
+---------------+--------------+---------------------+---------------------+------------------------------+------------------------------+---------------------+---------------------+--------------------------------------+--------------------------------------+-----------------------------+-----------------------------+----------------------------+----------------------------+-----------------------------+-----------------------------+--------------------+--------------------+-------------------------------------+-------------------------------------+----------------------------+----------------------------+---------------------------+---------------------------+
; Pin           ; I/O Standard ; Board Delay on Rise ; Board Delay on Fall ; Steady State Voh at FPGA Pin ; Steady State Vol at FPGA Pin ; Voh Max at FPGA Pin ; Vol Min at FPGA Pin ; Ringback Voltage on Rise at FPGA Pin ; Ringback Voltage on Fall at FPGA Pin ; 10-90 Rise Time at FPGA Pin ; 90-10 Fall Time at FPGA Pin ; Monotonic Rise at FPGA Pin ; Monotonic Fall at FPGA Pin ; Steady State Voh at Far-end ; Steady State Vol at Far-end ; Voh Max at Far-end ; Vol Min at Far-end ; Ringback Voltage on Rise at Far-end ; Ringback Voltage on Fall at Far-end ; 10-90 Rise Time at Far-end ; 90-10 Fall Time at Far-end ; Monotonic Rise at Far-end ; Monotonic Fall at Far-end ;
+---------------+--------------+---------------------+---------------------+------------------------------+------------------------------+---------------------+---------------------+--------------------------------------+--------------------------------------+-----------------------------+-----------------------------+----------------------------+----------------------------+-----------------------------+-----------------------------+--------------------+--------------------+-------------------------------------+-------------------------------------+----------------------------+----------------------------+---------------------------+---------------------------+
; monitor_o[0]  ; 2.5 V        ; 0 s                 ; 0 s                 ; 2.62 V                       ; 4.05e-08 V                   ; 2.72 V              ; -0.0349 V           ; 0.173 V                              ; 0.1 V                                ; 2.72e-10 s                  ; 2.69e-10 s                  ; Yes                        ; Yes                        ; 2.62 V                      ; 4.05e-08 V                  ; 2.72 V             ; -0.0349 V          ; 0.173 V                             ; 0.1 V                               ; 2.72e-10 s                 ; 2.69e-10 s                 ; Yes                       ; Yes                       ;
; monitor_o[1]  ; 2.5 V        ; 0 s                 ; 0 s                 ; 2.62 V                       ; 4.05e-08 V                   ; 2.72 V              ; -0.0349 V           ; 0.173 V                              ; 0.1 V                                ; 2.72e-10 s                  ; 2.69e-10 s                  ; Yes                        ; Yes                        ; 2.62 V                      ; 4.05e-08 V                  ; 2.72 V             ; -0.0349 V          ; 0.173 V                             ; 0.1 V                               ; 2.72e-10 s                 ; 2.69e-10 s                 ; Yes                       ; Yes                       ;
; monitor_o[2]  ; 2.5 V        ; 0 s                 ; 0 s                 ; 2.62 V                       ; 4.05e-08 V                   ; 2.72 V              ; -0.0349 V           ; 0.173 V                              ; 0.1 V                                ; 2.72e-10 s                  ; 2.69e-10 s                  ; Yes                        ; Yes                        ; 2.62 V                      ; 4.05e-08 V                  ; 2.72 V             ; -0.0349 V          ; 0.173 V                             ; 0.1 V                               ; 2.72e-10 s                 ; 2.69e-10 s                 ; Yes                       ; Yes                       ;
; monitor_o[3]  ; 2.5 V        ; 0 s                 ; 0 s                 ; 2.62 V                       ; 4.05e-08 V                   ; 2.64 V              ; -0.0113 V           ; 0.208 V                              ; 0.179 V                              ; 2.38e-09 s                  ; 2.23e-09 s                  ; No                         ; Yes                        ; 2.62 V                      ; 4.05e-08 V                  ; 2.64 V             ; -0.0113 V          ; 0.208 V                             ; 0.179 V                             ; 2.38e-09 s                 ; 2.23e-09 s                 ; No                        ; Yes                       ;
; monitor_o[4]  ; 2.5 V        ; 0 s                 ; 0 s                 ; 2.62 V                       ; 4.05e-08 V                   ; 2.72 V              ; -0.0349 V           ; 0.173 V                              ; 0.1 V                                ; 2.72e-10 s                  ; 2.69e-10 s                  ; Yes                        ; Yes                        ; 2.62 V                      ; 4.05e-08 V                  ; 2.72 V             ; -0.0349 V          ; 0.173 V                             ; 0.1 V                               ; 2.72e-10 s                 ; 2.69e-10 s                 ; Yes                       ; Yes                       ;
; monitor_o[5]  ; 2.5 V        ; 0 s                 ; 0 s                 ; 2.62 V                       ; 4.05e-08 V                   ; 2.72 V              ; -0.0349 V           ; 0.173 V                              ; 0.1 V                                ; 2.72e-10 s                  ; 2.69e-10 s                  ; Yes                        ; Yes                        ; 2.62 V                      ; 4.05e-08 V                  ; 2.72 V             ; -0.0349 V          ; 0.173 V                             ; 0.1 V                               ; 2.72e-10 s                 ; 2.69e-10 s                 ; Yes                       ; Yes                       ;
; monitor_o[6]  ; 2.5 V        ; 0 s                 ; 0 s                 ; 2.62 V                       ; 4.05e-08 V                   ; 2.72 V              ; -0.0349 V           ; 0.173 V                              ; 0.1 V                                ; 2.72e-10 s                  ; 2.69e-10 s                  ; Yes                        ; Yes                        ; 2.62 V                      ; 4.05e-08 V                  ; 2.72 V             ; -0.0349 V          ; 0.173 V                             ; 0.1 V                               ; 2.72e-10 s                 ; 2.69e-10 s                 ; Yes                       ; Yes                       ;
; monitor_o[7]  ; 2.5 V        ; 0 s                 ; 0 s                 ; 2.62 V                       ; 4.05e-08 V                   ; 2.72 V              ; -0.0349 V           ; 0.173 V                              ; 0.1 V                                ; 2.72e-10 s                  ; 2.69e-10 s                  ; Yes                        ; Yes                        ; 2.62 V                      ; 4.05e-08 V                  ; 2.72 V             ; -0.0349 V          ; 0.173 V                             ; 0.1 V                               ; 2.72e-10 s                 ; 2.69e-10 s                 ; Yes                       ; Yes                       ;
; monitor_o[8]  ; 2.5 V        ; 0 s                 ; 0 s                 ; 2.62 V                       ; 4.05e-08 V                   ; 2.72 V              ; -0.0349 V           ; 0.173 V                              ; 0.1 V                                ; 2.72e-10 s                  ; 2.69e-10 s                  ; Yes                        ; Yes                        ; 2.62 V                      ; 4.05e-08 V                  ; 2.72 V             ; -0.0349 V          ; 0.173 V                             ; 0.1 V                               ; 2.72e-10 s                 ; 2.69e-10 s                 ; Yes                       ; Yes                       ;
; monitor_o[9]  ; 2.5 V        ; 0 s                 ; 0 s                 ; 2.62 V                       ; 4.05e-08 V                   ; 2.72 V              ; -0.0349 V           ; 0.173 V                              ; 0.1 V                                ; 2.72e-10 s                  ; 2.69e-10 s                  ; Yes                        ; Yes                        ; 2.62 V                      ; 4.05e-08 V                  ; 2.72 V             ; -0.0349 V          ; 0.173 V                             ; 0.1 V                               ; 2.72e-10 s                 ; 2.69e-10 s                 ; Yes                       ; Yes                       ;
; monitor_o[10] ; 2.5 V        ; 0 s                 ; 0 s                 ; 2.62 V                       ; 4.05e-08 V                   ; 2.72 V              ; -0.0349 V           ; 0.173 V                              ; 0.1 V                                ; 2.72e-10 s                  ; 2.69e-10 s                  ; Yes                        ; Yes                        ; 2.62 V                      ; 4.05e-08 V                  ; 2.72 V             ; -0.0349 V          ; 0.173 V                             ; 0.1 V                               ; 2.72e-10 s                 ; 2.69e-10 s                 ; Yes                       ; Yes                       ;
; monitor_o[11] ; 2.5 V        ; 0 s                 ; 0 s                 ; 2.62 V                       ; 4.05e-08 V                   ; 2.72 V              ; -0.0349 V           ; 0.173 V                              ; 0.1 V                                ; 2.72e-10 s                  ; 2.69e-10 s                  ; Yes                        ; Yes                        ; 2.62 V                      ; 4.05e-08 V                  ; 2.72 V             ; -0.0349 V          ; 0.173 V                             ; 0.1 V                               ; 2.72e-10 s                 ; 2.69e-10 s                 ; Yes                       ; Yes                       ;
; monitor_o[12] ; 2.5 V        ; 0 s                 ; 0 s                 ; 2.62 V                       ; 4.05e-08 V                   ; 2.72 V              ; -0.0349 V           ; 0.173 V                              ; 0.1 V                                ; 2.72e-10 s                  ; 2.69e-10 s                  ; Yes                        ; Yes                        ; 2.62 V                      ; 4.05e-08 V                  ; 2.72 V             ; -0.0349 V          ; 0.173 V                             ; 0.1 V                               ; 2.72e-10 s                 ; 2.69e-10 s                 ; Yes                       ; Yes                       ;
; monitor_o[13] ; 2.5 V        ; 0 s                 ; 0 s                 ; 2.62 V                       ; 4.05e-08 V                   ; 2.72 V              ; -0.0349 V           ; 0.173 V                              ; 0.1 V                                ; 2.72e-10 s                  ; 2.69e-10 s                  ; Yes                        ; Yes                        ; 2.62 V                      ; 4.05e-08 V                  ; 2.72 V             ; -0.0349 V          ; 0.173 V                             ; 0.1 V                               ; 2.72e-10 s                 ; 2.69e-10 s                 ; Yes                       ; Yes                       ;
; monitor_o[14] ; 2.5 V        ; 0 s                 ; 0 s                 ; 2.62 V                       ; 4.05e-08 V                   ; 2.72 V              ; -0.0349 V           ; 0.173 V                              ; 0.1 V                                ; 2.72e-10 s                  ; 2.69e-10 s                  ; Yes                        ; Yes                        ; 2.62 V                      ; 4.05e-08 V                  ; 2.72 V             ; -0.0349 V          ; 0.173 V                             ; 0.1 V                               ; 2.72e-10 s                 ; 2.69e-10 s                 ; Yes                       ; Yes                       ;
; monitor_o[15] ; 2.5 V        ; 0 s                 ; 0 s                 ; 2.62 V                       ; 4.05e-08 V                   ; 2.72 V              ; -0.0349 V           ; 0.173 V                              ; 0.1 V                                ; 2.72e-10 s                  ; 2.69e-10 s                  ; Yes                        ; Yes                        ; 2.62 V                      ; 4.05e-08 V                  ; 2.72 V             ; -0.0349 V          ; 0.173 V                             ; 0.1 V                               ; 2.72e-10 s                 ; 2.69e-10 s                 ; Yes                       ; Yes                       ;
; monitor_o[16] ; 2.5 V        ; 0 s                 ; 0 s                 ; 2.62 V                       ; 4.05e-08 V                   ; 2.72 V              ; -0.0349 V           ; 0.173 V                              ; 0.1 V                                ; 2.72e-10 s                  ; 2.69e-10 s                  ; Yes                        ; Yes                        ; 2.62 V                      ; 4.05e-08 V                  ; 2.72 V             ; -0.0349 V          ; 0.173 V                             ; 0.1 V                               ; 2.72e-10 s                 ; 2.69e-10 s                 ; Yes                       ; Yes                       ;
; monitor_o[17] ; 2.5 V        ; 0 s                 ; 0 s                 ; 2.62 V                       ; 4.05e-08 V                   ; 2.72 V              ; -0.0349 V           ; 0.173 V                              ; 0.1 V                                ; 2.72e-10 s                  ; 2.69e-10 s                  ; Yes                        ; Yes                        ; 2.62 V                      ; 4.05e-08 V                  ; 2.72 V             ; -0.0349 V          ; 0.173 V                             ; 0.1 V                               ; 2.72e-10 s                 ; 2.69e-10 s                 ; Yes                       ; Yes                       ;
; monitor_o[18] ; 2.5 V        ; 0 s                 ; 0 s                 ; 2.62 V                       ; 4.05e-08 V                   ; 2.72 V              ; -0.0349 V           ; 0.173 V                              ; 0.1 V                                ; 2.72e-10 s                  ; 2.69e-10 s                  ; Yes                        ; Yes                        ; 2.62 V                      ; 4.05e-08 V                  ; 2.72 V             ; -0.0349 V          ; 0.173 V                             ; 0.1 V                               ; 2.72e-10 s                 ; 2.69e-10 s                 ; Yes                       ; Yes                       ;
; monitor_o[19] ; 2.5 V        ; 0 s                 ; 0 s                 ; 2.62 V                       ; 4.05e-08 V                   ; 2.72 V              ; -0.0349 V           ; 0.173 V                              ; 0.1 V                                ; 2.72e-10 s                  ; 2.69e-10 s                  ; Yes                        ; Yes                        ; 2.62 V                      ; 4.05e-08 V                  ; 2.72 V             ; -0.0349 V          ; 0.173 V                             ; 0.1 V                               ; 2.72e-10 s                 ; 2.69e-10 s                 ; Yes                       ; Yes                       ;
; monitor_o[20] ; 2.5 V        ; 0 s                 ; 0 s                 ; 2.62 V                       ; 4.05e-08 V                   ; 2.72 V              ; -0.0349 V           ; 0.173 V                              ; 0.1 V                                ; 2.72e-10 s                  ; 2.69e-10 s                  ; Yes                        ; Yes                        ; 2.62 V                      ; 4.05e-08 V                  ; 2.72 V             ; -0.0349 V          ; 0.173 V                             ; 0.1 V                               ; 2.72e-10 s                 ; 2.69e-10 s                 ; Yes                       ; Yes                       ;
; monitor_o[21] ; 2.5 V        ; 0 s                 ; 0 s                 ; 2.62 V                       ; 4.05e-08 V                   ; 2.72 V              ; -0.0349 V           ; 0.173 V                              ; 0.1 V                                ; 2.72e-10 s                  ; 2.69e-10 s                  ; Yes                        ; Yes                        ; 2.62 V                      ; 4.05e-08 V                  ; 2.72 V             ; -0.0349 V          ; 0.173 V                             ; 0.1 V                               ; 2.72e-10 s                 ; 2.69e-10 s                 ; Yes                       ; Yes                       ;
; monitor_o[22] ; 2.5 V        ; 0 s                 ; 0 s                 ; 2.62 V                       ; 4.05e-08 V                   ; 2.72 V              ; -0.0349 V           ; 0.173 V                              ; 0.1 V                                ; 2.72e-10 s                  ; 2.69e-10 s                  ; Yes                        ; Yes                        ; 2.62 V                      ; 4.05e-08 V                  ; 2.72 V             ; -0.0349 V          ; 0.173 V                             ; 0.1 V                               ; 2.72e-10 s                 ; 2.69e-10 s                 ; Yes                       ; Yes                       ;
; monitor_o[23] ; 2.5 V        ; 0 s                 ; 0 s                 ; 2.62 V                       ; 4.05e-08 V                   ; 2.72 V              ; -0.0349 V           ; 0.173 V                              ; 0.1 V                                ; 2.72e-10 s                  ; 2.69e-10 s                  ; Yes                        ; Yes                        ; 2.62 V                      ; 4.05e-08 V                  ; 2.72 V             ; -0.0349 V          ; 0.173 V                             ; 0.1 V                               ; 2.72e-10 s                 ; 2.69e-10 s                 ; Yes                       ; Yes                       ;
; monitor_o[24] ; 2.5 V        ; 0 s                 ; 0 s                 ; 2.62 V                       ; 4.05e-08 V                   ; 2.72 V              ; -0.0349 V           ; 0.173 V                              ; 0.1 V                                ; 2.72e-10 s                  ; 2.69e-10 s                  ; Yes                        ; Yes                        ; 2.62 V                      ; 4.05e-08 V                  ; 2.72 V             ; -0.0349 V          ; 0.173 V                             ; 0.1 V                               ; 2.72e-10 s                 ; 2.69e-10 s                 ; Yes                       ; Yes                       ;
; monitor_o[25] ; 2.5 V        ; 0 s                 ; 0 s                 ; 2.62 V                       ; 4.05e-08 V                   ; 2.72 V              ; -0.0349 V           ; 0.173 V                              ; 0.1 V                                ; 2.72e-10 s                  ; 2.69e-10 s                  ; Yes                        ; Yes                        ; 2.62 V                      ; 4.05e-08 V                  ; 2.72 V             ; -0.0349 V          ; 0.173 V                             ; 0.1 V                               ; 2.72e-10 s                 ; 2.69e-10 s                 ; Yes                       ; Yes                       ;
; monitor_o[26] ; 2.5 V        ; 0 s                 ; 0 s                 ; 2.62 V                       ; 4.05e-08 V                   ; 2.72 V              ; -0.0349 V           ; 0.173 V                              ; 0.1 V                                ; 2.72e-10 s                  ; 2.69e-10 s                  ; Yes                        ; Yes                        ; 2.62 V                      ; 4.05e-08 V                  ; 2.72 V             ; -0.0349 V          ; 0.173 V                             ; 0.1 V                               ; 2.72e-10 s                 ; 2.69e-10 s                 ; Yes                       ; Yes                       ;
; monitor_o[27] ; 2.5 V        ; 0 s                 ; 0 s                 ; 2.62 V                       ; 4.05e-08 V                   ; 2.72 V              ; -0.0349 V           ; 0.173 V                              ; 0.1 V                                ; 2.72e-10 s                  ; 2.69e-10 s                  ; Yes                        ; Yes                        ; 2.62 V                      ; 4.05e-08 V                  ; 2.72 V             ; -0.0349 V          ; 0.173 V                             ; 0.1 V                               ; 2.72e-10 s                 ; 2.69e-10 s                 ; Yes                       ; Yes                       ;
; monitor_o[28] ; 2.5 V        ; 0 s                 ; 0 s                 ; 2.62 V                       ; 4.05e-08 V                   ; 2.72 V              ; -0.0349 V           ; 0.173 V                              ; 0.1 V                                ; 2.72e-10 s                  ; 2.69e-10 s                  ; Yes                        ; Yes                        ; 2.62 V                      ; 4.05e-08 V                  ; 2.72 V             ; -0.0349 V          ; 0.173 V                             ; 0.1 V                               ; 2.72e-10 s                 ; 2.69e-10 s                 ; Yes                       ; Yes                       ;
; monitor_o[29] ; 2.5 V        ; 0 s                 ; 0 s                 ; 2.62 V                       ; 4.05e-08 V                   ; 2.72 V              ; -0.0349 V           ; 0.173 V                              ; 0.1 V                                ; 2.72e-10 s                  ; 2.69e-10 s                  ; Yes                        ; Yes                        ; 2.62 V                      ; 4.05e-08 V                  ; 2.72 V             ; -0.0349 V          ; 0.173 V                             ; 0.1 V                               ; 2.72e-10 s                 ; 2.69e-10 s                 ; Yes                       ; Yes                       ;
; monitor_o[30] ; 2.5 V        ; 0 s                 ; 0 s                 ; 2.62 V                       ; 4.05e-08 V                   ; 2.72 V              ; -0.0349 V           ; 0.173 V                              ; 0.1 V                                ; 2.72e-10 s                  ; 2.69e-10 s                  ; Yes                        ; Yes                        ; 2.62 V                      ; 4.05e-08 V                  ; 2.72 V             ; -0.0349 V          ; 0.173 V                             ; 0.1 V                               ; 2.72e-10 s                 ; 2.69e-10 s                 ; Yes                       ; Yes                       ;
; monitor_o[31] ; 2.5 V        ; 0 s                 ; 0 s                 ; 2.62 V                       ; 4.05e-08 V                   ; 2.72 V              ; -0.0349 V           ; 0.173 V                              ; 0.1 V                                ; 2.72e-10 s                  ; 2.69e-10 s                  ; Yes                        ; Yes                        ; 2.62 V                      ; 4.05e-08 V                  ; 2.72 V             ; -0.0349 V          ; 0.173 V                             ; 0.1 V                               ; 2.72e-10 s                 ; 2.69e-10 s                 ; Yes                       ; Yes                       ;
; monitor_o[32] ; 2.5 V        ; 0 s                 ; 0 s                 ; 2.62 V                       ; 4.05e-08 V                   ; 2.72 V              ; -0.0349 V           ; 0.173 V                              ; 0.1 V                                ; 2.72e-10 s                  ; 2.69e-10 s                  ; Yes                        ; Yes                        ; 2.62 V                      ; 4.05e-08 V                  ; 2.72 V             ; -0.0349 V          ; 0.173 V                             ; 0.1 V                               ; 2.72e-10 s                 ; 2.69e-10 s                 ; Yes                       ; Yes                       ;
; monitor_o[33] ; 2.5 V        ; 0 s                 ; 0 s                 ; 2.62 V                       ; 4.05e-08 V                   ; 2.72 V              ; -0.0349 V           ; 0.173 V                              ; 0.1 V                                ; 2.72e-10 s                  ; 2.69e-10 s                  ; Yes                        ; Yes                        ; 2.62 V                      ; 4.05e-08 V                  ; 2.72 V             ; -0.0349 V          ; 0.173 V                             ; 0.1 V                               ; 2.72e-10 s                 ; 2.69e-10 s                 ; Yes                       ; Yes                       ;
; monitor_o[34] ; 2.5 V        ; 0 s                 ; 0 s                 ; 2.62 V                       ; 4.05e-08 V                   ; 2.72 V              ; -0.0349 V           ; 0.173 V                              ; 0.1 V                                ; 2.72e-10 s                  ; 2.69e-10 s                  ; Yes                        ; Yes                        ; 2.62 V                      ; 4.05e-08 V                  ; 2.72 V             ; -0.0349 V          ; 0.173 V                             ; 0.1 V                               ; 2.72e-10 s                 ; 2.69e-10 s                 ; Yes                       ; Yes                       ;
; monitor_o[35] ; 2.5 V        ; 0 s                 ; 0 s                 ; 2.62 V                       ; 4.05e-08 V                   ; 2.72 V              ; -0.0349 V           ; 0.173 V                              ; 0.1 V                                ; 2.72e-10 s                  ; 2.69e-10 s                  ; Yes                        ; Yes                        ; 2.62 V                      ; 4.05e-08 V                  ; 2.72 V             ; -0.0349 V          ; 0.173 V                             ; 0.1 V                               ; 2.72e-10 s                 ; 2.69e-10 s                 ; Yes                       ; Yes                       ;
; monitor_o[36] ; 2.5 V        ; 0 s                 ; 0 s                 ; 2.62 V                       ; 4.05e-08 V                   ; 2.72 V              ; -0.0349 V           ; 0.173 V                              ; 0.1 V                                ; 2.72e-10 s                  ; 2.69e-10 s                  ; Yes                        ; Yes                        ; 2.62 V                      ; 4.05e-08 V                  ; 2.72 V             ; -0.0349 V          ; 0.173 V                             ; 0.1 V                               ; 2.72e-10 s                 ; 2.69e-10 s                 ; Yes                       ; Yes                       ;
; monitor_o[37] ; 2.5 V        ; 0 s                 ; 0 s                 ; 2.62 V                       ; 4.05e-08 V                   ; 2.72 V              ; -0.0349 V           ; 0.173 V                              ; 0.1 V                                ; 2.72e-10 s                  ; 2.69e-10 s                  ; Yes                        ; Yes                        ; 2.62 V                      ; 4.05e-08 V                  ; 2.72 V             ; -0.0349 V          ; 0.173 V                             ; 0.1 V                               ; 2.72e-10 s                 ; 2.69e-10 s                 ; Yes                       ; Yes                       ;
; monitor_o[38] ; 2.5 V        ; 0 s                 ; 0 s                 ; 2.62 V                       ; 4.05e-08 V                   ; 2.72 V              ; -0.0349 V           ; 0.173 V                              ; 0.1 V                                ; 2.72e-10 s                  ; 2.69e-10 s                  ; Yes                        ; Yes                        ; 2.62 V                      ; 4.05e-08 V                  ; 2.72 V             ; -0.0349 V          ; 0.173 V                             ; 0.1 V                               ; 2.72e-10 s                 ; 2.69e-10 s                 ; Yes                       ; Yes                       ;
; monitor_o[39] ; 2.5 V        ; 0 s                 ; 0 s                 ; 2.62 V                       ; 4.05e-08 V                   ; 2.72 V              ; -0.0349 V           ; 0.173 V                              ; 0.1 V                                ; 2.72e-10 s                  ; 2.69e-10 s                  ; Yes                        ; Yes                        ; 2.62 V                      ; 4.05e-08 V                  ; 2.72 V             ; -0.0349 V          ; 0.173 V                             ; 0.1 V                               ; 2.72e-10 s                 ; 2.69e-10 s                 ; Yes                       ; Yes                       ;
; monitor_o[40] ; 2.5 V        ; 0 s                 ; 0 s                 ; 2.62 V                       ; 4.05e-08 V                   ; 2.72 V              ; -0.0349 V           ; 0.173 V                              ; 0.1 V                                ; 2.72e-10 s                  ; 2.69e-10 s                  ; Yes                        ; Yes                        ; 2.62 V                      ; 4.05e-08 V                  ; 2.72 V             ; -0.0349 V          ; 0.173 V                             ; 0.1 V                               ; 2.72e-10 s                 ; 2.69e-10 s                 ; Yes                       ; Yes                       ;
; monitor_o[41] ; 2.5 V        ; 0 s                 ; 0 s                 ; 2.62 V                       ; 4.05e-08 V                   ; 2.72 V              ; -0.0349 V           ; 0.173 V                              ; 0.1 V                                ; 2.72e-10 s                  ; 2.69e-10 s                  ; Yes                        ; Yes                        ; 2.62 V                      ; 4.05e-08 V                  ; 2.72 V             ; -0.0349 V          ; 0.173 V                             ; 0.1 V                               ; 2.72e-10 s                 ; 2.69e-10 s                 ; Yes                       ; Yes                       ;
; monitor_o[42] ; 2.5 V        ; 0 s                 ; 0 s                 ; 2.62 V                       ; 4.05e-08 V                   ; 2.72 V              ; -0.0349 V           ; 0.173 V                              ; 0.1 V                                ; 2.72e-10 s                  ; 2.69e-10 s                  ; Yes                        ; Yes                        ; 2.62 V                      ; 4.05e-08 V                  ; 2.72 V             ; -0.0349 V          ; 0.173 V                             ; 0.1 V                               ; 2.72e-10 s                 ; 2.69e-10 s                 ; Yes                       ; Yes                       ;
; monitor_o[43] ; 2.5 V        ; 0 s                 ; 0 s                 ; 2.62 V                       ; 4.05e-08 V                   ; 2.72 V              ; -0.0349 V           ; 0.173 V                              ; 0.1 V                                ; 2.72e-10 s                  ; 2.69e-10 s                  ; Yes                        ; Yes                        ; 2.62 V                      ; 4.05e-08 V                  ; 2.72 V             ; -0.0349 V          ; 0.173 V                             ; 0.1 V                               ; 2.72e-10 s                 ; 2.69e-10 s                 ; Yes                       ; Yes                       ;
; monitor_o[44] ; 2.5 V        ; 0 s                 ; 0 s                 ; 2.62 V                       ; 4.05e-08 V                   ; 2.72 V              ; -0.0349 V           ; 0.173 V                              ; 0.1 V                                ; 2.72e-10 s                  ; 2.69e-10 s                  ; Yes                        ; Yes                        ; 2.62 V                      ; 4.05e-08 V                  ; 2.72 V             ; -0.0349 V          ; 0.173 V                             ; 0.1 V                               ; 2.72e-10 s                 ; 2.69e-10 s                 ; Yes                       ; Yes                       ;
; monitor_o[45] ; 2.5 V        ; 0 s                 ; 0 s                 ; 2.62 V                       ; 4.05e-08 V                   ; 2.72 V              ; -0.0349 V           ; 0.173 V                              ; 0.1 V                                ; 2.72e-10 s                  ; 2.69e-10 s                  ; Yes                        ; Yes                        ; 2.62 V                      ; 4.05e-08 V                  ; 2.72 V             ; -0.0349 V          ; 0.173 V                             ; 0.1 V                               ; 2.72e-10 s                 ; 2.69e-10 s                 ; Yes                       ; Yes                       ;
; monitor_o[46] ; 2.5 V        ; 0 s                 ; 0 s                 ; 2.62 V                       ; 4.05e-08 V                   ; 2.72 V              ; -0.0349 V           ; 0.173 V                              ; 0.1 V                                ; 2.72e-10 s                  ; 2.69e-10 s                  ; Yes                        ; Yes                        ; 2.62 V                      ; 4.05e-08 V                  ; 2.72 V             ; -0.0349 V          ; 0.173 V                             ; 0.1 V                               ; 2.72e-10 s                 ; 2.69e-10 s                 ; Yes                       ; Yes                       ;
; monitor_o[47] ; 2.5 V        ; 0 s                 ; 0 s                 ; 2.62 V                       ; 4.05e-08 V                   ; 2.64 V              ; -0.0113 V           ; 0.208 V                              ; 0.179 V                              ; 2.38e-09 s                  ; 2.23e-09 s                  ; No                         ; Yes                        ; 2.62 V                      ; 4.05e-08 V                  ; 2.64 V             ; -0.0113 V          ; 0.208 V                             ; 0.179 V                             ; 2.38e-09 s                 ; 2.23e-09 s                 ; No                        ; Yes                       ;
; monitor_o[48] ; 2.5 V        ; 0 s                 ; 0 s                 ; 2.62 V                       ; 4.05e-08 V                   ; 2.72 V              ; -0.0349 V           ; 0.173 V                              ; 0.1 V                                ; 2.72e-10 s                  ; 2.69e-10 s                  ; Yes                        ; Yes                        ; 2.62 V                      ; 4.05e-08 V                  ; 2.72 V             ; -0.0349 V          ; 0.173 V                             ; 0.1 V                               ; 2.72e-10 s                 ; 2.69e-10 s                 ; Yes                       ; Yes                       ;
; monitor_o[49] ; 2.5 V        ; 0 s                 ; 0 s                 ; 2.62 V                       ; 4.05e-08 V                   ; 2.72 V              ; -0.0349 V           ; 0.173 V                              ; 0.1 V                                ; 2.72e-10 s                  ; 2.69e-10 s                  ; Yes                        ; Yes                        ; 2.62 V                      ; 4.05e-08 V                  ; 2.72 V             ; -0.0349 V          ; 0.173 V                             ; 0.1 V                               ; 2.72e-10 s                 ; 2.69e-10 s                 ; Yes                       ; Yes                       ;
; monitor_o[50] ; 2.5 V        ; 0 s                 ; 0 s                 ; 2.62 V                       ; 4.05e-08 V                   ; 2.72 V              ; -0.0349 V           ; 0.173 V                              ; 0.1 V                                ; 2.72e-10 s                  ; 2.69e-10 s                  ; Yes                        ; Yes                        ; 2.62 V                      ; 4.05e-08 V                  ; 2.72 V             ; -0.0349 V          ; 0.173 V                             ; 0.1 V                               ; 2.72e-10 s                 ; 2.69e-10 s                 ; Yes                       ; Yes                       ;
; monitor_o[51] ; 2.5 V        ; 0 s                 ; 0 s                 ; 2.62 V                       ; 4.05e-08 V                   ; 2.72 V              ; -0.0349 V           ; 0.173 V                              ; 0.1 V                                ; 2.72e-10 s                  ; 2.69e-10 s                  ; Yes                        ; Yes                        ; 2.62 V                      ; 4.05e-08 V                  ; 2.72 V             ; -0.0349 V          ; 0.173 V                             ; 0.1 V                               ; 2.72e-10 s                 ; 2.69e-10 s                 ; Yes                       ; Yes                       ;
; monitor_o[52] ; 2.5 V        ; 0 s                 ; 0 s                 ; 2.62 V                       ; 4.05e-08 V                   ; 2.72 V              ; -0.0349 V           ; 0.173 V                              ; 0.1 V                                ; 2.72e-10 s                  ; 2.69e-10 s                  ; Yes                        ; Yes                        ; 2.62 V                      ; 4.05e-08 V                  ; 2.72 V             ; -0.0349 V          ; 0.173 V                             ; 0.1 V                               ; 2.72e-10 s                 ; 2.69e-10 s                 ; Yes                       ; Yes                       ;
; monitor_o[53] ; 2.5 V        ; 0 s                 ; 0 s                 ; 2.62 V                       ; 4.05e-08 V                   ; 2.72 V              ; -0.0349 V           ; 0.173 V                              ; 0.1 V                                ; 2.72e-10 s                  ; 2.69e-10 s                  ; Yes                        ; Yes                        ; 2.62 V                      ; 4.05e-08 V                  ; 2.72 V             ; -0.0349 V          ; 0.173 V                             ; 0.1 V                               ; 2.72e-10 s                 ; 2.69e-10 s                 ; Yes                       ; Yes                       ;
; monitor_o[54] ; 2.5 V        ; 0 s                 ; 0 s                 ; 2.62 V                       ; 4.05e-08 V                   ; 2.72 V              ; -0.0349 V           ; 0.173 V                              ; 0.1 V                                ; 2.72e-10 s                  ; 2.69e-10 s                  ; Yes                        ; Yes                        ; 2.62 V                      ; 4.05e-08 V                  ; 2.72 V             ; -0.0349 V          ; 0.173 V                             ; 0.1 V                               ; 2.72e-10 s                 ; 2.69e-10 s                 ; Yes                       ; Yes                       ;
; monitor_o[55] ; 2.5 V        ; 0 s                 ; 0 s                 ; 2.62 V                       ; 4.05e-08 V                   ; 2.72 V              ; -0.0349 V           ; 0.173 V                              ; 0.1 V                                ; 2.72e-10 s                  ; 2.69e-10 s                  ; Yes                        ; Yes                        ; 2.62 V                      ; 4.05e-08 V                  ; 2.72 V             ; -0.0349 V          ; 0.173 V                             ; 0.1 V                               ; 2.72e-10 s                 ; 2.69e-10 s                 ; Yes                       ; Yes                       ;
; monitor_o[56] ; 2.5 V        ; 0 s                 ; 0 s                 ; 2.62 V                       ; 4.05e-08 V                   ; 2.72 V              ; -0.0349 V           ; 0.173 V                              ; 0.1 V                                ; 2.72e-10 s                  ; 2.69e-10 s                  ; Yes                        ; Yes                        ; 2.62 V                      ; 4.05e-08 V                  ; 2.72 V             ; -0.0349 V          ; 0.173 V                             ; 0.1 V                               ; 2.72e-10 s                 ; 2.69e-10 s                 ; Yes                       ; Yes                       ;
; monitor_o[57] ; 2.5 V        ; 0 s                 ; 0 s                 ; 2.62 V                       ; 4.05e-08 V                   ; 2.72 V              ; -0.0349 V           ; 0.173 V                              ; 0.1 V                                ; 2.72e-10 s                  ; 2.69e-10 s                  ; Yes                        ; Yes                        ; 2.62 V                      ; 4.05e-08 V                  ; 2.72 V             ; -0.0349 V          ; 0.173 V                             ; 0.1 V                               ; 2.72e-10 s                 ; 2.69e-10 s                 ; Yes                       ; Yes                       ;
; monitor_o[58] ; 2.5 V        ; 0 s                 ; 0 s                 ; 2.62 V                       ; 4.05e-08 V                   ; 2.64 V              ; -0.0113 V           ; 0.208 V                              ; 0.179 V                              ; 2.38e-09 s                  ; 2.23e-09 s                  ; No                         ; Yes                        ; 2.62 V                      ; 4.05e-08 V                  ; 2.64 V             ; -0.0113 V          ; 0.208 V                             ; 0.179 V                             ; 2.38e-09 s                 ; 2.23e-09 s                 ; No                        ; Yes                       ;
; monitor_o[59] ; 2.5 V        ; 0 s                 ; 0 s                 ; 2.62 V                       ; 4.05e-08 V                   ; 2.72 V              ; -0.0349 V           ; 0.173 V                              ; 0.1 V                                ; 2.72e-10 s                  ; 2.69e-10 s                  ; Yes                        ; Yes                        ; 2.62 V                      ; 4.05e-08 V                  ; 2.72 V             ; -0.0349 V          ; 0.173 V                             ; 0.1 V                               ; 2.72e-10 s                 ; 2.69e-10 s                 ; Yes                       ; Yes                       ;
; monitor_o[60] ; 2.5 V        ; 0 s                 ; 0 s                 ; 2.62 V                       ; 4.05e-08 V                   ; 2.72 V              ; -0.0349 V           ; 0.173 V                              ; 0.1 V                                ; 2.72e-10 s                  ; 2.69e-10 s                  ; Yes                        ; Yes                        ; 2.62 V                      ; 4.05e-08 V                  ; 2.72 V             ; -0.0349 V          ; 0.173 V                             ; 0.1 V                               ; 2.72e-10 s                 ; 2.69e-10 s                 ; Yes                       ; Yes                       ;
; monitor_o[61] ; 2.5 V        ; 0 s                 ; 0 s                 ; 2.62 V                       ; 4.05e-08 V                   ; 2.72 V              ; -0.0349 V           ; 0.173 V                              ; 0.1 V                                ; 2.72e-10 s                  ; 2.69e-10 s                  ; Yes                        ; Yes                        ; 2.62 V                      ; 4.05e-08 V                  ; 2.72 V             ; -0.0349 V          ; 0.173 V                             ; 0.1 V                               ; 2.72e-10 s                 ; 2.69e-10 s                 ; Yes                       ; Yes                       ;
; monitor_o[62] ; 2.5 V        ; 0 s                 ; 0 s                 ; 2.62 V                       ; 4.05e-08 V                   ; 2.72 V              ; -0.0349 V           ; 0.173 V                              ; 0.1 V                                ; 2.72e-10 s                  ; 2.69e-10 s                  ; Yes                        ; Yes                        ; 2.62 V                      ; 4.05e-08 V                  ; 2.72 V             ; -0.0349 V          ; 0.173 V                             ; 0.1 V                               ; 2.72e-10 s                 ; 2.69e-10 s                 ; Yes                       ; Yes                       ;
; monitor_o[63] ; 2.5 V        ; 0 s                 ; 0 s                 ; 2.62 V                       ; 4.05e-08 V                   ; 2.72 V              ; -0.0349 V           ; 0.173 V                              ; 0.1 V                                ; 2.72e-10 s                  ; 2.69e-10 s                  ; Yes                        ; Yes                        ; 2.62 V                      ; 4.05e-08 V                  ; 2.72 V             ; -0.0349 V          ; 0.173 V                             ; 0.1 V                               ; 2.72e-10 s                 ; 2.69e-10 s                 ; Yes                       ; Yes                       ;
; ~ALTERA_DCLK~ ; 2.5 V        ; 0 s                 ; 0 s                 ; 2.62 V                       ; 2.22e-08 V                   ; 2.74 V              ; -0.06 V             ; 0.158 V                              ; 0.08 V                               ; 2.68e-10 s                  ; 2.19e-10 s                  ; Yes                        ; Yes                        ; 2.62 V                      ; 2.22e-08 V                  ; 2.74 V             ; -0.06 V            ; 0.158 V                             ; 0.08 V                              ; 2.68e-10 s                 ; 2.19e-10 s                 ; Yes                       ; Yes                       ;
; ~ALTERA_nCEO~ ; 2.5 V        ; 0 s                 ; 0 s                 ; 2.62 V                       ; 3.54e-08 V                   ; 2.7 V               ; -0.00943 V          ; 0.276 V                              ; 0.035 V                              ; 3.19e-10 s                  ; 4.99e-10 s                  ; No                         ; Yes                        ; 2.62 V                      ; 3.54e-08 V                  ; 2.7 V              ; -0.00943 V         ; 0.276 V                             ; 0.035 V                             ; 3.19e-10 s                 ; 4.99e-10 s                 ; No                        ; Yes                       ;
+---------------+--------------+---------------------+---------------------+------------------------------+------------------------------+---------------------+---------------------+--------------------------------------+--------------------------------------+-----------------------------+-----------------------------+----------------------------+----------------------------+-----------------------------+-----------------------------+--------------------+--------------------+-------------------------------------+-------------------------------------+----------------------------+----------------------------+---------------------------+---------------------------+


+-------------------------------------------------------------------+
; Setup Transfers                                                   ;
+------------+----------+----------+----------+----------+----------+
; From Clock ; To Clock ; RR Paths ; FR Paths ; RF Paths ; FF Paths ;
+------------+----------+----------+----------+----------+----------+
; clk_i      ; clk_i    ; 12588185 ; 0        ; 0        ; 0        ;
+------------+----------+----------+----------+----------+----------+
Entries labeled "false path" only account for clock-to-clock false paths and not path-based false paths. As a result, actual path counts may be lower than reported.


+-------------------------------------------------------------------+
; Hold Transfers                                                    ;
+------------+----------+----------+----------+----------+----------+
; From Clock ; To Clock ; RR Paths ; FR Paths ; RF Paths ; FF Paths ;
+------------+----------+----------+----------+----------+----------+
; clk_i      ; clk_i    ; 12588185 ; 0        ; 0        ; 0        ;
+------------+----------+----------+----------+----------+----------+
Entries labeled "false path" only account for clock-to-clock false paths and not path-based false paths. As a result, actual path counts may be lower than reported.


---------------
; Report TCCS ;
---------------
No dedicated SERDES Transmitter circuitry present in device or used in design


---------------
; Report RSKM ;
---------------
No non-DPA dedicated SERDES Receiver circuitry present in device or used in design


+-------------------------------------------------+
; Unconstrained Paths Summary                     ;
+---------------------------------+-------+-------+
; Property                        ; Setup ; Hold  ;
+---------------------------------+-------+-------+
; Illegal Clocks                  ; 0     ; 0     ;
; Unconstrained Clocks            ; 0     ; 0     ;
; Unconstrained Input Ports       ; 1     ; 1     ;
; Unconstrained Input Port Paths  ; 16301 ; 16301 ;
; Unconstrained Output Ports      ; 64    ; 64    ;
; Unconstrained Output Port Paths ; 160   ; 160   ;
+---------------------------------+-------+-------+


+-------------------------------------+
; Clock Status Summary                ;
+--------+-------+------+-------------+
; Target ; Clock ; Type ; Status      ;
+--------+-------+------+-------------+
; clk_i  ; clk_i ; Base ; Constrained ;
+--------+-------+------+-------------+


+---------------------------------------------------------------------------------------------------+
; Unconstrained Input Ports                                                                         ;
+------------+--------------------------------------------------------------------------------------+
; Input Port ; Comment                                                                              ;
+------------+--------------------------------------------------------------------------------------+
; rst_ni     ; No input delay, min/max delays, false-path exceptions, or max skew assignments found ;
+------------+--------------------------------------------------------------------------------------+


+-------------------------------------------------------------------------------------------------------+
; Unconstrained Output Ports                                                                            ;
+---------------+---------------------------------------------------------------------------------------+
; Output Port   ; Comment                                                                               ;
+---------------+---------------------------------------------------------------------------------------+
; monitor_o[0]  ; No output delay, min/max delays, false-path exceptions, or max skew assignments found ;
; monitor_o[1]  ; No output delay, min/max delays, false-path exceptions, or max skew assignments found ;
; monitor_o[2]  ; No output delay, min/max delays, false-path exceptions, or max skew assignments found ;
; monitor_o[3]  ; No output delay, min/max delays, false-path exceptions, or max skew assignments found ;
; monitor_o[4]  ; No output delay, min/max delays, false-path exceptions, or max skew assignments found ;
; monitor_o[5]  ; No output delay, min/max delays, false-path exceptions, or max skew assignments found ;
; monitor_o[6]  ; No output delay, min/max delays, false-path exceptions, or max skew assignments found ;
; monitor_o[7]  ; No output delay, min/max delays, false-path exceptions, or max skew assignments found ;
; monitor_o[8]  ; No output delay, min/max delays, false-path exceptions, or max skew assignments found ;
; monitor_o[9]  ; No output delay, min/max delays, false-path exceptions, or max skew assignments found ;
; monitor_o[10] ; No output delay, min/max delays, false-path exceptions, or max skew assignments found ;
; monitor_o[11] ; No output delay, min/max delays, false-path exceptions, or max skew assignments found ;
; monitor_o[12] ; No output delay, min/max delays, false-path exceptions, or max skew assignments found ;
; monitor_o[13] ; No output delay, min/max delays, false-path exceptions, or max skew assignments found ;
; monitor_o[14] ; No output delay, min/max delays, false-path exceptions, or max skew assignments found ;
; monitor_o[15] ; No output delay, min/max delays, false-path exceptions, or max skew assignments found ;
; monitor_o[16] ; No output delay, min/max delays, false-path exceptions, or max skew assignments found ;
; monitor_o[17] ; No output delay, min/max delays, false-path exceptions, or max skew assignments found ;
; monitor_o[18] ; No output delay, min/max delays, false-path exceptions, or max skew assignments found ;
; monitor_o[19] ; No output delay, min/max delays, false-path exceptions, or max skew assignments found ;
; monitor_o[20] ; No output delay, min/max delays, false-path exceptions, or max skew assignments found ;
; monitor_o[21] ; No output delay, min/max delays, false-path exceptions, or max skew assignments found ;
; monitor_o[22] ; No output delay, min/max delays, false-path exceptions, or max skew assignments found ;
; monitor_o[23] ; No output delay, min/max delays, false-path exceptions, or max skew assignments found ;
; monitor_o[24] ; No output delay, min/max delays, false-path exceptions, or max skew assignments found ;
; monitor_o[25] ; No output delay, min/max delays, false-path exceptions, or max skew assignments found ;
; monitor_o[26] ; No output delay, min/max delays, false-path exceptions, or max skew assignments found ;
; monitor_o[27] ; No output delay, min/max delays, false-path exceptions, or max skew assignments found ;
; monitor_o[28] ; No output delay, min/max delays, false-path exceptions, or max skew assignments found ;
; monitor_o[29] ; No output delay, min/max delays, false-path exceptions, or max skew assignments found ;
; monitor_o[30] ; No output delay, min/max delays, false-path exceptions, or max skew assignments found ;
; monitor_o[31] ; No output delay, min/max delays, false-path exceptions, or max skew assignments found ;
; monitor_o[32] ; No output delay, min/max delays, false-path exceptions, or max skew assignments found ;
; monitor_o[33] ; No output delay, min/max delays, false-path exceptions, or max skew assignments found ;
; monitor_o[34] ; No output delay, min/max delays, false-path exceptions, or max skew assignments found ;
; monitor_o[35] ; No output delay, min/max delays, false-path exceptions, or max skew assignments found ;
; monitor_o[36] ; No output delay, min/max delays, false-path exceptions, or max skew assignments found ;
; monitor_o[37] ; No output delay, min/max delays, false-path exceptions, or max skew assignments found ;
; monitor_o[38] ; No output delay, min/max delays, false-path exceptions, or max skew assignments found ;
; monitor_o[39] ; No output delay, min/max delays, false-path exceptions, or max skew assignments found ;
; monitor_o[40] ; No output delay, min/max delays, false-path exceptions, or max skew assignments found ;
; monitor_o[41] ; No output delay, min/max delays, false-path exceptions, or max skew assignments found ;
; monitor_o[42] ; No output delay, min/max delays, false-path exceptions, or max skew assignments found ;
; monitor_o[43] ; No output delay, min/max delays, false-path exceptions, or max skew assignments found ;
; monitor_o[44] ; No output delay, min/max delays, false-path exceptions, or max skew assignments found ;
; monitor_o[45] ; No output delay, min/max delays, false-path exceptions, or max skew assignments found ;
; monitor_o[46] ; No output delay, min/max delays, false-path exceptions, or max skew assignments found ;
; monitor_o[47] ; No output delay, min/max delays, false-path exceptions, or max skew assignments found ;
; monitor_o[48] ; No output delay, min/max delays, false-path exceptions, or max skew assignments found ;
; monitor_o[49] ; No output delay, min/max delays, false-path exceptions, or max skew assignments found ;
; monitor_o[50] ; No output delay, min/max delays, false-path exceptions, or max skew assignments found ;
; monitor_o[51] ; No output delay, min/max delays, false-path exceptions, or max skew assignments found ;
; monitor_o[52] ; No output delay, min/max delays, false-path exceptions, or max skew assignments found ;
; monitor_o[53] ; No output delay, min/max delays, false-path exceptions, or max skew assignments found ;
; monitor_o[54] ; No output delay, min/max delays, false-path exceptions, or max skew assignments found ;
; monitor_o[55] ; No output delay, min/max delays, false-path exceptions, or max skew assignments found ;
; monitor_o[56] ; No output delay, min/max delays, false-path exceptions, or max skew assignments found ;
; monitor_o[57] ; No output delay, min/max delays, false-path exceptions, or max skew assignments found ;
; monitor_o[58] ; No output delay, min/max delays, false-path exceptions, or max skew assignments found ;
; monitor_o[59] ; No output delay, min/max delays, false-path exceptions, or max skew assignments found ;
; monitor_o[60] ; No output delay, min/max delays, false-path exceptions, or max skew assignments found ;
; monitor_o[61] ; No output delay, min/max delays, false-path exceptions, or max skew assignments found ;
; monitor_o[62] ; No output delay, min/max delays, false-path exceptions, or max skew assignments found ;
; monitor_o[63] ; No output delay, min/max delays, false-path exceptions, or max skew assignments found ;
+---------------+---------------------------------------------------------------------------------------+


+---------------------------------------------------------------------------------------------------+
; Unconstrained Input Ports                                                                         ;
+------------+--------------------------------------------------------------------------------------+
; Input Port ; Comment                                                                              ;
+------------+--------------------------------------------------------------------------------------+
; rst_ni     ; No input delay, min/max delays, false-path exceptions, or max skew assignments found ;
+------------+--------------------------------------------------------------------------------------+


+-------------------------------------------------------------------------------------------------------+
; Unconstrained Output Ports                                                                            ;
+---------------+---------------------------------------------------------------------------------------+
; Output Port   ; Comment                                                                               ;
+---------------+---------------------------------------------------------------------------------------+
; monitor_o[0]  ; No output delay, min/max delays, false-path exceptions, or max skew assignments found ;
; monitor_o[1]  ; No output delay, min/max delays, false-path exceptions, or max skew assignments found ;
; monitor_o[2]  ; No output delay, min/max delays, false-path exceptions, or max skew assignments found ;
; monitor_o[3]  ; No output delay, min/max delays, false-path exceptions, or max skew assignments found ;
; monitor_o[4]  ; No output delay, min/max delays, false-path exceptions, or max skew assignments found ;
; monitor_o[5]  ; No output delay, min/max delays, false-path exceptions, or max skew assignments found ;
; monitor_o[6]  ; No output delay, min/max delays, false-path exceptions, or max skew assignments found ;
; monitor_o[7]  ; No output delay, min/max delays, false-path exceptions, or max skew assignments found ;
; monitor_o[8]  ; No output delay, min/max delays, false-path exceptions, or max skew assignments found ;
; monitor_o[9]  ; No output delay, min/max delays, false-path exceptions, or max skew assignments found ;
; monitor_o[10] ; No output delay, min/max delays, false-path exceptions, or max skew assignments found ;
; monitor_o[11] ; No output delay, min/max delays, false-path exceptions, or max skew assignments found ;
; monitor_o[12] ; No output delay, min/max delays, false-path exceptions, or max skew assignments found ;
; monitor_o[13] ; No output delay, min/max delays, false-path exceptions, or max skew assignments found ;
; monitor_o[14] ; No output delay, min/max delays, false-path exceptions, or max skew assignments found ;
; monitor_o[15] ; No output delay, min/max delays, false-path exceptions, or max skew assignments found ;
; monitor_o[16] ; No output delay, min/max delays, false-path exceptions, or max skew assignments found ;
; monitor_o[17] ; No output delay, min/max delays, false-path exceptions, or max skew assignments found ;
; monitor_o[18] ; No output delay, min/max delays, false-path exceptions, or max skew assignments found ;
; monitor_o[19] ; No output delay, min/max delays, false-path exceptions, or max skew assignments found ;
; monitor_o[20] ; No output delay, min/max delays, false-path exceptions, or max skew assignments found ;
; monitor_o[21] ; No output delay, min/max delays, false-path exceptions, or max skew assignments found ;
; monitor_o[22] ; No output delay, min/max delays, false-path exceptions, or max skew assignments found ;
; monitor_o[23] ; No output delay, min/max delays, false-path exceptions, or max skew assignments found ;
; monitor_o[24] ; No output delay, min/max delays, false-path exceptions, or max skew assignments found ;
; monitor_o[25] ; No output delay, min/max delays, false-path exceptions, or max skew assignments found ;
; monitor_o[26] ; No output delay, min/max delays, false-path exceptions, or max skew assignments found ;
; monitor_o[27] ; No output delay, min/max delays, false-path exceptions, or max skew assignments found ;
; monitor_o[28] ; No output delay, min/max delays, false-path exceptions, or max skew assignments found ;
; monitor_o[29] ; No output delay, min/max delays, false-path exceptions, or max skew assignments found ;
; monitor_o[30] ; No output delay, min/max delays, false-path exceptions, or max skew assignments found ;
; monitor_o[31] ; No output delay, min/max delays, false-path exceptions, or max skew assignments found ;
; monitor_o[32] ; No output delay, min/max delays, false-path exceptions, or max skew assignments found ;
; monitor_o[33] ; No output delay, min/max delays, false-path exceptions, or max skew assignments found ;
; monitor_o[34] ; No output delay, min/max delays, false-path exceptions, or max skew assignments found ;
; monitor_o[35] ; No output delay, min/max delays, false-path exceptions, or max skew assignments found ;
; monitor_o[36] ; No output delay, min/max delays, false-path exceptions, or max skew assignments found ;
; monitor_o[37] ; No output delay, min/max delays, false-path exceptions, or max skew assignments found ;
; monitor_o[38] ; No output delay, min/max delays, false-path exceptions, or max skew assignments found ;
; monitor_o[39] ; No output delay, min/max delays, false-path exceptions, or max skew assignments found ;
; monitor_o[40] ; No output delay, min/max delays, false-path exceptions, or max skew assignments found ;
; monitor_o[41] ; No output delay, min/max delays, false-path exceptions, or max skew assignments found ;
; monitor_o[42] ; No output delay, min/max delays, false-path exceptions, or max skew assignments found ;
; monitor_o[43] ; No output delay, min/max delays, false-path exceptions, or max skew assignments found ;
; monitor_o[44] ; No output delay, min/max delays, false-path exceptions, or max skew assignments found ;
; monitor_o[45] ; No output delay, min/max delays, false-path exceptions, or max skew assignments found ;
; monitor_o[46] ; No output delay, min/max delays, false-path exceptions, or max skew assignments found ;
; monitor_o[47] ; No output delay, min/max delays, false-path exceptions, or max skew assignments found ;
; monitor_o[48] ; No output delay, min/max delays, false-path exceptions, or max skew assignments found ;
; monitor_o[49] ; No output delay, min/max delays, false-path exceptions, or max skew assignments found ;
; monitor_o[50] ; No output delay, min/max delays, false-path exceptions, or max skew assignments found ;
; monitor_o[51] ; No output delay, min/max delays, false-path exceptions, or max skew assignments found ;
; monitor_o[52] ; No output delay, min/max delays, false-path exceptions, or max skew assignments found ;
; monitor_o[53] ; No output delay, min/max delays, false-path exceptions, or max skew assignments found ;
; monitor_o[54] ; No output delay, min/max delays, false-path exceptions, or max skew assignments found ;
; monitor_o[55] ; No output delay, min/max delays, false-path exceptions, or max skew assignments found ;
; monitor_o[56] ; No output delay, min/max delays, false-path exceptions, or max skew assignments found ;
; monitor_o[57] ; No output delay, min/max delays, false-path exceptions, or max skew assignments found ;
; monitor_o[58] ; No output delay, min/max delays, false-path exceptions, or max skew assignments found ;
; monitor_o[59] ; No output delay, min/max delays, false-path exceptions, or max skew assignments found ;
; monitor_o[60] ; No output delay, min/max delays, false-path exceptions, or max skew assignments found ;
; monitor_o[61] ; No output delay, min/max delays, false-path exceptions, or max skew assignments found ;
; monitor_o[62] ; No output delay, min/max delays, false-path exceptions, or max skew assignments found ;
; monitor_o[63] ; No output delay, min/max delays, false-path exceptions, or max skew assignments found ;
+---------------+---------------------------------------------------------------------------------------+


+--------------------------+
; Timing Analyzer Messages ;
+--------------------------+
Info: *******************************************************************
Info: Running Quartus Prime Timing Analyzer
    Info: Version 20.1.1 Build 720 11/11/2020 SJ Lite Edition
    Info: Processing started: Fri Jun 27 02:31:23 2025
Info: Command: quartus_sta monociclo -c monociclo
Info: qsta_default_script.tcl version: #1
Warning (18236): Number of processors has not been specified which may cause overloading on shared machines.  Set the global assignment NUM_PARALLEL_PROCESSORS in your QSF to an appropriate value for best performance.
Info (20030): Parallel compilation is enabled and will use 4 of the 4 processors detected
Info (21077): Low junction temperature is 0 degrees C
Info (21077): High junction temperature is 85 degrees C
Critical Warning (332012): Synopsys Design Constraints File file not found: 'monociclo.sdc'. A Synopsys Design Constraints File is required by the Timing Analyzer to get proper timing constraints. Without it, the Compiler will not properly optimize the design.
Info (332142): No user constrained base clocks found in the design. Calling "derive_clocks -period 1.0"
Info (332105): Deriving Clocks
    Info (332105): create_clock -period 1.000 -name clk_i clk_i
Info (332143): No user constrained clock uncertainty found in the design. Calling "derive_clock_uncertainty"
Info (332123): Deriving Clock Uncertainty. Please refer to report_sdc in the Timing Analyzer to see clock uncertainties.
Info: Found TIMING_ANALYZER_REPORT_SCRIPT_INCLUDE_DEFAULT_ANALYSIS = ON
Info: Analyzing Slow 1200mV 85C Model
Critical Warning (332148): Timing requirements not met
    Info (11105): For recommendations on closing timing, run Report Timing Closure Recommendations in the Timing Analyzer.
Info (332146): Worst-case setup slack is -14.638
    Info (332119):     Slack       End Point TNS Clock 
    Info (332119): ========= =================== =====================
    Info (332119):   -14.638         -116233.413 clk_i 
Info (332146): Worst-case hold slack is 0.295
    Info (332119):     Slack       End Point TNS Clock 
    Info (332119): ========= =================== =====================
    Info (332119):     0.295               0.000 clk_i 
Info (332140): No Recovery paths to report
Info (332140): No Removal paths to report
Info (332146): Worst-case minimum pulse width slack is -3.000
    Info (332119):     Slack       End Point TNS Clock 
    Info (332119): ========= =================== =====================
    Info (332119):    -3.000          -21151.229 clk_i 
Info: Analyzing Slow 1200mV 0C Model
Info (334003): Started post-fitting delay annotation
Info (334004): Delay annotation completed successfully
Info (332123): Deriving Clock Uncertainty. Please refer to report_sdc in the Timing Analyzer to see clock uncertainties.
Critical Warning (332148): Timing requirements not met
    Info (11105): For recommendations on closing timing, run Report Timing Closure Recommendations in the Timing Analyzer.
Info (332146): Worst-case setup slack is -13.204
    Info (332119):     Slack       End Point TNS Clock 
    Info (332119): ========= =================== =====================
    Info (332119):   -13.204         -105812.243 clk_i 
Info (332146): Worst-case hold slack is 0.311
    Info (332119):     Slack       End Point TNS Clock 
    Info (332119): ========= =================== =====================
    Info (332119):     0.311               0.000 clk_i 
Info (332140): No Recovery paths to report
Info (332140): No Removal paths to report
Info (332146): Worst-case minimum pulse width slack is -3.000
    Info (332119):     Slack       End Point TNS Clock 
    Info (332119): ========= =================== =====================
    Info (332119):    -3.000          -21150.877 clk_i 
Info: Analyzing Fast 1200mV 0C Model
Info (332123): Deriving Clock Uncertainty. Please refer to report_sdc in the Timing Analyzer to see clock uncertainties.
Critical Warning (332148): Timing requirements not met
    Info (11105): For recommendations on closing timing, run Report Timing Closure Recommendations in the Timing Analyzer.
Info (332146): Worst-case setup slack is -6.855
    Info (332119):     Slack       End Point TNS Clock 
    Info (332119): ========= =================== =====================
    Info (332119):    -6.855          -53311.476 clk_i 
Info (332146): Worst-case hold slack is 0.110
    Info (332119):     Slack       End Point TNS Clock 
    Info (332119): ========= =================== =====================
    Info (332119):     0.110               0.000 clk_i 
Info (332140): No Recovery paths to report
Info (332140): No Removal paths to report
Info (332146): Worst-case minimum pulse width slack is -3.000
    Info (332119):     Slack       End Point TNS Clock 
    Info (332119): ========= =================== =====================
    Info (332119):    -3.000          -17492.640 clk_i 
Info (332102): Design is not fully constrained for setup requirements
Info (332102): Design is not fully constrained for hold requirements
Info: Quartus Prime Timing Analyzer was successful. 0 errors, 5 warnings
    Info: Peak virtual memory: 5150 megabytes
    Info: Processing ended: Fri Jun 27 02:31:32 2025
    Info: Elapsed time: 00:00:09
    Info: Total CPU time (on all processors): 00:00:08


