Fitter report for monociclo
Fri Jun 27 02:31:16 2025
Quartus Prime Version 20.1.1 Build 720 11/11/2020 SJ Lite Edition


---------------------
; Table of Contents ;
---------------------
  1. Legal Notice
  2. Fitter Summary
  3. Fitter Settings
  4. Parallel Compilation
  5. Ignored Assignments
  6. Incremental Compilation Preservation Summary
  7. Incremental Compilation Partition Settings
  8. Incremental Compilation Placement Preservation
  9. Pin-Out File
 10. Fitter Resource Usage Summary
 11. Fitter Partition Statistics
 12. Input Pins
 13. Output Pins
 14. Dual Purpose and Dedicated Pins
 15. I/O Bank Usage
 16. All Package Pins
 17. I/O Assignment Warnings
 18. Fitter Resource Utilization by Entity
 19. Delay Chain Summary
 20. Pad To Core Delay Chain Fanout
 21. Control Signals
 22. Global & Other Fast Signals
 23. Non-Global High Fan-Out Signals
 24. Fitter RAM Summary
 25. |segmentado|regfile:register_read_stg|altsyncram:GPR_rtl_0|altsyncram_uni1:auto_generated|ALTSYNCRAM
 26. |segmentado|regfile:register_read_stg|altsyncram:GPR_rtl_1|altsyncram_uni1:auto_generated|ALTSYNCRAM
 27. Routing Usage Summary
 28. LAB Logic Elements
 29. LAB-wide Signals
 30. LAB Signals Sourced
 31. LAB Signals Sourced Out
 32. LAB Distinct Inputs
 33. I/O Rules Summary
 34. I/O Rules Details
 35. I/O Rules Matrix
 36. Fitter Device Options
 37. Operating Settings and Conditions
 38. Estimated Delay Added for Hold Timing Summary
 39. Estimated Delay Added for Hold Timing Details
 40. Fitter Messages
 41. Fitter Suppressed Messages



----------------
; Legal Notice ;
----------------
Copyright (C) 2020  Intel Corporation. All rights reserved.
Your use of Intel Corporation's design tools, logic functions 
and other software and tools, and any partner logic 
functions, and any output files from any of the foregoing 
(including device programming or simulation files), and any 
associated documentation or information are expressly subject 
to the terms and conditions of the Intel Program License 
Subscription Agreement, the Intel Quartus Prime License Agreement,
the Intel FPGA IP License Agreement, or other applicable license
agreement, including, without limitation, that your use is for
the sole purpose of programming logic devices manufactured by
Intel and sold by Intel or its authorized distributors.  Please
refer to the applicable agreement for further details, at
https://fpgasoftware.intel.com/eula.



+----------------------------------------------------------------------------------+
; Fitter Summary                                                                   ;
+------------------------------------+---------------------------------------------+
; Fitter Status                      ; Successful - Fri Jun 27 02:31:15 2025       ;
; Quartus Prime Version              ; 20.1.1 Build 720 11/11/2020 SJ Lite Edition ;
; Revision Name                      ; monociclo                                   ;
; Top-level Entity Name              ; segmentado                                  ;
; Family                             ; Cyclone IV E                                ;
; Device                             ; EP4CE115F29C7                               ;
; Timing Models                      ; Final                                       ;
; Total logic elements               ; 21,327 / 114,480 ( 19 % )                   ;
;     Total combinational functions  ; 13,354 / 114,480 ( 12 % )                   ;
;     Dedicated logic registers      ; 16,441 / 114,480 ( 14 % )                   ;
; Total registers                    ; 16441                                       ;
; Total pins                         ; 66 / 529 ( 12 % )                           ;
; Total virtual pins                 ; 0                                           ;
; Total memory bits                  ; 2,048 / 3,981,312 ( < 1 % )                 ;
; Embedded Multiplier 9-bit elements ; 0 / 532 ( 0 % )                             ;
; Total PLLs                         ; 0 / 4 ( 0 % )                               ;
+------------------------------------+---------------------------------------------+


+----------------------------------------------------------------------------------------------------------------------------------------------------+
; Fitter Settings                                                                                                                                    ;
+--------------------------------------------------------------------+---------------------------------------+---------------------------------------+
; Option                                                             ; Setting                               ; Default Value                         ;
+--------------------------------------------------------------------+---------------------------------------+---------------------------------------+
; Device                                                             ; EP4CE115F29C7                         ;                                       ;
; Nominal Core Supply Voltage                                        ; 1.2V                                  ;                                       ;
; Minimum Core Junction Temperature                                  ; 0                                     ;                                       ;
; Maximum Core Junction Temperature                                  ; 85                                    ;                                       ;
; Fit Attempts to Skip                                               ; 0                                     ; 0.0                                   ;
; Use smart compilation                                              ; Off                                   ; Off                                   ;
; Enable parallel Assembler and Timing Analyzer during compilation   ; On                                    ; On                                    ;
; Enable compact report table                                        ; Off                                   ; Off                                   ;
; Auto Merge PLLs                                                    ; On                                    ; On                                    ;
; Router Timing Optimization Level                                   ; Normal                                ; Normal                                ;
; Perform Clocking Topology Analysis During Routing                  ; Off                                   ; Off                                   ;
; Placement Effort Multiplier                                        ; 1.0                                   ; 1.0                                   ;
; Router Effort Multiplier                                           ; 1.0                                   ; 1.0                                   ;
; Optimize Hold Timing                                               ; All Paths                             ; All Paths                             ;
; Optimize Multi-Corner Timing                                       ; On                                    ; On                                    ;
; Power Optimization During Fitting                                  ; Normal compilation                    ; Normal compilation                    ;
; SSN Optimization                                                   ; Off                                   ; Off                                   ;
; Optimize Timing                                                    ; Normal compilation                    ; Normal compilation                    ;
; Optimize Timing for ECOs                                           ; Off                                   ; Off                                   ;
; Regenerate Full Fit Report During ECO Compiles                     ; Off                                   ; Off                                   ;
; Optimize IOC Register Placement for Timing                         ; Normal                                ; Normal                                ;
; Limit to One Fitting Attempt                                       ; Off                                   ; Off                                   ;
; Final Placement Optimizations                                      ; Automatically                         ; Automatically                         ;
; Fitter Aggressive Routability Optimizations                        ; Automatically                         ; Automatically                         ;
; Fitter Initial Placement Seed                                      ; 1                                     ; 1                                     ;
; Periphery to Core Placement and Routing Optimization               ; Off                                   ; Off                                   ;
; PCI I/O                                                            ; Off                                   ; Off                                   ;
; Weak Pull-Up Resistor                                              ; Off                                   ; Off                                   ;
; Enable Bus-Hold Circuitry                                          ; Off                                   ; Off                                   ;
; Auto Packed Registers                                              ; Auto                                  ; Auto                                  ;
; Auto Delay Chains                                                  ; On                                    ; On                                    ;
; Auto Delay Chains for High Fanout Input Pins                       ; Off                                   ; Off                                   ;
; Allow Single-ended Buffer for Differential-XSTL Input              ; Off                                   ; Off                                   ;
; Treat Bidirectional Pin as Output Pin                              ; Off                                   ; Off                                   ;
; Perform Physical Synthesis for Combinational Logic for Fitting     ; Off                                   ; Off                                   ;
; Perform Physical Synthesis for Combinational Logic for Performance ; Off                                   ; Off                                   ;
; Perform Register Duplication for Performance                       ; Off                                   ; Off                                   ;
; Perform Logic to Memory Mapping for Fitting                        ; Off                                   ; Off                                   ;
; Perform Register Retiming for Performance                          ; Off                                   ; Off                                   ;
; Perform Asynchronous Signal Pipelining                             ; Off                                   ; Off                                   ;
; Fitter Effort                                                      ; Auto Fit                              ; Auto Fit                              ;
; Physical Synthesis Effort Level                                    ; Normal                                ; Normal                                ;
; Logic Cell Insertion - Logic Duplication                           ; Auto                                  ; Auto                                  ;
; Auto Register Duplication                                          ; Auto                                  ; Auto                                  ;
; Auto Global Clock                                                  ; On                                    ; On                                    ;
; Auto Global Register Control Signals                               ; On                                    ; On                                    ;
; Reserve all unused pins                                            ; As input tri-stated with weak pull-up ; As input tri-stated with weak pull-up ;
; Synchronizer Identification                                        ; Auto                                  ; Auto                                  ;
; Enable Beneficial Skew Optimization                                ; On                                    ; On                                    ;
; Optimize Design for Metastability                                  ; On                                    ; On                                    ;
; Force Fitter to Avoid Periphery Placement Warnings                 ; Off                                   ; Off                                   ;
; Enable input tri-state on active configuration pins in user mode   ; Off                                   ; Off                                   ;
+--------------------------------------------------------------------+---------------------------------------+---------------------------------------+


+------------------------------------------+
; Parallel Compilation                     ;
+----------------------------+-------------+
; Processors                 ; Number      ;
+----------------------------+-------------+
; Number detected on machine ; 8           ;
; Maximum allowed            ; 4           ;
;                            ;             ;
; Average used               ; 1.07        ;
; Maximum used               ; 4           ;
;                            ;             ;
; Usage by Processor         ; % Time Used ;
;     Processor 1            ; 100.0%      ;
;     Processor 2            ;   2.4%      ;
;     Processor 3            ;   2.3%      ;
;     Processor 4            ;   2.2%      ;
+----------------------------+-------------+


+----------------------------------------------------------------------------------------+
; Ignored Assignments                                                                    ;
+----------+----------------+--------------+------------+---------------+----------------+
; Name     ; Ignored Entity ; Ignored From ; Ignored To ; Ignored Value ; Ignored Source ;
+----------+----------------+--------------+------------+---------------+----------------+
; Location ;                ;              ; disp0[0]   ; PIN_G18       ; QSF Assignment ;
; Location ;                ;              ; disp0[1]   ; PIN_F22       ; QSF Assignment ;
; Location ;                ;              ; disp0[2]   ; PIN_E17       ; QSF Assignment ;
; Location ;                ;              ; disp0[3]   ; PIN_L26       ; QSF Assignment ;
; Location ;                ;              ; disp0[4]   ; PIN_L25       ; QSF Assignment ;
; Location ;                ;              ; disp0[5]   ; PIN_J22       ; QSF Assignment ;
; Location ;                ;              ; disp0[6]   ; PIN_H22       ; QSF Assignment ;
; Location ;                ;              ; disp1[0]   ; PIN_M24       ; QSF Assignment ;
; Location ;                ;              ; disp1[1]   ; PIN_Y22       ; QSF Assignment ;
; Location ;                ;              ; disp1[2]   ; PIN_W21       ; QSF Assignment ;
; Location ;                ;              ; disp1[3]   ; PIN_W22       ; QSF Assignment ;
; Location ;                ;              ; disp1[4]   ; PIN_W25       ; QSF Assignment ;
; Location ;                ;              ; disp1[5]   ; PIN_U23       ; QSF Assignment ;
; Location ;                ;              ; disp1[6]   ; PIN_U24       ; QSF Assignment ;
; Location ;                ;              ; disp2[0]   ; PIN_AA25      ; QSF Assignment ;
; Location ;                ;              ; disp2[1]   ; PIN_AA26      ; QSF Assignment ;
; Location ;                ;              ; disp2[2]   ; PIN_Y25       ; QSF Assignment ;
; Location ;                ;              ; disp2[3]   ; PIN_W26       ; QSF Assignment ;
; Location ;                ;              ; disp2[4]   ; PIN_Y26       ; QSF Assignment ;
; Location ;                ;              ; disp2[5]   ; PIN_W27       ; QSF Assignment ;
; Location ;                ;              ; disp2[6]   ; PIN_W28       ; QSF Assignment ;
; Location ;                ;              ; disp3[0]   ; PIN_V21       ; QSF Assignment ;
; Location ;                ;              ; disp3[1]   ; PIN_U21       ; QSF Assignment ;
; Location ;                ;              ; disp3[2]   ; PIN_AB20      ; QSF Assignment ;
; Location ;                ;              ; disp3[3]   ; PIN_AA21      ; QSF Assignment ;
; Location ;                ;              ; disp3[4]   ; PIN_AD24      ; QSF Assignment ;
; Location ;                ;              ; disp3[5]   ; PIN_AF23      ; QSF Assignment ;
; Location ;                ;              ; disp3[6]   ; PIN_Y19       ; QSF Assignment ;
; Location ;                ;              ; disp4[0]   ; PIN_AB19      ; QSF Assignment ;
; Location ;                ;              ; disp4[1]   ; PIN_AA19      ; QSF Assignment ;
; Location ;                ;              ; disp4[2]   ; PIN_AG21      ; QSF Assignment ;
; Location ;                ;              ; disp4[3]   ; PIN_AH21      ; QSF Assignment ;
; Location ;                ;              ; disp4[4]   ; PIN_AE19      ; QSF Assignment ;
; Location ;                ;              ; disp4[5]   ; PIN_AF19      ; QSF Assignment ;
; Location ;                ;              ; disp4[6]   ; PIN_AE18      ; QSF Assignment ;
; Location ;                ;              ; disp5[0]   ; PIN_AD18      ; QSF Assignment ;
; Location ;                ;              ; disp5[1]   ; PIN_AC18      ; QSF Assignment ;
; Location ;                ;              ; disp5[2]   ; PIN_AB18      ; QSF Assignment ;
; Location ;                ;              ; disp5[3]   ; PIN_AH19      ; QSF Assignment ;
; Location ;                ;              ; disp5[4]   ; PIN_AG19      ; QSF Assignment ;
; Location ;                ;              ; disp5[5]   ; PIN_AF18      ; QSF Assignment ;
; Location ;                ;              ; disp5[6]   ; PIN_AH18      ; QSF Assignment ;
; Location ;                ;              ; disp6[0]   ; PIN_AA17      ; QSF Assignment ;
; Location ;                ;              ; disp6[1]   ; PIN_AB16      ; QSF Assignment ;
; Location ;                ;              ; disp6[2]   ; PIN_AA16      ; QSF Assignment ;
; Location ;                ;              ; disp6[3]   ; PIN_AB17      ; QSF Assignment ;
; Location ;                ;              ; disp6[4]   ; PIN_AB15      ; QSF Assignment ;
; Location ;                ;              ; disp6[5]   ; PIN_AA15      ; QSF Assignment ;
; Location ;                ;              ; disp6[6]   ; PIN_AC17      ; QSF Assignment ;
; Location ;                ;              ; disp7[0]   ; PIN_AD17      ; QSF Assignment ;
; Location ;                ;              ; disp7[1]   ; PIN_AE17      ; QSF Assignment ;
; Location ;                ;              ; disp7[2]   ; PIN_AG17      ; QSF Assignment ;
; Location ;                ;              ; disp7[3]   ; PIN_AH17      ; QSF Assignment ;
; Location ;                ;              ; disp7[4]   ; PIN_AF17      ; QSF Assignment ;
; Location ;                ;              ; disp7[5]   ; PIN_AG18      ; QSF Assignment ;
; Location ;                ;              ; disp7[6]   ; PIN_AA14      ; QSF Assignment ;
+----------+----------------+--------------+------------+---------------+----------------+


+----------------------------------------------------------------------------------------------------+
; Incremental Compilation Preservation Summary                                                       ;
+---------------------+----------------------+----------------------------+--------------------------+
; Type                ; Total [A + B]        ; From Design Partitions [A] ; From Rapid Recompile [B] ;
+---------------------+----------------------+----------------------------+--------------------------+
; Placement (by node) ;                      ;                            ;                          ;
;     -- Requested    ; 0.00 % ( 0 / 29936 ) ; 0.00 % ( 0 / 29936 )       ; 0.00 % ( 0 / 29936 )     ;
;     -- Achieved     ; 0.00 % ( 0 / 29936 ) ; 0.00 % ( 0 / 29936 )       ; 0.00 % ( 0 / 29936 )     ;
;                     ;                      ;                            ;                          ;
; Routing (by net)    ;                      ;                            ;                          ;
;     -- Requested    ; 0.00 % ( 0 / 0 )     ; 0.00 % ( 0 / 0 )           ; 0.00 % ( 0 / 0 )         ;
;     -- Achieved     ; 0.00 % ( 0 / 0 )     ; 0.00 % ( 0 / 0 )           ; 0.00 % ( 0 / 0 )         ;
+---------------------+----------------------+----------------------------+--------------------------+


+----------------------------------------------------------------------------------------------------------------------------------------------------------------------------------------+
; Incremental Compilation Partition Settings                                                                                                                                             ;
+--------------------------------+----------------+-------------------+-------------------------+------------------------+------------------------------+--------------------------------+
; Partition Name                 ; Partition Type ; Netlist Type Used ; Preservation Level Used ; Netlist Type Requested ; Preservation Level Requested ; Contents                       ;
+--------------------------------+----------------+-------------------+-------------------------+------------------------+------------------------------+--------------------------------+
; Top                            ; User-created   ; Source File       ; N/A                     ; Source File            ; N/A                          ;                                ;
; hard_block:auto_generated_inst ; Auto-generated ; Source File       ; N/A                     ; Source File            ; N/A                          ; hard_block:auto_generated_inst ;
+--------------------------------+----------------+-------------------+-------------------------+------------------------+------------------------------+--------------------------------+


+------------------------------------------------------------------------------------------------------------------------------------+
; Incremental Compilation Placement Preservation                                                                                     ;
+--------------------------------+-----------------------+-------------------------+-------------------+---------------------+-------+
; Partition Name                 ; Preservation Achieved ; Preservation Level Used ; Netlist Type Used ; Preservation Method ; Notes ;
+--------------------------------+-----------------------+-------------------------+-------------------+---------------------+-------+
; Top                            ; 0.00 % ( 0 / 29926 )  ; N/A                     ; Source File       ; N/A                 ;       ;
; hard_block:auto_generated_inst ; 0.00 % ( 0 / 10 )     ; N/A                     ; Source File       ; N/A                 ;       ;
+--------------------------------+-----------------------+-------------------------+-------------------+---------------------+-------+


+--------------+
; Pin-Out File ;
+--------------+
The pin-out file can be found in C:/Users/rodri/Documents/development/Monociclo_V1/monociclo/monociclo_segmentado_v1/output_files/monociclo.pin.


+----------------------------------------------------------------------------+
; Fitter Resource Usage Summary                                              ;
+---------------------------------------------+------------------------------+
; Resource                                    ; Usage                        ;
+---------------------------------------------+------------------------------+
; Total logic elements                        ; 21,327 / 114,480 ( 19 % )    ;
;     -- Combinational with no register       ; 4886                         ;
;     -- Register only                        ; 7973                         ;
;     -- Combinational with a register        ; 8468                         ;
;                                             ;                              ;
; Logic element usage by number of LUT inputs ;                              ;
;     -- 4 input functions                    ; 12165                        ;
;     -- 3 input functions                    ; 919                          ;
;     -- <=2 input functions                  ; 270                          ;
;     -- Register only                        ; 7973                         ;
;                                             ;                              ;
; Logic elements by mode                      ;                              ;
;     -- normal mode                          ; 13025                        ;
;     -- arithmetic mode                      ; 329                          ;
;                                             ;                              ;
; Total registers*                            ; 16,441 / 117,053 ( 14 % )    ;
;     -- Dedicated logic registers            ; 16,441 / 114,480 ( 14 % )    ;
;     -- I/O registers                        ; 0 / 2,573 ( 0 % )            ;
;                                             ;                              ;
; Total LABs:  partially or completely used   ; 2,413 / 7,155 ( 34 % )       ;
; Virtual pins                                ; 0                            ;
; I/O pins                                    ; 66 / 529 ( 12 % )            ;
;     -- Clock pins                           ; 1 / 7 ( 14 % )               ;
;     -- Dedicated input pins                 ; 0 / 9 ( 0 % )                ;
;                                             ;                              ;
; M9Ks                                        ; 2 / 432 ( < 1 % )            ;
; Total block memory bits                     ; 2,048 / 3,981,312 ( < 1 % )  ;
; Total block memory implementation bits      ; 18,432 / 3,981,312 ( < 1 % ) ;
; Embedded Multiplier 9-bit elements          ; 0 / 532 ( 0 % )              ;
; PLLs                                        ; 0 / 4 ( 0 % )                ;
; Global signals                              ; 1                            ;
;     -- Global clocks                        ; 1 / 20 ( 5 % )               ;
; JTAGs                                       ; 0 / 1 ( 0 % )                ;
; CRC blocks                                  ; 0 / 1 ( 0 % )                ;
; ASMI blocks                                 ; 0 / 1 ( 0 % )                ;
; Oscillator blocks                           ; 0 / 1 ( 0 % )                ;
; Impedance control blocks                    ; 0 / 4 ( 0 % )                ;
; Average interconnect usage (total/H/V)      ; 12.6% / 11.7% / 13.9%        ;
; Peak interconnect usage (total/H/V)         ; 53.2% / 50.8% / 61.4%        ;
; Maximum fan-out                             ; 16443                        ;
; Highest non-global fan-out                  ; 2279                         ;
; Total fan-out                               ; 104603                       ;
; Average fan-out                             ; 3.17                         ;
+---------------------------------------------+------------------------------+
*  Register count does not include registers inside RAM blocks or DSP blocks.



+--------------------------------------------------------------------------------------------------------+
; Fitter Partition Statistics                                                                            ;
+---------------------------------------------+-------------------------+--------------------------------+
; Statistic                                   ; Top                     ; hard_block:auto_generated_inst ;
+---------------------------------------------+-------------------------+--------------------------------+
; Difficulty Clustering Region                ; Low                     ; Low                            ;
;                                             ;                         ;                                ;
; Total logic elements                        ; 21327 / 114480 ( 19 % ) ; 0 / 114480 ( 0 % )             ;
;     -- Combinational with no register       ; 4886                    ; 0                              ;
;     -- Register only                        ; 7973                    ; 0                              ;
;     -- Combinational with a register        ; 8468                    ; 0                              ;
;                                             ;                         ;                                ;
; Logic element usage by number of LUT inputs ;                         ;                                ;
;     -- 4 input functions                    ; 12165                   ; 0                              ;
;     -- 3 input functions                    ; 919                     ; 0                              ;
;     -- <=2 input functions                  ; 270                     ; 0                              ;
;     -- Register only                        ; 7973                    ; 0                              ;
;                                             ;                         ;                                ;
; Logic elements by mode                      ;                         ;                                ;
;     -- normal mode                          ; 13025                   ; 0                              ;
;     -- arithmetic mode                      ; 329                     ; 0                              ;
;                                             ;                         ;                                ;
; Total registers                             ; 16441                   ; 0                              ;
;     -- Dedicated logic registers            ; 16441 / 114480 ( 14 % ) ; 0 / 114480 ( 0 % )             ;
;     -- I/O registers                        ; 0                       ; 0                              ;
;                                             ;                         ;                                ;
; Total LABs:  partially or completely used   ; 2413 / 7155 ( 34 % )    ; 0 / 7155 ( 0 % )               ;
;                                             ;                         ;                                ;
; Virtual pins                                ; 0                       ; 0                              ;
; I/O pins                                    ; 66                      ; 0                              ;
; Embedded Multiplier 9-bit elements          ; 0 / 532 ( 0 % )         ; 0 / 532 ( 0 % )                ;
; Total memory bits                           ; 2048                    ; 0                              ;
; Total RAM block bits                        ; 18432                   ; 0                              ;
; M9K                                         ; 2 / 432 ( < 1 % )       ; 0 / 432 ( 0 % )                ;
; Clock control block                         ; 1 / 24 ( 4 % )          ; 0 / 24 ( 0 % )                 ;
;                                             ;                         ;                                ;
; Connections                                 ;                         ;                                ;
;     -- Input Connections                    ; 0                       ; 0                              ;
;     -- Registered Input Connections         ; 0                       ; 0                              ;
;     -- Output Connections                   ; 0                       ; 0                              ;
;     -- Registered Output Connections        ; 0                       ; 0                              ;
;                                             ;                         ;                                ;
; Internal Connections                        ;                         ;                                ;
;     -- Total Connections                    ; 104608                  ; 5                              ;
;     -- Registered Connections               ; 50122                   ; 0                              ;
;                                             ;                         ;                                ;
; External Connections                        ;                         ;                                ;
;     -- Top                                  ; 0                       ; 0                              ;
;     -- hard_block:auto_generated_inst       ; 0                       ; 0                              ;
;                                             ;                         ;                                ;
; Partition Interface                         ;                         ;                                ;
;     -- Input Ports                          ; 2                       ; 0                              ;
;     -- Output Ports                         ; 64                      ; 0                              ;
;     -- Bidir Ports                          ; 0                       ; 0                              ;
;                                             ;                         ;                                ;
; Registered Ports                            ;                         ;                                ;
;     -- Registered Input Ports               ; 0                       ; 0                              ;
;     -- Registered Output Ports              ; 0                       ; 0                              ;
;                                             ;                         ;                                ;
; Port Connectivity                           ;                         ;                                ;
;     -- Input Ports driven by GND            ; 0                       ; 0                              ;
;     -- Output Ports driven by GND           ; 0                       ; 0                              ;
;     -- Input Ports driven by VCC            ; 0                       ; 0                              ;
;     -- Output Ports driven by VCC           ; 0                       ; 0                              ;
;     -- Input Ports with no Source           ; 0                       ; 0                              ;
;     -- Output Ports with no Source          ; 0                       ; 0                              ;
;     -- Input Ports with no Fanout           ; 0                       ; 0                              ;
;     -- Output Ports with no Fanout          ; 0                       ; 0                              ;
+---------------------------------------------+-------------------------+--------------------------------+


+-----------------------------------------------------------------------------------------------------------------------------------------------------------------------------------------------------------------------------------------------------------------------------------------+
; Input Pins                                                                                                                                                                                                                                                                              ;
+--------+-------+----------+--------------+--------------+--------------+-----------------------+--------------------+--------+----------------+---------------+-----------------+----------+--------------+--------------+---------------------------+----------------------+-----------+
; Name   ; Pin # ; I/O Bank ; X coordinate ; Y coordinate ; Z coordinate ; Combinational Fan-Out ; Registered Fan-Out ; Global ; Input Register ; Power Up High ; PCI I/O Enabled ; Bus Hold ; Weak Pull Up ; I/O Standard ; Termination Control Block ; Location assigned by ; Slew Rate ;
+--------+-------+----------+--------------+--------------+--------------+-----------------------+--------------------+--------+----------------+---------------+-----------------+----------+--------------+--------------+---------------------------+----------------------+-----------+
; clk_i  ; Y2    ; 2        ; 0            ; 36           ; 14           ; 16443                 ; 0                  ; yes    ; no             ; no            ; yes             ; no       ; Off          ; 2.5 V        ; --                        ; User                 ; no        ;
; rst_ni ; Y23   ; 5        ; 115          ; 14           ; 7            ; 941                   ; 0                  ; no     ; no             ; no            ; yes             ; no       ; Off          ; 2.5 V        ; --                        ; User                 ; no        ;
+--------+-------+----------+--------------+--------------+--------------+-----------------------+--------------------+--------+----------------+---------------+-----------------+----------+--------------+--------------+---------------------------+----------------------+-----------+


+----------------------------------------------------------------------------------------------------------------------------------------------------------------------------------------------------------------------------------------------------------------------------------------------------------------------------------------------------------------------------------------------------------------------------------------------------------------+
; Output Pins                                                                                                                                                                                                                                                                                                                                                                                                                                                    ;
+---------------+-------+----------+--------------+--------------+--------------+-----------------+------------------------+---------------+-----------+-----------------+------------+---------------+----------+--------------+--------------+------------------+-----------------------------------+---------------------------+----------------------------+-----------------------------+----------------------+----------------------+---------------------+
; Name          ; Pin # ; I/O Bank ; X coordinate ; Y coordinate ; Z coordinate ; Output Register ; Output Enable Register ; Power Up High ; Slew Rate ; PCI I/O Enabled ; Open Drain ; TRI Primitive ; Bus Hold ; Weak Pull Up ; I/O Standard ; Current Strength ; Termination                       ; Termination Control Block ; Output Buffer Pre-emphasis ; Voltage Output Differential ; Location assigned by ; Output Enable Source ; Output Enable Group ;
+---------------+-------+----------+--------------+--------------+--------------+-----------------+------------------------+---------------+-----------+-----------------+------------+---------------+----------+--------------+--------------+------------------+-----------------------------------+---------------------------+----------------------------+-----------------------------+----------------------+----------------------+---------------------+
; monitor_o[0]  ; J14   ; 8        ; 49           ; 73           ; 21           ; no              ; no                     ; no            ; 2         ; no              ; no         ; no            ; no       ; Off          ; 2.5 V        ; Default          ; Series 50 Ohm without Calibration ; --                        ; no                         ; no                          ; Fitter               ; -                    ; -                   ;
; monitor_o[10] ; C10   ; 8        ; 35           ; 73           ; 14           ; no              ; no                     ; no            ; 2         ; no              ; no         ; no            ; no       ; Off          ; 2.5 V        ; Default          ; Series 50 Ohm without Calibration ; --                        ; no                         ; no                          ; Fitter               ; -                    ; -                   ;
; monitor_o[11] ; C14   ; 8        ; 52           ; 73           ; 0            ; no              ; no                     ; no            ; 2         ; no              ; no         ; no            ; no       ; Off          ; 2.5 V        ; Default          ; Series 50 Ohm without Calibration ; --                        ; no                         ; no                          ; Fitter               ; -                    ; -                   ;
; monitor_o[12] ; A7    ; 8        ; 29           ; 73           ; 0            ; no              ; no                     ; no            ; 2         ; no              ; no         ; no            ; no       ; Off          ; 2.5 V        ; Default          ; Series 50 Ohm without Calibration ; --                        ; no                         ; no                          ; Fitter               ; -                    ; -                   ;
; monitor_o[13] ; AD14  ; 3        ; 56           ; 0            ; 14           ; no              ; no                     ; no            ; 2         ; no              ; no         ; no            ; no       ; Off          ; 2.5 V        ; Default          ; Series 50 Ohm without Calibration ; --                        ; no                         ; no                          ; Fitter               ; -                    ; -                   ;
; monitor_o[14] ; AA14  ; 3        ; 54           ; 0            ; 21           ; no              ; no                     ; no            ; 2         ; no              ; no         ; no            ; no       ; Off          ; 2.5 V        ; Default          ; Series 50 Ohm without Calibration ; --                        ; no                         ; no                          ; Fitter               ; -                    ; -                   ;
; monitor_o[15] ; E11   ; 8        ; 31           ; 73           ; 0            ; no              ; no                     ; no            ; 2         ; no              ; no         ; no            ; no       ; Off          ; 2.5 V        ; Default          ; Series 50 Ohm without Calibration ; --                        ; no                         ; no                          ; Fitter               ; -                    ; -                   ;
; monitor_o[16] ; B17   ; 7        ; 60           ; 73           ; 7            ; no              ; no                     ; no            ; 2         ; no              ; no         ; no            ; no       ; Off          ; 2.5 V        ; Default          ; Series 50 Ohm without Calibration ; --                        ; no                         ; no                          ; Fitter               ; -                    ; -                   ;
; monitor_o[17] ; Y14   ; 3        ; 56           ; 0            ; 7            ; no              ; no                     ; no            ; 2         ; no              ; no         ; no            ; no       ; Off          ; 2.5 V        ; Default          ; Series 50 Ohm without Calibration ; --                        ; no                         ; no                          ; Fitter               ; -                    ; -                   ;
; monitor_o[18] ; C15   ; 7        ; 58           ; 73           ; 14           ; no              ; no                     ; no            ; 2         ; no              ; no         ; no            ; no       ; Off          ; 2.5 V        ; Default          ; Series 50 Ohm without Calibration ; --                        ; no                         ; no                          ; Fitter               ; -                    ; -                   ;
; monitor_o[19] ; F15   ; 7        ; 58           ; 73           ; 0            ; no              ; no                     ; no            ; 2         ; no              ; no         ; no            ; no       ; Off          ; 2.5 V        ; Default          ; Series 50 Ohm without Calibration ; --                        ; no                         ; no                          ; Fitter               ; -                    ; -                   ;
; monitor_o[1]  ; B7    ; 8        ; 29           ; 73           ; 7            ; no              ; no                     ; no            ; 2         ; no              ; no         ; no            ; no       ; Off          ; 2.5 V        ; Default          ; Series 50 Ohm without Calibration ; --                        ; no                         ; no                          ; Fitter               ; -                    ; -                   ;
; monitor_o[20] ; E15   ; 7        ; 58           ; 73           ; 7            ; no              ; no                     ; no            ; 2         ; no              ; no         ; no            ; no       ; Off          ; 2.5 V        ; Default          ; Series 50 Ohm without Calibration ; --                        ; no                         ; no                          ; Fitter               ; -                    ; -                   ;
; monitor_o[21] ; C13   ; 8        ; 54           ; 73           ; 0            ; no              ; no                     ; no            ; 2         ; no              ; no         ; no            ; no       ; Off          ; 2.5 V        ; Default          ; Series 50 Ohm without Calibration ; --                        ; no                         ; no                          ; Fitter               ; -                    ; -                   ;
; monitor_o[22] ; F12   ; 8        ; 33           ; 73           ; 7            ; no              ; no                     ; no            ; 2         ; no              ; no         ; no            ; no       ; Off          ; 2.5 V        ; Default          ; Series 50 Ohm without Calibration ; --                        ; no                         ; no                          ; Fitter               ; -                    ; -                   ;
; monitor_o[23] ; D13   ; 8        ; 54           ; 73           ; 7            ; no              ; no                     ; no            ; 2         ; no              ; no         ; no            ; no       ; Off          ; 2.5 V        ; Default          ; Series 50 Ohm without Calibration ; --                        ; no                         ; no                          ; Fitter               ; -                    ; -                   ;
; monitor_o[24] ; H14   ; 8        ; 49           ; 73           ; 14           ; no              ; no                     ; no            ; 2         ; no              ; no         ; no            ; no       ; Off          ; 2.5 V        ; Default          ; Series 50 Ohm without Calibration ; --                        ; no                         ; no                          ; Fitter               ; -                    ; -                   ;
; monitor_o[25] ; AF15  ; 4        ; 60           ; 0            ; 0            ; no              ; no                     ; no            ; 2         ; no              ; no         ; no            ; no       ; Off          ; 2.5 V        ; Default          ; Series 50 Ohm without Calibration ; --                        ; no                         ; no                          ; Fitter               ; -                    ; -                   ;
; monitor_o[26] ; D14   ; 8        ; 52           ; 73           ; 7            ; no              ; no                     ; no            ; 2         ; no              ; no         ; no            ; no       ; Off          ; 2.5 V        ; Default          ; Series 50 Ohm without Calibration ; --                        ; no                         ; no                          ; Fitter               ; -                    ; -                   ;
; monitor_o[27] ; D12   ; 8        ; 52           ; 73           ; 21           ; no              ; no                     ; no            ; 2         ; no              ; no         ; no            ; no       ; Off          ; 2.5 V        ; Default          ; Series 50 Ohm without Calibration ; --                        ; no                         ; no                          ; Fitter               ; -                    ; -                   ;
; monitor_o[28] ; AD15  ; 4        ; 60           ; 0            ; 14           ; no              ; no                     ; no            ; 2         ; no              ; no         ; no            ; no       ; Off          ; 2.5 V        ; Default          ; Series 50 Ohm without Calibration ; --                        ; no                         ; no                          ; Fitter               ; -                    ; -                   ;
; monitor_o[29] ; E17   ; 7        ; 67           ; 73           ; 21           ; no              ; no                     ; no            ; 2         ; no              ; no         ; no            ; no       ; Off          ; 2.5 V        ; Default          ; Series 50 Ohm without Calibration ; --                        ; no                         ; no                          ; Fitter               ; -                    ; -                   ;
; monitor_o[2]  ; Y15   ; 3        ; 56           ; 0            ; 0            ; no              ; no                     ; no            ; 2         ; no              ; no         ; no            ; no       ; Off          ; 2.5 V        ; Default          ; Series 50 Ohm without Calibration ; --                        ; no                         ; no                          ; Fitter               ; -                    ; -                   ;
; monitor_o[30] ; C12   ; 8        ; 52           ; 73           ; 14           ; no              ; no                     ; no            ; 2         ; no              ; no         ; no            ; no       ; Off          ; 2.5 V        ; Default          ; Series 50 Ohm without Calibration ; --                        ; no                         ; no                          ; Fitter               ; -                    ; -                   ;
; monitor_o[31] ; AC14  ; 3        ; 56           ; 0            ; 21           ; no              ; no                     ; no            ; 2         ; no              ; no         ; no            ; no       ; Off          ; 2.5 V        ; Default          ; Series 50 Ohm without Calibration ; --                        ; no                         ; no                          ; Fitter               ; -                    ; -                   ;
; monitor_o[32] ; H21   ; 7        ; 72           ; 73           ; 14           ; no              ; no                     ; no            ; 2         ; no              ; no         ; no            ; no       ; Off          ; 2.5 V        ; Default          ; Series 50 Ohm without Calibration ; --                        ; no                         ; no                          ; Fitter               ; -                    ; -                   ;
; monitor_o[33] ; G18   ; 7        ; 69           ; 73           ; 21           ; no              ; no                     ; no            ; 2         ; no              ; no         ; no            ; no       ; Off          ; 2.5 V        ; Default          ; Series 50 Ohm without Calibration ; --                        ; no                         ; no                          ; Fitter               ; -                    ; -                   ;
; monitor_o[34] ; G19   ; 7        ; 69           ; 73           ; 14           ; no              ; no                     ; no            ; 2         ; no              ; no         ; no            ; no       ; Off          ; 2.5 V        ; Default          ; Series 50 Ohm without Calibration ; --                        ; no                         ; no                          ; Fitter               ; -                    ; -                   ;
; monitor_o[35] ; F17   ; 7        ; 67           ; 73           ; 14           ; no              ; no                     ; no            ; 2         ; no              ; no         ; no            ; no       ; Off          ; 2.5 V        ; Default          ; Series 50 Ohm without Calibration ; --                        ; no                         ; no                          ; Fitter               ; -                    ; -                   ;
; monitor_o[36] ; A17   ; 7        ; 60           ; 73           ; 0            ; no              ; no                     ; no            ; 2         ; no              ; no         ; no            ; no       ; Off          ; 2.5 V        ; Default          ; Series 50 Ohm without Calibration ; --                        ; no                         ; no                          ; Fitter               ; -                    ; -                   ;
; monitor_o[37] ; J13   ; 8        ; 40           ; 73           ; 0            ; no              ; no                     ; no            ; 2         ; no              ; no         ; no            ; no       ; Off          ; 2.5 V        ; Default          ; Series 50 Ohm without Calibration ; --                        ; no                         ; no                          ; Fitter               ; -                    ; -                   ;
; monitor_o[38] ; G22   ; 7        ; 72           ; 73           ; 21           ; no              ; no                     ; no            ; 2         ; no              ; no         ; no            ; no       ; Off          ; 2.5 V        ; Default          ; Series 50 Ohm without Calibration ; --                        ; no                         ; no                          ; Fitter               ; -                    ; -                   ;
; monitor_o[39] ; H16   ; 7        ; 65           ; 73           ; 21           ; no              ; no                     ; no            ; 2         ; no              ; no         ; no            ; no       ; Off          ; 2.5 V        ; Default          ; Series 50 Ohm without Calibration ; --                        ; no                         ; no                          ; Fitter               ; -                    ; -                   ;
; monitor_o[3]  ; G12   ; 8        ; 27           ; 73           ; 7            ; no              ; no                     ; no            ; 2         ; no              ; no         ; no            ; no       ; Off          ; 2.5 V        ; Default          ; Series 50 Ohm without Calibration ; --                        ; no                         ; no                          ; Fitter               ; -                    ; -                   ;
; monitor_o[40] ; C16   ; 7        ; 62           ; 73           ; 14           ; no              ; no                     ; no            ; 2         ; no              ; no         ; no            ; no       ; Off          ; 2.5 V        ; Default          ; Series 50 Ohm without Calibration ; --                        ; no                         ; no                          ; Fitter               ; -                    ; -                   ;
; monitor_o[41] ; A6    ; 8        ; 27           ; 73           ; 14           ; no              ; no                     ; no            ; 2         ; no              ; no         ; no            ; no       ; Off          ; 2.5 V        ; Default          ; Series 50 Ohm without Calibration ; --                        ; no                         ; no                          ; Fitter               ; -                    ; -                   ;
; monitor_o[42] ; A12   ; 8        ; 47           ; 73           ; 0            ; no              ; no                     ; no            ; 2         ; no              ; no         ; no            ; no       ; Off          ; 2.5 V        ; Default          ; Series 50 Ohm without Calibration ; --                        ; no                         ; no                          ; Fitter               ; -                    ; -                   ;
; monitor_o[43] ; B6    ; 8        ; 27           ; 73           ; 21           ; no              ; no                     ; no            ; 2         ; no              ; no         ; no            ; no       ; Off          ; 2.5 V        ; Default          ; Series 50 Ohm without Calibration ; --                        ; no                         ; no                          ; Fitter               ; -                    ; -                   ;
; monitor_o[44] ; B10   ; 8        ; 38           ; 73           ; 7            ; no              ; no                     ; no            ; 2         ; no              ; no         ; no            ; no       ; Off          ; 2.5 V        ; Default          ; Series 50 Ohm without Calibration ; --                        ; no                         ; no                          ; Fitter               ; -                    ; -                   ;
; monitor_o[45] ; D16   ; 7        ; 62           ; 73           ; 21           ; no              ; no                     ; no            ; 2         ; no              ; no         ; no            ; no       ; Off          ; 2.5 V        ; Default          ; Series 50 Ohm without Calibration ; --                        ; no                         ; no                          ; Fitter               ; -                    ; -                   ;
; monitor_o[46] ; D10   ; 8        ; 35           ; 73           ; 21           ; no              ; no                     ; no            ; 2         ; no              ; no         ; no            ; no       ; Off          ; 2.5 V        ; Default          ; Series 50 Ohm without Calibration ; --                        ; no                         ; no                          ; Fitter               ; -                    ; -                   ;
; monitor_o[47] ; G14   ; 8        ; 47           ; 73           ; 14           ; no              ; no                     ; no            ; 2         ; no              ; no         ; no            ; no       ; Off          ; 2.5 V        ; Default          ; Series 50 Ohm without Calibration ; --                        ; no                         ; no                          ; Fitter               ; -                    ; -                   ;
; monitor_o[48] ; F14   ; 8        ; 45           ; 73           ; 0            ; no              ; no                     ; no            ; 2         ; no              ; no         ; no            ; no       ; Off          ; 2.5 V        ; Default          ; Series 50 Ohm without Calibration ; --                        ; no                         ; no                          ; Fitter               ; -                    ; -                   ;
; monitor_o[49] ; H17   ; 7        ; 67           ; 73           ; 7            ; no              ; no                     ; no            ; 2         ; no              ; no         ; no            ; no       ; Off          ; 2.5 V        ; Default          ; Series 50 Ohm without Calibration ; --                        ; no                         ; no                          ; Fitter               ; -                    ; -                   ;
; monitor_o[4]  ; F11   ; 8        ; 31           ; 73           ; 7            ; no              ; no                     ; no            ; 2         ; no              ; no         ; no            ; no       ; Off          ; 2.5 V        ; Default          ; Series 50 Ohm without Calibration ; --                        ; no                         ; no                          ; Fitter               ; -                    ; -                   ;
; monitor_o[50] ; G13   ; 8        ; 38           ; 73           ; 14           ; no              ; no                     ; no            ; 2         ; no              ; no         ; no            ; no       ; Off          ; 2.5 V        ; Default          ; Series 50 Ohm without Calibration ; --                        ; no                         ; no                          ; Fitter               ; -                    ; -                   ;
; monitor_o[51] ; A10   ; 8        ; 38           ; 73           ; 0            ; no              ; no                     ; no            ; 2         ; no              ; no         ; no            ; no       ; Off          ; 2.5 V        ; Default          ; Series 50 Ohm without Calibration ; --                        ; no                         ; no                          ; Fitter               ; -                    ; -                   ;
; monitor_o[52] ; J12   ; 8        ; 40           ; 73           ; 7            ; no              ; no                     ; no            ; 2         ; no              ; no         ; no            ; no       ; Off          ; 2.5 V        ; Default          ; Series 50 Ohm without Calibration ; --                        ; no                         ; no                          ; Fitter               ; -                    ; -                   ;
; monitor_o[53] ; H13   ; 8        ; 38           ; 73           ; 21           ; no              ; no                     ; no            ; 2         ; no              ; no         ; no            ; no       ; Off          ; 2.5 V        ; Default          ; Series 50 Ohm without Calibration ; --                        ; no                         ; no                          ; Fitter               ; -                    ; -                   ;
; monitor_o[54] ; B11   ; 8        ; 42           ; 73           ; 7            ; no              ; no                     ; no            ; 2         ; no              ; no         ; no            ; no       ; Off          ; 2.5 V        ; Default          ; Series 50 Ohm without Calibration ; --                        ; no                         ; no                          ; Fitter               ; -                    ; -                   ;
; monitor_o[55] ; E12   ; 8        ; 33           ; 73           ; 0            ; no              ; no                     ; no            ; 2         ; no              ; no         ; no            ; no       ; Off          ; 2.5 V        ; Default          ; Series 50 Ohm without Calibration ; --                        ; no                         ; no                          ; Fitter               ; -                    ; -                   ;
; monitor_o[56] ; J17   ; 7        ; 69           ; 73           ; 0            ; no              ; no                     ; no            ; 2         ; no              ; no         ; no            ; no       ; Off          ; 2.5 V        ; Default          ; Series 50 Ohm without Calibration ; --                        ; no                         ; no                          ; Fitter               ; -                    ; -                   ;
; monitor_o[57] ; AC15  ; 4        ; 60           ; 0            ; 21           ; no              ; no                     ; no            ; 2         ; no              ; no         ; no            ; no       ; Off          ; 2.5 V        ; Default          ; Series 50 Ohm without Calibration ; --                        ; no                         ; no                          ; Fitter               ; -                    ; -                   ;
; monitor_o[58] ; G15   ; 7        ; 65           ; 73           ; 7            ; no              ; no                     ; no            ; 2         ; no              ; no         ; no            ; no       ; Off          ; 2.5 V        ; Default          ; Series 50 Ohm without Calibration ; --                        ; no                         ; no                          ; Fitter               ; -                    ; -                   ;
; monitor_o[59] ; G16   ; 7        ; 67           ; 73           ; 0            ; no              ; no                     ; no            ; 2         ; no              ; no         ; no            ; no       ; Off          ; 2.5 V        ; Default          ; Series 50 Ohm without Calibration ; --                        ; no                         ; no                          ; Fitter               ; -                    ; -                   ;
; monitor_o[5]  ; AH12  ; 3        ; 54           ; 0            ; 0            ; no              ; no                     ; no            ; 2         ; no              ; no         ; no            ; no       ; Off          ; 2.5 V        ; Default          ; Series 50 Ohm without Calibration ; --                        ; no                         ; no                          ; Fitter               ; -                    ; -                   ;
; monitor_o[60] ; E14   ; 8        ; 45           ; 73           ; 7            ; no              ; no                     ; no            ; 2         ; no              ; no         ; no            ; no       ; Off          ; 2.5 V        ; Default          ; Series 50 Ohm without Calibration ; --                        ; no                         ; no                          ; Fitter               ; -                    ; -                   ;
; monitor_o[61] ; A11   ; 8        ; 42           ; 73           ; 0            ; no              ; no                     ; no            ; 2         ; no              ; no         ; no            ; no       ; Off          ; 2.5 V        ; Default          ; Series 50 Ohm without Calibration ; --                        ; no                         ; no                          ; Fitter               ; -                    ; -                   ;
; monitor_o[62] ; J16   ; 7        ; 65           ; 73           ; 14           ; no              ; no                     ; no            ; 2         ; no              ; no         ; no            ; no       ; Off          ; 2.5 V        ; Default          ; Series 50 Ohm without Calibration ; --                        ; no                         ; no                          ; Fitter               ; -                    ; -                   ;
; monitor_o[63] ; J19   ; 7        ; 72           ; 73           ; 7            ; no              ; no                     ; no            ; 2         ; no              ; no         ; no            ; no       ; Off          ; 2.5 V        ; Default          ; Series 50 Ohm without Calibration ; --                        ; no                         ; no                          ; Fitter               ; -                    ; -                   ;
; monitor_o[6]  ; D15   ; 7        ; 58           ; 73           ; 21           ; no              ; no                     ; no            ; 2         ; no              ; no         ; no            ; no       ; Off          ; 2.5 V        ; Default          ; Series 50 Ohm without Calibration ; --                        ; no                         ; no                          ; Fitter               ; -                    ; -                   ;
; monitor_o[7]  ; H15   ; 7        ; 60           ; 73           ; 14           ; no              ; no                     ; no            ; 2         ; no              ; no         ; no            ; no       ; Off          ; 2.5 V        ; Default          ; Series 50 Ohm without Calibration ; --                        ; no                         ; no                          ; Fitter               ; -                    ; -                   ;
; monitor_o[8]  ; J15   ; 7        ; 60           ; 73           ; 21           ; no              ; no                     ; no            ; 2         ; no              ; no         ; no            ; no       ; Off          ; 2.5 V        ; Default          ; Series 50 Ohm without Calibration ; --                        ; no                         ; no                          ; Fitter               ; -                    ; -                   ;
; monitor_o[9]  ; AG17  ; 4        ; 62           ; 0            ; 21           ; no              ; no                     ; no            ; 2         ; no              ; no         ; no            ; no       ; Off          ; 2.5 V        ; Default          ; Series 50 Ohm without Calibration ; --                        ; no                         ; no                          ; Fitter               ; -                    ; -                   ;
+---------------+-------+----------+--------------+--------------+--------------+-----------------+------------------------+---------------+-----------+-----------------+------------+---------------+----------+--------------+--------------+------------------+-----------------------------------+---------------------------+----------------------------+-----------------------------+----------------------+----------------------+---------------------+


+--------------------------------------------------------------------------------------------------------------------------------------+
; Dual Purpose and Dedicated Pins                                                                                                      ;
+----------+------------------------------------------+--------------------------+-------------------------+---------------------------+
; Location ; Pin Name                                 ; Reserved As              ; User Signal Name        ; Pin Type                  ;
+----------+------------------------------------------+--------------------------+-------------------------+---------------------------+
; F4       ; DIFFIO_L5n, DATA1, ASDO                  ; As input tri-stated      ; ~ALTERA_ASDO_DATA1~     ; Dual Purpose Pin          ;
; E2       ; DIFFIO_L8p, FLASH_nCE, nCSO              ; As input tri-stated      ; ~ALTERA_FLASH_nCE_nCSO~ ; Dual Purpose Pin          ;
; M6       ; nSTATUS                                  ; -                        ; -                       ; Dedicated Programming Pin ;
; P3       ; DCLK                                     ; As output driving ground ; ~ALTERA_DCLK~           ; Dual Purpose Pin          ;
; N7       ; DATA0                                    ; As input tri-stated      ; ~ALTERA_DATA0~          ; Dual Purpose Pin          ;
; P4       ; nCONFIG                                  ; -                        ; -                       ; Dedicated Programming Pin ;
; R8       ; nCE                                      ; -                        ; -                       ; Dedicated Programming Pin ;
; P24      ; CONF_DONE                                ; -                        ; -                       ; Dedicated Programming Pin ;
; N22      ; MSEL0                                    ; -                        ; -                       ; Dedicated Programming Pin ;
; P23      ; MSEL1                                    ; -                        ; -                       ; Dedicated Programming Pin ;
; M22      ; MSEL2                                    ; -                        ; -                       ; Dedicated Programming Pin ;
; P22      ; MSEL3                                    ; -                        ; -                       ; Dedicated Programming Pin ;
; P28      ; DIFFIO_R23n, nCEO                        ; Use as programming pin   ; ~ALTERA_nCEO~           ; Dual Purpose Pin          ;
; C16      ; DIFFIO_T36n, PADD9                       ; Use as regular IO        ; monitor_o[40]           ; Dual Purpose Pin          ;
; D16      ; DIFFIO_T36p, PADD10                      ; Use as regular IO        ; monitor_o[45]           ; Dual Purpose Pin          ;
; A17      ; DIFFIO_T35n, PADD11                      ; Use as regular IO        ; monitor_o[36]           ; Dual Purpose Pin          ;
; B17      ; DIFFIO_T35p, PADD12, DQS4T/CQ5T,DPCLK9   ; Use as regular IO        ; monitor_o[16]           ; Dual Purpose Pin          ;
; C15      ; DIFFIO_T32n, PADD13                      ; Use as regular IO        ; monitor_o[18]           ; Dual Purpose Pin          ;
; D15      ; DIFFIO_T32p, PADD14                      ; Use as regular IO        ; monitor_o[6]            ; Dual Purpose Pin          ;
; D14      ; DIFFIO_T30p, PADD15                      ; Use as regular IO        ; monitor_o[26]           ; Dual Purpose Pin          ;
; C12      ; DIFFIO_T29n, PADD16                      ; Use as regular IO        ; monitor_o[30]           ; Dual Purpose Pin          ;
; D12      ; DIFFIO_T29p, PADD17, DQS5T/CQ5T#,DPCLK10 ; Use as regular IO        ; monitor_o[27]           ; Dual Purpose Pin          ;
; A11      ; DIFFIO_T25n, DATA2                       ; Use as regular IO        ; monitor_o[61]           ; Dual Purpose Pin          ;
; B11      ; DIFFIO_T25p, DATA3                       ; Use as regular IO        ; monitor_o[54]           ; Dual Purpose Pin          ;
; A10      ; DIFFIO_T23n, PADD18                      ; Use as regular IO        ; monitor_o[51]           ; Dual Purpose Pin          ;
; B10      ; DIFFIO_T23p, DATA4                       ; Use as regular IO        ; monitor_o[44]           ; Dual Purpose Pin          ;
; G13      ; DIFFIO_T22n, PADD19                      ; Use as regular IO        ; monitor_o[50]           ; Dual Purpose Pin          ;
; H13      ; DIFFIO_T22p, DATA15                      ; Use as regular IO        ; monitor_o[53]           ; Dual Purpose Pin          ;
; E12      ; DIFFIO_T20n, DATA14, DQS3T/CQ3T#,DPCLK11 ; Use as regular IO        ; monitor_o[55]           ; Dual Purpose Pin          ;
; F12      ; DIFFIO_T20p, DATA13                      ; Use as regular IO        ; monitor_o[22]           ; Dual Purpose Pin          ;
; B7       ; DIFFIO_T18p, DATA5                       ; Use as regular IO        ; monitor_o[1]            ; Dual Purpose Pin          ;
; B6       ; DIFFIO_T17p, DATA6                       ; Use as regular IO        ; monitor_o[43]           ; Dual Purpose Pin          ;
+----------+------------------------------------------+--------------------------+-------------------------+---------------------------+


+------------------------------------------------------------+
; I/O Bank Usage                                             ;
+----------+------------------+---------------+--------------+
; I/O Bank ; Usage            ; VCCIO Voltage ; VREF Voltage ;
+----------+------------------+---------------+--------------+
; 1        ; 4 / 56 ( 7 % )   ; 2.5V          ; --           ;
; 2        ; 1 / 63 ( 2 % )   ; 2.5V          ; --           ;
; 3        ; 6 / 73 ( 8 % )   ; 2.5V          ; --           ;
; 4        ; 4 / 71 ( 6 % )   ; 2.5V          ; --           ;
; 5        ; 1 / 65 ( 2 % )   ; 2.5V          ; --           ;
; 6        ; 1 / 58 ( 2 % )   ; 2.5V          ; --           ;
; 7        ; 23 / 72 ( 32 % ) ; 2.5V          ; --           ;
; 8        ; 31 / 71 ( 44 % ) ; 2.5V          ; --           ;
+----------+------------------+---------------+--------------+


+-----------------------------------------------------------------------------------------------------------------------------------------------------------------------------------------+
; All Package Pins                                                                                                                                                                        ;
+----------+------------+----------+-----------------------------------------------------------+--------+--------------+---------+------------+-----------------+----------+--------------+
; Location ; Pad Number ; I/O Bank ; Pin Name/Usage                                            ; Dir.   ; I/O Standard ; Voltage ; I/O Type   ; User Assignment ; Bus Hold ; Weak Pull Up ;
+----------+------------+----------+-----------------------------------------------------------+--------+--------------+---------+------------+-----------------+----------+--------------+
; A2       ;            ; 8        ; VCCIO8                                                    ; power  ;              ; 2.5V    ; --         ;                 ; --       ; --           ;
; A3       ; 535        ; 8        ; RESERVED_INPUT_WITH_WEAK_PULLUP                           ;        ;              ;         ; Column I/O ;                 ; no       ; On           ;
; A4       ; 532        ; 8        ; RESERVED_INPUT_WITH_WEAK_PULLUP                           ;        ;              ;         ; Column I/O ;                 ; no       ; On           ;
; A5       ;            ; 8        ; VCCIO8                                                    ; power  ;              ; 2.5V    ; --         ;                 ; --       ; --           ;
; A6       ; 504        ; 8        ; monitor_o[41]                                             ; output ; 2.5 V        ;         ; Column I/O ; N               ; no       ; Off          ;
; A7       ; 501        ; 8        ; monitor_o[12]                                             ; output ; 2.5 V        ;         ; Column I/O ; N               ; no       ; Off          ;
; A8       ; 517        ; 8        ; RESERVED_INPUT_WITH_WEAK_PULLUP                           ;        ;              ;         ; Column I/O ;                 ; no       ; On           ;
; A9       ;            ; 8        ; VCCIO8                                                    ; power  ;              ; 2.5V    ; --         ;                 ; --       ; --           ;
; A10      ; 491        ; 8        ; monitor_o[51]                                             ; output ; 2.5 V        ;         ; Column I/O ; N               ; no       ; Off          ;
; A11      ; 487        ; 8        ; monitor_o[61]                                             ; output ; 2.5 V        ;         ; Column I/O ; N               ; no       ; Off          ;
; A12      ; 482        ; 8        ; monitor_o[42]                                             ; output ; 2.5 V        ;         ; Column I/O ; N               ; no       ; Off          ;
; A13      ;            ; 8        ; VCCIO8                                                    ; power  ;              ; 2.5V    ; --         ;                 ; --       ; --           ;
; A14      ; 472        ; 8        ; GND+                                                      ;        ;              ;         ; Column I/O ;                 ; --       ; --           ;
; A15      ; 470        ; 7        ; GND+                                                      ;        ;              ;         ; Column I/O ;                 ; --       ; --           ;
; A16      ;            ; 7        ; VCCIO7                                                    ; power  ;              ; 2.5V    ; --         ;                 ; --       ; --           ;
; A17      ; 462        ; 7        ; monitor_o[36]                                             ; output ; 2.5 V        ;         ; Column I/O ; N               ; no       ; Off          ;
; A18      ; 442        ; 7        ; RESERVED_INPUT_WITH_WEAK_PULLUP                           ;        ;              ;         ; Column I/O ;                 ; no       ; On           ;
; A19      ; 440        ; 7        ; RESERVED_INPUT_WITH_WEAK_PULLUP                           ;        ;              ;         ; Column I/O ;                 ; no       ; On           ;
; A20      ;            ; 7        ; VCCIO7                                                    ; power  ;              ; 2.5V    ; --         ;                 ; --       ; --           ;
; A21      ; 425        ; 7        ; RESERVED_INPUT_WITH_WEAK_PULLUP                           ;        ;              ;         ; Column I/O ;                 ; no       ; On           ;
; A22      ; 423        ; 7        ; RESERVED_INPUT_WITH_WEAK_PULLUP                           ;        ;              ;         ; Column I/O ;                 ; no       ; On           ;
; A23      ; 412        ; 7        ; RESERVED_INPUT_WITH_WEAK_PULLUP                           ;        ;              ;         ; Column I/O ;                 ; no       ; On           ;
; A24      ;            ; 7        ; VCCIO7                                                    ; power  ;              ; 2.5V    ; --         ;                 ; --       ; --           ;
; A25      ; 405        ; 7        ; RESERVED_INPUT_WITH_WEAK_PULLUP                           ;        ;              ;         ; Column I/O ;                 ; no       ; On           ;
; A26      ; 404        ; 7        ; RESERVED_INPUT_WITH_WEAK_PULLUP                           ;        ;              ;         ; Column I/O ;                 ; no       ; On           ;
; A27      ;            ; 7        ; VCCIO7                                                    ; power  ;              ; 2.5V    ; --         ;                 ; --       ; --           ;
; AA1      ;            ; 2        ; VCCIO2                                                    ; power  ;              ; 2.5V    ; --         ;                 ; --       ; --           ;
; AA2      ;            ;          ; GND                                                       ; gnd    ;              ;         ; --         ;                 ; --       ; --           ;
; AA3      ; 102        ; 2        ; RESERVED_INPUT_WITH_WEAK_PULLUP                           ;        ;              ;         ; Row I/O    ;                 ; no       ; On           ;
; AA4      ; 101        ; 2        ; RESERVED_INPUT_WITH_WEAK_PULLUP                           ;        ;              ;         ; Row I/O    ;                 ; no       ; On           ;
; AA5      ; 119        ; 2        ; RESERVED_INPUT_WITH_WEAK_PULLUP                           ;        ;              ;         ; Row I/O    ;                 ; no       ; On           ;
; AA6      ; 118        ; 2        ; RESERVED_INPUT_WITH_WEAK_PULLUP                           ;        ;              ;         ; Row I/O    ;                 ; no       ; On           ;
; AA7      ; 120        ; 2        ; RESERVED_INPUT_WITH_WEAK_PULLUP                           ;        ;              ;         ; Row I/O    ;                 ; no       ; On           ;
; AA8      ; 154        ; 3        ; RESERVED_INPUT_WITH_WEAK_PULLUP                           ;        ;              ;         ; Column I/O ;                 ; no       ; On           ;
; AA9      ;            ;          ; GNDA1                                                     ; gnd    ;              ;         ; --         ;                 ; --       ; --           ;
; AA10     ; 155        ; 3        ; RESERVED_INPUT_WITH_WEAK_PULLUP                           ;        ;              ;         ; Column I/O ;                 ; no       ; On           ;
; AA11     ;            ; 3        ; VCCIO3                                                    ; power  ;              ; 2.5V    ; --         ;                 ; --       ; --           ;
; AA12     ; 188        ; 3        ; RESERVED_INPUT_WITH_WEAK_PULLUP                           ;        ;              ;         ; Column I/O ;                 ; no       ; On           ;
; AA13     ; 190        ; 3        ; RESERVED_INPUT_WITH_WEAK_PULLUP                           ;        ;              ;         ; Column I/O ;                 ; no       ; On           ;
; AA14     ; 191        ; 3        ; monitor_o[14]                                             ; output ; 2.5 V        ;         ; Column I/O ; N               ; no       ; Off          ;
; AA15     ; 213        ; 4        ; RESERVED_INPUT_WITH_WEAK_PULLUP                           ;        ;              ;         ; Column I/O ;                 ; --       ; --           ;
; AA16     ; 211        ; 4        ; RESERVED_INPUT_WITH_WEAK_PULLUP                           ;        ;              ;         ; Column I/O ;                 ; no       ; On           ;
; AA17     ; 241        ; 4        ; RESERVED_INPUT_WITH_WEAK_PULLUP                           ;        ;              ;         ; Column I/O ;                 ; no       ; On           ;
; AA18     ;            ; 4        ; VCCIO4                                                    ; power  ;              ; 2.5V    ; --         ;                 ; --       ; --           ;
; AA19     ; 264        ; 4        ; RESERVED_INPUT_WITH_WEAK_PULLUP                           ;        ;              ;         ; Column I/O ;                 ; no       ; On           ;
; AA20     ;            ;          ; GNDA4                                                     ; gnd    ;              ;         ; --         ;                 ; --       ; --           ;
; AA21     ; 269        ; 4        ; RESERVED_INPUT_WITH_WEAK_PULLUP                           ;        ;              ;         ; Column I/O ;                 ; no       ; On           ;
; AA22     ; 275        ; 5        ; RESERVED_INPUT_WITH_WEAK_PULLUP                           ;        ;              ;         ; Row I/O    ;                 ; no       ; On           ;
; AA23     ; 280        ; 5        ; RESERVED_INPUT_WITH_WEAK_PULLUP                           ;        ;              ;         ; Row I/O    ;                 ; no       ; On           ;
; AA24     ; 279        ; 5        ; RESERVED_INPUT_WITH_WEAK_PULLUP                           ;        ;              ;         ; Row I/O    ;                 ; --       ; --           ;
; AA25     ; 294        ; 5        ; RESERVED_INPUT_WITH_WEAK_PULLUP                           ;        ;              ;         ; Row I/O    ;                 ; no       ; On           ;
; AA26     ; 293        ; 5        ; RESERVED_INPUT_WITH_WEAK_PULLUP                           ;        ;              ;         ; Row I/O    ;                 ; no       ; On           ;
; AA27     ;            ;          ; GND                                                       ; gnd    ;              ;         ; --         ;                 ; --       ; --           ;
; AA28     ;            ; 5        ; VCCIO5                                                    ; power  ;              ; 2.5V    ; --         ;                 ; --       ; --           ;
; AB1      ; 86         ; 2        ; RESERVED_INPUT_WITH_WEAK_PULLUP                           ;        ;              ;         ; Row I/O    ;                 ; no       ; On           ;
; AB2      ; 85         ; 2        ; RESERVED_INPUT_WITH_WEAK_PULLUP                           ;        ;              ;         ; Row I/O    ;                 ; no       ; On           ;
; AB3      ; 99         ; 2        ; RESERVED_INPUT_WITH_WEAK_PULLUP                           ;        ;              ;         ; Row I/O    ;                 ; no       ; On           ;
; AB4      ; 121        ; 2        ; RESERVED_INPUT_WITH_WEAK_PULLUP                           ;        ;              ;         ; Row I/O    ;                 ; --       ; --           ;
; AB5      ; 127        ; 2        ; RESERVED_INPUT_WITH_WEAK_PULLUP                           ;        ;              ;         ; Row I/O    ;                 ; no       ; On           ;
; AB6      ; 126        ; 2        ; RESERVED_INPUT_WITH_WEAK_PULLUP                           ;        ;              ;         ; Row I/O    ;                 ; no       ; On           ;
; AB7      ; 152        ; 3        ; RESERVED_INPUT_WITH_WEAK_PULLUP                           ;        ;              ;         ; Column I/O ;                 ; no       ; On           ;
; AB8      ; 148        ; 3        ; RESERVED_INPUT_WITH_WEAK_PULLUP                           ;        ;              ;         ; Column I/O ;                 ; no       ; On           ;
; AB9      ; 147        ; 3        ; RESERVED_INPUT_WITH_WEAK_PULLUP                           ;        ;              ;         ; Column I/O ;                 ; no       ; On           ;
; AB10     ; 173        ; 3        ; RESERVED_INPUT_WITH_WEAK_PULLUP                           ;        ;              ;         ; Column I/O ;                 ; no       ; On           ;
; AB11     ; 164        ; 3        ; RESERVED_INPUT_WITH_WEAK_PULLUP                           ;        ;              ;         ; Column I/O ;                 ; --       ; --           ;
; AB12     ; 180        ; 3        ; RESERVED_INPUT_WITH_WEAK_PULLUP                           ;        ;              ;         ; Column I/O ;                 ; no       ; On           ;
; AB13     ; 181        ; 3        ; RESERVED_INPUT_WITH_WEAK_PULLUP                           ;        ;              ;         ; Column I/O ;                 ; --       ; --           ;
; AB14     ; 192        ; 3        ; RESERVED_INPUT_WITH_WEAK_PULLUP                           ;        ;              ;         ; Column I/O ;                 ; no       ; On           ;
; AB15     ; 214        ; 4        ; RESERVED_INPUT_WITH_WEAK_PULLUP                           ;        ;              ;         ; Column I/O ;                 ; no       ; On           ;
; AB16     ; 212        ; 4        ; RESERVED_INPUT_WITH_WEAK_PULLUP                           ;        ;              ;         ; Column I/O ;                 ; no       ; On           ;
; AB17     ; 242        ; 4        ; RESERVED_INPUT_WITH_WEAK_PULLUP                           ;        ;              ;         ; Column I/O ;                 ; no       ; On           ;
; AB18     ; 254        ; 4        ; RESERVED_INPUT_WITH_WEAK_PULLUP                           ;        ;              ;         ; Column I/O ;                 ; no       ; On           ;
; AB19     ; 253        ; 4        ; RESERVED_INPUT_WITH_WEAK_PULLUP                           ;        ;              ;         ; Column I/O ;                 ; no       ; On           ;
; AB20     ; 257        ; 4        ; RESERVED_INPUT_WITH_WEAK_PULLUP                           ;        ;              ;         ; Column I/O ;                 ; --       ; --           ;
; AB21     ; 266        ; 4        ; RESERVED_INPUT_WITH_WEAK_PULLUP                           ;        ;              ;         ; Column I/O ;                 ; no       ; On           ;
; AB22     ; 265        ; 4        ; RESERVED_INPUT_WITH_WEAK_PULLUP                           ;        ;              ;         ; Column I/O ;                 ; no       ; On           ;
; AB23     ; 276        ; 5        ; RESERVED_INPUT_WITH_WEAK_PULLUP                           ;        ;              ;         ; Row I/O    ;                 ; no       ; On           ;
; AB24     ; 274        ; 5        ; RESERVED_INPUT_WITH_WEAK_PULLUP                           ;        ;              ;         ; Row I/O    ;                 ; no       ; On           ;
; AB25     ; 292        ; 5        ; RESERVED_INPUT_WITH_WEAK_PULLUP                           ;        ;              ;         ; Row I/O    ;                 ; no       ; On           ;
; AB26     ; 291        ; 5        ; RESERVED_INPUT_WITH_WEAK_PULLUP                           ;        ;              ;         ; Row I/O    ;                 ; no       ; On           ;
; AB27     ; 296        ; 5        ; RESERVED_INPUT_WITH_WEAK_PULLUP                           ;        ;              ;         ; Row I/O    ;                 ; no       ; On           ;
; AB28     ; 295        ; 5        ; RESERVED_INPUT_WITH_WEAK_PULLUP                           ;        ;              ;         ; Row I/O    ;                 ; no       ; On           ;
; AC1      ; 94         ; 2        ; RESERVED_INPUT_WITH_WEAK_PULLUP                           ;        ;              ;         ; Row I/O    ;                 ; no       ; On           ;
; AC2      ; 93         ; 2        ; RESERVED_INPUT_WITH_WEAK_PULLUP                           ;        ;              ;         ; Row I/O    ;                 ; no       ; On           ;
; AC3      ; 95         ; 2        ; RESERVED_INPUT_WITH_WEAK_PULLUP                           ;        ;              ;         ; Row I/O    ;                 ; no       ; On           ;
; AC4      ; 125        ; 2        ; RESERVED_INPUT_WITH_WEAK_PULLUP                           ;        ;              ;         ; Row I/O    ;                 ; no       ; On           ;
; AC5      ; 124        ; 2        ; RESERVED_INPUT_WITH_WEAK_PULLUP                           ;        ;              ;         ; Row I/O    ;                 ; no       ; On           ;
; AC6      ;            ;          ; GND                                                       ; gnd    ;              ;         ; --         ;                 ; --       ; --           ;
; AC7      ; 144        ; 3        ; RESERVED_INPUT_WITH_WEAK_PULLUP                           ;        ;              ;         ; Column I/O ;                 ; no       ; On           ;
; AC8      ; 153        ; 3        ; RESERVED_INPUT_WITH_WEAK_PULLUP                           ;        ;              ;         ; Column I/O ;                 ; no       ; On           ;
; AC9      ;            ;          ; GND                                                       ; gnd    ;              ;         ; --         ;                 ; --       ; --           ;
; AC10     ; 174        ; 3        ; RESERVED_INPUT_WITH_WEAK_PULLUP                           ;        ;              ;         ; Column I/O ;                 ; no       ; On           ;
; AC11     ; 185        ; 3        ; RESERVED_INPUT_WITH_WEAK_PULLUP                           ;        ;              ;         ; Column I/O ;                 ; no       ; On           ;
; AC12     ; 179        ; 3        ; RESERVED_INPUT_WITH_WEAK_PULLUP                           ;        ;              ;         ; Column I/O ;                 ; no       ; On           ;
; AC13     ;            ;          ; GND                                                       ; gnd    ;              ;         ; --         ;                 ; --       ; --           ;
; AC14     ; 195        ; 3        ; monitor_o[31]                                             ; output ; 2.5 V        ;         ; Column I/O ; N               ; no       ; Off          ;
; AC15     ; 203        ; 4        ; monitor_o[57]                                             ; output ; 2.5 V        ;         ; Column I/O ; N               ; no       ; Off          ;
; AC16     ;            ;          ; GND                                                       ; gnd    ;              ;         ; --         ;                 ; --       ; --           ;
; AC17     ; 221        ; 4        ; RESERVED_INPUT_WITH_WEAK_PULLUP                           ;        ;              ;         ; Column I/O ;                 ; no       ; On           ;
; AC18     ; 240        ; 4        ; RESERVED_INPUT_WITH_WEAK_PULLUP                           ;        ;              ;         ; Column I/O ;                 ; --       ; --           ;
; AC19     ; 247        ; 4        ; RESERVED_INPUT_WITH_WEAK_PULLUP                           ;        ;              ;         ; Column I/O ;                 ; no       ; On           ;
; AC20     ;            ;          ; GND                                                       ; gnd    ;              ;         ; --         ;                 ; --       ; --           ;
; AC21     ; 258        ; 4        ; RESERVED_INPUT_WITH_WEAK_PULLUP                           ;        ;              ;         ; Column I/O ;                 ; no       ; On           ;
; AC22     ; 267        ; 4        ; RESERVED_INPUT_WITH_WEAK_PULLUP                           ;        ;              ;         ; Column I/O ;                 ; no       ; On           ;
; AC23     ;            ;          ; GND                                                       ; gnd    ;              ;         ; --         ;                 ; --       ; --           ;
; AC24     ; 273        ; 5        ; RESERVED_INPUT_WITH_WEAK_PULLUP                           ;        ;              ;         ; Row I/O    ;                 ; no       ; On           ;
; AC25     ; 272        ; 5        ; RESERVED_INPUT_WITH_WEAK_PULLUP                           ;        ;              ;         ; Row I/O    ;                 ; no       ; On           ;
; AC26     ; 282        ; 5        ; RESERVED_INPUT_WITH_WEAK_PULLUP                           ;        ;              ;         ; Row I/O    ;                 ; no       ; On           ;
; AC27     ; 290        ; 5        ; RESERVED_INPUT_WITH_WEAK_PULLUP                           ;        ;              ;         ; Row I/O    ;                 ; no       ; On           ;
; AC28     ; 289        ; 5        ; RESERVED_INPUT_WITH_WEAK_PULLUP                           ;        ;              ;         ; Row I/O    ;                 ; no       ; On           ;
; AD1      ; 98         ; 2        ; RESERVED_INPUT_WITH_WEAK_PULLUP                           ;        ;              ;         ; Row I/O    ;                 ; no       ; On           ;
; AD2      ; 97         ; 2        ; RESERVED_INPUT_WITH_WEAK_PULLUP                           ;        ;              ;         ; Row I/O    ;                 ; no       ; On           ;
; AD3      ; 96         ; 2        ; RESERVED_INPUT_WITH_WEAK_PULLUP                           ;        ;              ;         ; Row I/O    ;                 ; no       ; On           ;
; AD4      ; 130        ; 3        ; RESERVED_INPUT_WITH_WEAK_PULLUP                           ;        ;              ;         ; Column I/O ;                 ; no       ; On           ;
; AD5      ; 128        ; 3        ; RESERVED_INPUT_WITH_WEAK_PULLUP                           ;        ;              ;         ; Column I/O ;                 ; no       ; On           ;
; AD6      ;            ; 3        ; VCCIO3                                                    ; power  ;              ; 2.5V    ; --         ;                 ; --       ; --           ;
; AD7      ; 134        ; 3        ; RESERVED_INPUT_WITH_WEAK_PULLUP                           ;        ;              ;         ; Column I/O ;                 ; no       ; On           ;
; AD8      ; 143        ; 3        ; RESERVED_INPUT_WITH_WEAK_PULLUP                           ;        ;              ;         ; Column I/O ;                 ; no       ; On           ;
; AD9      ;            ; 3        ; VCCIO3                                                    ; power  ;              ; 2.5V    ; --         ;                 ; --       ; --           ;
; AD10     ; 149        ; 3        ; RESERVED_INPUT_WITH_WEAK_PULLUP                           ;        ;              ;         ; Column I/O ;                 ; no       ; On           ;
; AD11     ; 186        ; 3        ; RESERVED_INPUT_WITH_WEAK_PULLUP                           ;        ;              ;         ; Column I/O ;                 ; no       ; On           ;
; AD12     ; 182        ; 3        ; RESERVED_INPUT_WITH_WEAK_PULLUP                           ;        ;              ;         ; Column I/O ;                 ; no       ; On           ;
; AD13     ;            ; 3        ; VCCIO3                                                    ; power  ;              ; 2.5V    ; --         ;                 ; --       ; --           ;
; AD14     ; 196        ; 3        ; monitor_o[13]                                             ; output ; 2.5 V        ;         ; Column I/O ; N               ; no       ; Off          ;
; AD15     ; 204        ; 4        ; monitor_o[28]                                             ; output ; 2.5 V        ;         ; Column I/O ; N               ; no       ; Off          ;
; AD16     ;            ; 4        ; VCCIO4                                                    ; power  ;              ; 2.5V    ; --         ;                 ; --       ; --           ;
; AD17     ; 222        ; 4        ; RESERVED_INPUT_WITH_WEAK_PULLUP                           ;        ;              ;         ; Column I/O ;                 ; no       ; On           ;
; AD18     ; 237        ; 4        ; RESERVED_INPUT_WITH_WEAK_PULLUP                           ;        ;              ;         ; Column I/O ;                 ; no       ; On           ;
; AD19     ; 248        ; 4        ; RESERVED_INPUT_WITH_WEAK_PULLUP                           ;        ;              ;         ; Column I/O ;                 ; no       ; On           ;
; AD20     ;            ; 4        ; VCCIO4                                                    ; power  ;              ; 2.5V    ; --         ;                 ; --       ; --           ;
; AD21     ; 259        ; 4        ; RESERVED_INPUT_WITH_WEAK_PULLUP                           ;        ;              ;         ; Column I/O ;                 ; no       ; On           ;
; AD22     ; 268        ; 4        ; RESERVED_INPUT_WITH_WEAK_PULLUP                           ;        ;              ;         ; Column I/O ;                 ; no       ; On           ;
; AD23     ;            ; 4        ; VCCIO4                                                    ; power  ;              ; 2.5V    ; --         ;                 ; --       ; --           ;
; AD24     ; 260        ; 4        ; RESERVED_INPUT_WITH_WEAK_PULLUP                           ;        ;              ;         ; Column I/O ;                 ; no       ; On           ;
; AD25     ; 255        ; 4        ; RESERVED_INPUT_WITH_WEAK_PULLUP                           ;        ;              ;         ; Column I/O ;                 ; no       ; On           ;
; AD26     ; 281        ; 5        ; RESERVED_INPUT_WITH_WEAK_PULLUP                           ;        ;              ;         ; Row I/O    ;                 ; no       ; On           ;
; AD27     ; 286        ; 5        ; RESERVED_INPUT_WITH_WEAK_PULLUP                           ;        ;              ;         ; Row I/O    ;                 ; no       ; On           ;
; AD28     ; 285        ; 5        ; RESERVED_INPUT_WITH_WEAK_PULLUP                           ;        ;              ;         ; Row I/O    ;                 ; no       ; On           ;
; AE1      ; 106        ; 2        ; RESERVED_INPUT_WITH_WEAK_PULLUP                           ;        ;              ;         ; Row I/O    ;                 ; no       ; On           ;
; AE2      ; 105        ; 2        ; RESERVED_INPUT_WITH_WEAK_PULLUP                           ;        ;              ;         ; Row I/O    ;                 ; no       ; On           ;
; AE3      ; 122        ; 2        ; RESERVED_INPUT_WITH_WEAK_PULLUP                           ;        ;              ;         ; Row I/O    ;                 ; no       ; On           ;
; AE4      ; 132        ; 3        ; RESERVED_INPUT_WITH_WEAK_PULLUP                           ;        ;              ;         ; Column I/O ;                 ; no       ; On           ;
; AE5      ; 135        ; 3        ; RESERVED_INPUT_WITH_WEAK_PULLUP                           ;        ;              ;         ; Column I/O ;                 ; no       ; On           ;
; AE6      ; 129        ; 3        ; RESERVED_INPUT_WITH_WEAK_PULLUP                           ;        ;              ;         ; Column I/O ;                 ; no       ; On           ;
; AE7      ; 158        ; 3        ; RESERVED_INPUT_WITH_WEAK_PULLUP                           ;        ;              ;         ; Column I/O ;                 ; no       ; On           ;
; AE8      ; 161        ; 3        ; RESERVED_INPUT_WITH_WEAK_PULLUP                           ;        ;              ;         ; Column I/O ;                 ; no       ; On           ;
; AE9      ; 163        ; 3        ; RESERVED_INPUT_WITH_WEAK_PULLUP                           ;        ;              ;         ; Column I/O ;                 ; no       ; On           ;
; AE10     ; 165        ; 3        ; RESERVED_INPUT_WITH_WEAK_PULLUP                           ;        ;              ;         ; Column I/O ;                 ; no       ; On           ;
; AE11     ; 171        ; 3        ; RESERVED_INPUT_WITH_WEAK_PULLUP                           ;        ;              ;         ; Column I/O ;                 ; no       ; On           ;
; AE12     ; 169        ; 3        ; RESERVED_INPUT_WITH_WEAK_PULLUP                           ;        ;              ;         ; Column I/O ;                 ; no       ; On           ;
; AE13     ; 177        ; 3        ; RESERVED_INPUT_WITH_WEAK_PULLUP                           ;        ;              ;         ; Column I/O ;                 ; no       ; On           ;
; AE14     ; 183        ; 3        ; RESERVED_INPUT_WITH_WEAK_PULLUP                           ;        ;              ;         ; Column I/O ;                 ; no       ; On           ;
; AE15     ; 205        ; 4        ; RESERVED_INPUT_WITH_WEAK_PULLUP                           ;        ;              ;         ; Column I/O ;                 ; no       ; On           ;
; AE16     ; 209        ; 4        ; RESERVED_INPUT_WITH_WEAK_PULLUP                           ;        ;              ;         ; Column I/O ;                 ; no       ; On           ;
; AE17     ; 215        ; 4        ; RESERVED_INPUT_WITH_WEAK_PULLUP                           ;        ;              ;         ; Column I/O ;                 ; no       ; On           ;
; AE18     ; 225        ; 4        ; RESERVED_INPUT_WITH_WEAK_PULLUP                           ;        ;              ;         ; Column I/O ;                 ; no       ; On           ;
; AE19     ; 231        ; 4        ; RESERVED_INPUT_WITH_WEAK_PULLUP                           ;        ;              ;         ; Column I/O ;                 ; no       ; On           ;
; AE20     ; 235        ; 4        ; RESERVED_INPUT_WITH_WEAK_PULLUP                           ;        ;              ;         ; Column I/O ;                 ; no       ; On           ;
; AE21     ; 238        ; 4        ; RESERVED_INPUT_WITH_WEAK_PULLUP                           ;        ;              ;         ; Column I/O ;                 ; no       ; On           ;
; AE22     ; 251        ; 4        ; RESERVED_INPUT_WITH_WEAK_PULLUP                           ;        ;              ;         ; Column I/O ;                 ; no       ; On           ;
; AE23     ; 261        ; 4        ; RESERVED_INPUT_WITH_WEAK_PULLUP                           ;        ;              ;         ; Column I/O ;                 ; no       ; On           ;
; AE24     ; 256        ; 4        ; RESERVED_INPUT_WITH_WEAK_PULLUP                           ;        ;              ;         ; Column I/O ;                 ; no       ; On           ;
; AE25     ; 243        ; 4        ; RESERVED_INPUT_WITH_WEAK_PULLUP                           ;        ;              ;         ; Column I/O ;                 ; no       ; On           ;
; AE26     ; 278        ; 5        ; RESERVED_INPUT_WITH_WEAK_PULLUP                           ;        ;              ;         ; Row I/O    ;                 ; no       ; On           ;
; AE27     ; 284        ; 5        ; RESERVED_INPUT_WITH_WEAK_PULLUP                           ;        ;              ;         ; Row I/O    ;                 ; no       ; On           ;
; AE28     ; 283        ; 5        ; RESERVED_INPUT_WITH_WEAK_PULLUP                           ;        ;              ;         ; Row I/O    ;                 ; no       ; On           ;
; AF1      ;            ;          ; GND                                                       ; gnd    ;              ;         ; --         ;                 ; --       ; --           ;
; AF2      ; 123        ; 2        ; RESERVED_INPUT_WITH_WEAK_PULLUP                           ;        ;              ;         ; Row I/O    ;                 ; no       ; On           ;
; AF3      ; 138        ; 3        ; RESERVED_INPUT_WITH_WEAK_PULLUP                           ;        ;              ;         ; Column I/O ;                 ; no       ; On           ;
; AF4      ; 131        ; 3        ; RESERVED_INPUT_WITH_WEAK_PULLUP                           ;        ;              ;         ; Column I/O ;                 ; no       ; On           ;
; AF5      ; 136        ; 3        ; RESERVED_INPUT_WITH_WEAK_PULLUP                           ;        ;              ;         ; Column I/O ;                 ; no       ; On           ;
; AF6      ; 139        ; 3        ; RESERVED_INPUT_WITH_WEAK_PULLUP                           ;        ;              ;         ; Column I/O ;                 ; no       ; On           ;
; AF7      ; 159        ; 3        ; RESERVED_INPUT_WITH_WEAK_PULLUP                           ;        ;              ;         ; Column I/O ;                 ; no       ; On           ;
; AF8      ; 162        ; 3        ; RESERVED_INPUT_WITH_WEAK_PULLUP                           ;        ;              ;         ; Column I/O ;                 ; no       ; On           ;
; AF9      ; 160        ; 3        ; RESERVED_INPUT_WITH_WEAK_PULLUP                           ;        ;              ;         ; Column I/O ;                 ; no       ; On           ;
; AF10     ; 166        ; 3        ; RESERVED_INPUT_WITH_WEAK_PULLUP                           ;        ;              ;         ; Column I/O ;                 ; no       ; On           ;
; AF11     ; 172        ; 3        ; RESERVED_INPUT_WITH_WEAK_PULLUP                           ;        ;              ;         ; Column I/O ;                 ; no       ; On           ;
; AF12     ; 170        ; 3        ; RESERVED_INPUT_WITH_WEAK_PULLUP                           ;        ;              ;         ; Column I/O ;                 ; no       ; On           ;
; AF13     ; 178        ; 3        ; RESERVED_INPUT_WITH_WEAK_PULLUP                           ;        ;              ;         ; Column I/O ;                 ; no       ; On           ;
; AF14     ; 184        ; 3        ; RESERVED_INPUT_WITH_WEAK_PULLUP                           ;        ;              ;         ; Column I/O ;                 ; no       ; On           ;
; AF15     ; 206        ; 4        ; monitor_o[25]                                             ; output ; 2.5 V        ;         ; Column I/O ; N               ; no       ; Off          ;
; AF16     ; 210        ; 4        ; RESERVED_INPUT_WITH_WEAK_PULLUP                           ;        ;              ;         ; Column I/O ;                 ; no       ; On           ;
; AF17     ; 216        ; 4        ; RESERVED_INPUT_WITH_WEAK_PULLUP                           ;        ;              ;         ; Column I/O ;                 ; no       ; On           ;
; AF18     ; 226        ; 4        ; RESERVED_INPUT_WITH_WEAK_PULLUP                           ;        ;              ;         ; Column I/O ;                 ; no       ; On           ;
; AF19     ; 232        ; 4        ; RESERVED_INPUT_WITH_WEAK_PULLUP                           ;        ;              ;         ; Column I/O ;                 ; no       ; On           ;
; AF20     ; 236        ; 4        ; RESERVED_INPUT_WITH_WEAK_PULLUP                           ;        ;              ;         ; Column I/O ;                 ; no       ; On           ;
; AF21     ; 239        ; 4        ; RESERVED_INPUT_WITH_WEAK_PULLUP                           ;        ;              ;         ; Column I/O ;                 ; no       ; On           ;
; AF22     ; 252        ; 4        ; RESERVED_INPUT_WITH_WEAK_PULLUP                           ;        ;              ;         ; Column I/O ;                 ; no       ; On           ;
; AF23     ; 262        ; 4        ; RESERVED_INPUT_WITH_WEAK_PULLUP                           ;        ;              ;         ; Column I/O ;                 ; no       ; On           ;
; AF24     ; 233        ; 4        ; RESERVED_INPUT_WITH_WEAK_PULLUP                           ;        ;              ;         ; Column I/O ;                 ; no       ; On           ;
; AF25     ; 234        ; 4        ; RESERVED_INPUT_WITH_WEAK_PULLUP                           ;        ;              ;         ; Column I/O ;                 ; no       ; On           ;
; AF26     ; 244        ; 4        ; RESERVED_INPUT_WITH_WEAK_PULLUP                           ;        ;              ;         ; Column I/O ;                 ; no       ; On           ;
; AF27     ; 277        ; 5        ; RESERVED_INPUT_WITH_WEAK_PULLUP                           ;        ;              ;         ; Row I/O    ;                 ; no       ; On           ;
; AF28     ;            ;          ; GND                                                       ; gnd    ;              ;         ; --         ;                 ; --       ; --           ;
; AG1      ;            ; 2        ; VCCIO2                                                    ; power  ;              ; 2.5V    ; --         ;                 ; --       ; --           ;
; AG2      ;            ;          ; GND                                                       ; gnd    ;              ;         ; --         ;                 ; --       ; --           ;
; AG3      ; 133        ; 3        ; RESERVED_INPUT_WITH_WEAK_PULLUP                           ;        ;              ;         ; Column I/O ;                 ; no       ; On           ;
; AG4      ; 141        ; 3        ; RESERVED_INPUT_WITH_WEAK_PULLUP                           ;        ;              ;         ; Column I/O ;                 ; no       ; On           ;
; AG5      ;            ;          ; GND                                                       ; gnd    ;              ;         ; --         ;                 ; --       ; --           ;
; AG6      ; 145        ; 3        ; RESERVED_INPUT_WITH_WEAK_PULLUP                           ;        ;              ;         ; Column I/O ;                 ; no       ; On           ;
; AG7      ; 150        ; 3        ; RESERVED_INPUT_WITH_WEAK_PULLUP                           ;        ;              ;         ; Column I/O ;                 ; no       ; On           ;
; AG8      ; 156        ; 3        ; RESERVED_INPUT_WITH_WEAK_PULLUP                           ;        ;              ;         ; Column I/O ;                 ; no       ; On           ;
; AG9      ;            ;          ; GND                                                       ; gnd    ;              ;         ; --         ;                 ; --       ; --           ;
; AG10     ; 167        ; 3        ; RESERVED_INPUT_WITH_WEAK_PULLUP                           ;        ;              ;         ; Column I/O ;                 ; no       ; On           ;
; AG11     ; 175        ; 3        ; RESERVED_INPUT_WITH_WEAK_PULLUP                           ;        ;              ;         ; Column I/O ;                 ; no       ; On           ;
; AG12     ; 193        ; 3        ; RESERVED_INPUT_WITH_WEAK_PULLUP                           ;        ;              ;         ; Column I/O ;                 ; no       ; On           ;
; AG13     ;            ;          ; GND                                                       ; gnd    ;              ;         ; --         ;                 ; --       ; --           ;
; AG14     ; 199        ; 3        ; GND+                                                      ;        ;              ;         ; Column I/O ;                 ; --       ; --           ;
; AG15     ; 201        ; 4        ; GND+                                                      ;        ;              ;         ; Column I/O ;                 ; --       ; --           ;
; AG16     ;            ;          ; GND                                                       ; gnd    ;              ;         ; --         ;                 ; --       ; --           ;
; AG17     ; 207        ; 4        ; monitor_o[9]                                              ; output ; 2.5 V        ;         ; Column I/O ; N               ; no       ; Off          ;
; AG18     ; 217        ; 4        ; RESERVED_INPUT_WITH_WEAK_PULLUP                           ;        ;              ;         ; Column I/O ;                 ; no       ; On           ;
; AG19     ; 219        ; 4        ; RESERVED_INPUT_WITH_WEAK_PULLUP                           ;        ;              ;         ; Column I/O ;                 ; no       ; On           ;
; AG20     ;            ;          ; GND                                                       ; gnd    ;              ;         ; --         ;                 ; --       ; --           ;
; AG21     ; 223        ; 4        ; RESERVED_INPUT_WITH_WEAK_PULLUP                           ;        ;              ;         ; Column I/O ;                 ; no       ; On           ;
; AG22     ; 227        ; 4        ; RESERVED_INPUT_WITH_WEAK_PULLUP                           ;        ;              ;         ; Column I/O ;                 ; no       ; On           ;
; AG23     ; 229        ; 4        ; RESERVED_INPUT_WITH_WEAK_PULLUP                           ;        ;              ;         ; Column I/O ;                 ; no       ; On           ;
; AG24     ;            ;          ; GND                                                       ; gnd    ;              ;         ; --         ;                 ; --       ; --           ;
; AG25     ; 245        ; 4        ; RESERVED_INPUT_WITH_WEAK_PULLUP                           ;        ;              ;         ; Column I/O ;                 ; no       ; On           ;
; AG26     ; 270        ; 4        ; RESERVED_INPUT_WITH_WEAK_PULLUP                           ;        ;              ;         ; Column I/O ;                 ; no       ; On           ;
; AG27     ;            ;          ; GND                                                       ; gnd    ;              ;         ; --         ;                 ; --       ; --           ;
; AG28     ;            ; 5        ; VCCIO5                                                    ; power  ;              ; 2.5V    ; --         ;                 ; --       ; --           ;
; AH2      ;            ; 3        ; VCCIO3                                                    ; power  ;              ; 2.5V    ; --         ;                 ; --       ; --           ;
; AH3      ; 137        ; 3        ; RESERVED_INPUT_WITH_WEAK_PULLUP                           ;        ;              ;         ; Column I/O ;                 ; no       ; On           ;
; AH4      ; 142        ; 3        ; RESERVED_INPUT_WITH_WEAK_PULLUP                           ;        ;              ;         ; Column I/O ;                 ; no       ; On           ;
; AH5      ;            ; 3        ; VCCIO3                                                    ; power  ;              ; 2.5V    ; --         ;                 ; --       ; --           ;
; AH6      ; 146        ; 3        ; RESERVED_INPUT_WITH_WEAK_PULLUP                           ;        ;              ;         ; Column I/O ;                 ; no       ; On           ;
; AH7      ; 151        ; 3        ; RESERVED_INPUT_WITH_WEAK_PULLUP                           ;        ;              ;         ; Column I/O ;                 ; no       ; On           ;
; AH8      ; 157        ; 3        ; RESERVED_INPUT_WITH_WEAK_PULLUP                           ;        ;              ;         ; Column I/O ;                 ; no       ; On           ;
; AH9      ;            ; 3        ; VCCIO3                                                    ; power  ;              ; 2.5V    ; --         ;                 ; --       ; --           ;
; AH10     ; 168        ; 3        ; RESERVED_INPUT_WITH_WEAK_PULLUP                           ;        ;              ;         ; Column I/O ;                 ; no       ; On           ;
; AH11     ; 176        ; 3        ; RESERVED_INPUT_WITH_WEAK_PULLUP                           ;        ;              ;         ; Column I/O ;                 ; no       ; On           ;
; AH12     ; 194        ; 3        ; monitor_o[5]                                              ; output ; 2.5 V        ;         ; Column I/O ; N               ; no       ; Off          ;
; AH13     ;            ; 3        ; VCCIO3                                                    ; power  ;              ; 2.5V    ; --         ;                 ; --       ; --           ;
; AH14     ; 200        ; 3        ; GND+                                                      ;        ;              ;         ; Column I/O ;                 ; --       ; --           ;
; AH15     ; 202        ; 4        ; GND+                                                      ;        ;              ;         ; Column I/O ;                 ; --       ; --           ;
; AH16     ;            ; 4        ; VCCIO4                                                    ; power  ;              ; 2.5V    ; --         ;                 ; --       ; --           ;
; AH17     ; 208        ; 4        ; RESERVED_INPUT_WITH_WEAK_PULLUP                           ;        ;              ;         ; Column I/O ;                 ; no       ; On           ;
; AH18     ; 218        ; 4        ; RESERVED_INPUT_WITH_WEAK_PULLUP                           ;        ;              ;         ; Column I/O ;                 ; no       ; On           ;
; AH19     ; 220        ; 4        ; RESERVED_INPUT_WITH_WEAK_PULLUP                           ;        ;              ;         ; Column I/O ;                 ; no       ; On           ;
; AH20     ;            ; 4        ; VCCIO4                                                    ; power  ;              ; 2.5V    ; --         ;                 ; --       ; --           ;
; AH21     ; 224        ; 4        ; RESERVED_INPUT_WITH_WEAK_PULLUP                           ;        ;              ;         ; Column I/O ;                 ; no       ; On           ;
; AH22     ; 228        ; 4        ; RESERVED_INPUT_WITH_WEAK_PULLUP                           ;        ;              ;         ; Column I/O ;                 ; no       ; On           ;
; AH23     ; 230        ; 4        ; RESERVED_INPUT_WITH_WEAK_PULLUP                           ;        ;              ;         ; Column I/O ;                 ; no       ; On           ;
; AH24     ;            ; 4        ; VCCIO4                                                    ; power  ;              ; 2.5V    ; --         ;                 ; --       ; --           ;
; AH25     ; 246        ; 4        ; RESERVED_INPUT_WITH_WEAK_PULLUP                           ;        ;              ;         ; Column I/O ;                 ; no       ; On           ;
; AH26     ; 271        ; 4        ; RESERVED_INPUT_WITH_WEAK_PULLUP                           ;        ;              ;         ; Column I/O ;                 ; no       ; On           ;
; AH27     ;            ; 4        ; VCCIO4                                                    ; power  ;              ; 2.5V    ; --         ;                 ; --       ; --           ;
; B1       ;            ; 1        ; VCCIO1                                                    ; power  ;              ; 2.5V    ; --         ;                 ; --       ; --           ;
; B2       ;            ;          ; GND                                                       ; gnd    ;              ;         ; --         ;                 ; --       ; --           ;
; B3       ; 534        ; 8        ; RESERVED_INPUT_WITH_WEAK_PULLUP                           ;        ;              ;         ; Column I/O ;                 ; no       ; On           ;
; B4       ; 533        ; 8        ; RESERVED_INPUT_WITH_WEAK_PULLUP                           ;        ;              ;         ; Column I/O ;                 ; no       ; On           ;
; B5       ;            ;          ; GND                                                       ; gnd    ;              ;         ; --         ;                 ; --       ; --           ;
; B6       ; 505        ; 8        ; monitor_o[43]                                             ; output ; 2.5 V        ;         ; Column I/O ; N               ; no       ; Off          ;
; B7       ; 502        ; 8        ; monitor_o[1]                                              ; output ; 2.5 V        ;         ; Column I/O ; N               ; no       ; Off          ;
; B8       ; 518        ; 8        ; RESERVED_INPUT_WITH_WEAK_PULLUP                           ;        ;              ;         ; Column I/O ;                 ; no       ; On           ;
; B9       ;            ;          ; GND                                                       ; gnd    ;              ;         ; --         ;                 ; --       ; --           ;
; B10      ; 492        ; 8        ; monitor_o[44]                                             ; output ; 2.5 V        ;         ; Column I/O ; N               ; no       ; Off          ;
; B11      ; 488        ; 8        ; monitor_o[54]                                             ; output ; 2.5 V        ;         ; Column I/O ; N               ; no       ; Off          ;
; B12      ;            ;          ; GND                                                       ; gnd    ;              ;         ; --         ;                 ; --       ; --           ;
; B13      ;            ;          ; GND                                                       ; gnd    ;              ;         ; --         ;                 ; --       ; --           ;
; B14      ; 473        ; 8        ; GND+                                                      ;        ;              ;         ; Column I/O ;                 ; --       ; --           ;
; B15      ; 471        ; 7        ; GND+                                                      ;        ;              ;         ; Column I/O ;                 ; --       ; --           ;
; B16      ;            ;          ; GND                                                       ; gnd    ;              ;         ; --         ;                 ; --       ; --           ;
; B17      ; 463        ; 7        ; monitor_o[16]                                             ; output ; 2.5 V        ;         ; Column I/O ; N               ; no       ; Off          ;
; B18      ; 443        ; 7        ; RESERVED_INPUT_WITH_WEAK_PULLUP                           ;        ;              ;         ; Column I/O ;                 ; no       ; On           ;
; B19      ; 441        ; 7        ; RESERVED_INPUT_WITH_WEAK_PULLUP                           ;        ;              ;         ; Column I/O ;                 ; no       ; On           ;
; B20      ;            ;          ; GND                                                       ; gnd    ;              ;         ; --         ;                 ; --       ; --           ;
; B21      ; 426        ; 7        ; RESERVED_INPUT_WITH_WEAK_PULLUP                           ;        ;              ;         ; Column I/O ;                 ; no       ; On           ;
; B22      ; 424        ; 7        ; RESERVED_INPUT_WITH_WEAK_PULLUP                           ;        ;              ;         ; Column I/O ;                 ; no       ; On           ;
; B23      ; 413        ; 7        ; RESERVED_INPUT_WITH_WEAK_PULLUP                           ;        ;              ;         ; Column I/O ;                 ; no       ; On           ;
; B24      ;            ;          ; GND                                                       ; gnd    ;              ;         ; --         ;                 ; --       ; --           ;
; B25      ; 406        ; 7        ; RESERVED_INPUT_WITH_WEAK_PULLUP                           ;        ;              ;         ; Column I/O ;                 ; no       ; On           ;
; B26      ; 401        ; 7        ; RESERVED_INPUT_WITH_WEAK_PULLUP                           ;        ;              ;         ; Column I/O ;                 ; no       ; On           ;
; B27      ;            ;          ; GND                                                       ; gnd    ;              ;         ; --         ;                 ; --       ; --           ;
; B28      ;            ; 6        ; VCCIO6                                                    ; power  ;              ; 2.5V    ; --         ;                 ; --       ; --           ;
; C1       ;            ;          ; GND                                                       ; gnd    ;              ;         ; --         ;                 ; --       ; --           ;
; C2       ; 1          ; 1        ; RESERVED_INPUT_WITH_WEAK_PULLUP                           ;        ;              ;         ; Row I/O    ;                 ; no       ; On           ;
; C3       ; 543        ; 8        ; RESERVED_INPUT_WITH_WEAK_PULLUP                           ;        ;              ;         ; Column I/O ;                 ; no       ; On           ;
; C4       ; 539        ; 8        ; RESERVED_INPUT_WITH_WEAK_PULLUP                           ;        ;              ;         ; Column I/O ;                 ; no       ; On           ;
; C5       ; 538        ; 8        ; RESERVED_INPUT_WITH_WEAK_PULLUP                           ;        ;              ;         ; Column I/O ;                 ; no       ; On           ;
; C6       ; 536        ; 8        ; RESERVED_INPUT_WITH_WEAK_PULLUP                           ;        ;              ;         ; Column I/O ;                 ; no       ; On           ;
; C7       ; 521        ; 8        ; RESERVED_INPUT_WITH_WEAK_PULLUP                           ;        ;              ;         ; Column I/O ;                 ; no       ; On           ;
; C8       ; 519        ; 8        ; RESERVED_INPUT_WITH_WEAK_PULLUP                           ;        ;              ;         ; Column I/O ;                 ; no       ; On           ;
; C9       ; 510        ; 8        ; RESERVED_INPUT_WITH_WEAK_PULLUP                           ;        ;              ;         ; Column I/O ;                 ; no       ; On           ;
; C10      ; 495        ; 8        ; monitor_o[10]                                             ; output ; 2.5 V        ;         ; Column I/O ; N               ; no       ; Off          ;
; C11      ; 508        ; 8        ; RESERVED_INPUT_WITH_WEAK_PULLUP                           ;        ;              ;         ; Column I/O ;                 ; no       ; On           ;
; C12      ; 478        ; 8        ; monitor_o[30]                                             ; output ; 2.5 V        ;         ; Column I/O ; N               ; no       ; Off          ;
; C13      ; 474        ; 8        ; monitor_o[21]                                             ; output ; 2.5 V        ;         ; Column I/O ; N               ; no       ; Off          ;
; C14      ; 476        ; 8        ; monitor_o[11]                                             ; output ; 2.5 V        ;         ; Column I/O ; N               ; no       ; Off          ;
; C15      ; 468        ; 7        ; monitor_o[18]                                             ; output ; 2.5 V        ;         ; Column I/O ; N               ; no       ; Off          ;
; C16      ; 460        ; 7        ; monitor_o[40]                                             ; output ; 2.5 V        ;         ; Column I/O ; N               ; no       ; Off          ;
; C17      ; 438        ; 7        ; RESERVED_INPUT_WITH_WEAK_PULLUP                           ;        ;              ;         ; Column I/O ;                 ; no       ; On           ;
; C18      ; 429        ; 7        ; RESERVED_INPUT_WITH_WEAK_PULLUP                           ;        ;              ;         ; Column I/O ;                 ; no       ; On           ;
; C19      ; 435        ; 7        ; RESERVED_INPUT_WITH_WEAK_PULLUP                           ;        ;              ;         ; Column I/O ;                 ; no       ; On           ;
; C20      ; 431        ; 7        ; RESERVED_INPUT_WITH_WEAK_PULLUP                           ;        ;              ;         ; Column I/O ;                 ; no       ; On           ;
; C21      ; 422        ; 7        ; RESERVED_INPUT_WITH_WEAK_PULLUP                           ;        ;              ;         ; Column I/O ;                 ; no       ; On           ;
; C22      ; 418        ; 7        ; RESERVED_INPUT_WITH_WEAK_PULLUP                           ;        ;              ;         ; Column I/O ;                 ; no       ; On           ;
; C23      ; 415        ; 7        ; RESERVED_INPUT_WITH_WEAK_PULLUP                           ;        ;              ;         ; Column I/O ;                 ; no       ; On           ;
; C24      ; 416        ; 7        ; RESERVED_INPUT_WITH_WEAK_PULLUP                           ;        ;              ;         ; Column I/O ;                 ; no       ; On           ;
; C25      ; 411        ; 7        ; RESERVED_INPUT_WITH_WEAK_PULLUP                           ;        ;              ;         ; Column I/O ;                 ; no       ; On           ;
; C26      ; 400        ; 7        ; RESERVED_INPUT_WITH_WEAK_PULLUP                           ;        ;              ;         ; Column I/O ;                 ; no       ; On           ;
; C27      ; 382        ; 6        ; RESERVED_INPUT_WITH_WEAK_PULLUP                           ;        ;              ;         ; Row I/O    ;                 ; no       ; On           ;
; C28      ;            ;          ; GND                                                       ; gnd    ;              ;         ; --         ;                 ; --       ; --           ;
; D1       ; 3          ; 1        ; RESERVED_INPUT_WITH_WEAK_PULLUP                           ;        ;              ;         ; Row I/O    ;                 ; no       ; On           ;
; D2       ; 2          ; 1        ; RESERVED_INPUT_WITH_WEAK_PULLUP                           ;        ;              ;         ; Row I/O    ;                 ; no       ; On           ;
; D3       ;            ;          ; GND                                                       ; gnd    ;              ;         ; --         ;                 ; --       ; --           ;
; D4       ; 540        ; 8        ; RESERVED_INPUT_WITH_WEAK_PULLUP                           ;        ;              ;         ; Column I/O ;                 ; no       ; On           ;
; D5       ; 537        ; 8        ; RESERVED_INPUT_WITH_WEAK_PULLUP                           ;        ;              ;         ; Column I/O ;                 ; no       ; On           ;
; D6       ; 524        ; 8        ; RESERVED_INPUT_WITH_WEAK_PULLUP                           ;        ;              ;         ; Column I/O ;                 ; no       ; On           ;
; D7       ; 522        ; 8        ; RESERVED_INPUT_WITH_WEAK_PULLUP                           ;        ;              ;         ; Column I/O ;                 ; no       ; On           ;
; D8       ; 520        ; 8        ; RESERVED_INPUT_WITH_WEAK_PULLUP                           ;        ;              ;         ; Column I/O ;                 ; no       ; On           ;
; D9       ; 511        ; 8        ; RESERVED_INPUT_WITH_WEAK_PULLUP                           ;        ;              ;         ; Column I/O ;                 ; no       ; On           ;
; D10      ; 496        ; 8        ; monitor_o[46]                                             ; output ; 2.5 V        ;         ; Column I/O ; N               ; no       ; Off          ;
; D11      ; 509        ; 8        ; RESERVED_INPUT_WITH_WEAK_PULLUP                           ;        ;              ;         ; Column I/O ;                 ; no       ; On           ;
; D12      ; 479        ; 8        ; monitor_o[27]                                             ; output ; 2.5 V        ;         ; Column I/O ; N               ; no       ; Off          ;
; D13      ; 475        ; 8        ; monitor_o[23]                                             ; output ; 2.5 V        ;         ; Column I/O ; N               ; no       ; Off          ;
; D14      ; 477        ; 8        ; monitor_o[26]                                             ; output ; 2.5 V        ;         ; Column I/O ; N               ; no       ; Off          ;
; D15      ; 469        ; 7        ; monitor_o[6]                                              ; output ; 2.5 V        ;         ; Column I/O ; N               ; no       ; Off          ;
; D16      ; 461        ; 7        ; monitor_o[45]                                             ; output ; 2.5 V        ;         ; Column I/O ; N               ; no       ; Off          ;
; D17      ; 439        ; 7        ; RESERVED_INPUT_WITH_WEAK_PULLUP                           ;        ;              ;         ; Column I/O ;                 ; no       ; On           ;
; D18      ; 430        ; 7        ; RESERVED_INPUT_WITH_WEAK_PULLUP                           ;        ;              ;         ; Column I/O ;                 ; no       ; On           ;
; D19      ; 436        ; 7        ; RESERVED_INPUT_WITH_WEAK_PULLUP                           ;        ;              ;         ; Column I/O ;                 ; no       ; On           ;
; D20      ; 432        ; 7        ; RESERVED_INPUT_WITH_WEAK_PULLUP                           ;        ;              ;         ; Column I/O ;                 ; no       ; On           ;
; D21      ; 419        ; 7        ; RESERVED_INPUT_WITH_WEAK_PULLUP                           ;        ;              ;         ; Column I/O ;                 ; no       ; On           ;
; D22      ; 402        ; 7        ; RESERVED_INPUT_WITH_WEAK_PULLUP                           ;        ;              ;         ; Column I/O ;                 ; no       ; On           ;
; D23      ; 414        ; 7        ; RESERVED_INPUT_WITH_WEAK_PULLUP                           ;        ;              ;         ; Column I/O ;                 ; no       ; On           ;
; D24      ; 417        ; 7        ; RESERVED_INPUT_WITH_WEAK_PULLUP                           ;        ;              ;         ; Column I/O ;                 ; no       ; On           ;
; D25      ; 410        ; 7        ; RESERVED_INPUT_WITH_WEAK_PULLUP                           ;        ;              ;         ; Column I/O ;                 ; no       ; On           ;
; D26      ; 383        ; 6        ; RESERVED_INPUT_WITH_WEAK_PULLUP                           ;        ;              ;         ; Row I/O    ;                 ; no       ; On           ;
; D27      ; 381        ; 6        ; RESERVED_INPUT_WITH_WEAK_PULLUP                           ;        ;              ;         ; Row I/O    ;                 ; no       ; On           ;
; D28      ; 380        ; 6        ; RESERVED_INPUT_WITH_WEAK_PULLUP                           ;        ;              ;         ; Row I/O    ;                 ; no       ; On           ;
; E1       ; 17         ; 1        ; RESERVED_INPUT_WITH_WEAK_PULLUP                           ;        ;              ;         ; Row I/O    ;                 ; no       ; On           ;
; E2       ; 16         ; 1        ; ~ALTERA_FLASH_nCE_nCSO~ / RESERVED_INPUT_WITH_WEAK_PULLUP ; input  ; 2.5 V        ;         ; Row I/O    ; N               ; no       ; On           ;
; E3       ; 7          ; 1        ; RESERVED_INPUT_WITH_WEAK_PULLUP                           ;        ;              ;         ; Row I/O    ;                 ; no       ; On           ;
; E4       ; 541        ; 8        ; RESERVED_INPUT_WITH_WEAK_PULLUP                           ;        ;              ;         ; Column I/O ;                 ; no       ; On           ;
; E5       ; 542        ; 8        ; RESERVED_INPUT_WITH_WEAK_PULLUP                           ;        ;              ;         ; Column I/O ;                 ; no       ; On           ;
; E6       ;            ; 8        ; VCCIO8                                                    ; power  ;              ; 2.5V    ; --         ;                 ; --       ; --           ;
; E7       ; 523        ; 8        ; RESERVED_INPUT_WITH_WEAK_PULLUP                           ;        ;              ;         ; Column I/O ;                 ; no       ; On           ;
; E8       ; 526        ; 8        ; RESERVED_INPUT_WITH_WEAK_PULLUP                           ;        ;              ;         ; Column I/O ;                 ; no       ; On           ;
; E9       ;            ; 8        ; VCCIO8                                                    ; power  ;              ; 2.5V    ; --         ;                 ; --       ; --           ;
; E10      ; 516        ; 8        ; RESERVED_INPUT_WITH_WEAK_PULLUP                           ;        ;              ;         ; Column I/O ;                 ; no       ; On           ;
; E11      ; 499        ; 8        ; monitor_o[15]                                             ; output ; 2.5 V        ;         ; Column I/O ; N               ; no       ; Off          ;
; E12      ; 497        ; 8        ; monitor_o[55]                                             ; output ; 2.5 V        ;         ; Column I/O ; N               ; no       ; Off          ;
; E13      ;            ; 8        ; VCCIO8                                                    ; power  ;              ; 2.5V    ; --         ;                 ; --       ; --           ;
; E14      ; 486        ; 8        ; monitor_o[60]                                             ; output ; 2.5 V        ;         ; Column I/O ; N               ; no       ; Off          ;
; E15      ; 467        ; 7        ; monitor_o[20]                                             ; output ; 2.5 V        ;         ; Column I/O ; N               ; no       ; Off          ;
; E16      ;            ; 7        ; VCCIO7                                                    ; power  ;              ; 2.5V    ; --         ;                 ; --       ; --           ;
; E17      ; 456        ; 7        ; monitor_o[29]                                             ; output ; 2.5 V        ;         ; Column I/O ; N               ; no       ; Off          ;
; E18      ; 427        ; 7        ; RESERVED_INPUT_WITH_WEAK_PULLUP                           ;        ;              ;         ; Column I/O ;                 ; no       ; On           ;
; E19      ; 421        ; 7        ; RESERVED_INPUT_WITH_WEAK_PULLUP                           ;        ;              ;         ; Column I/O ;                 ; no       ; On           ;
; E20      ;            ; 7        ; VCCIO7                                                    ; power  ;              ; 2.5V    ; --         ;                 ; --       ; --           ;
; E21      ; 407        ; 7        ; RESERVED_INPUT_WITH_WEAK_PULLUP                           ;        ;              ;         ; Column I/O ;                 ; no       ; On           ;
; E22      ; 403        ; 7        ; RESERVED_INPUT_WITH_WEAK_PULLUP                           ;        ;              ;         ; Column I/O ;                 ; no       ; On           ;
; E23      ;            ; 7        ; VCCIO7                                                    ; power  ;              ; 2.5V    ; --         ;                 ; --       ; --           ;
; E24      ; 433        ; 7        ; RESERVED_INPUT_WITH_WEAK_PULLUP                           ;        ;              ;         ; Column I/O ;                 ; no       ; On           ;
; E25      ; 434        ; 7        ; RESERVED_INPUT_WITH_WEAK_PULLUP                           ;        ;              ;         ; Column I/O ;                 ; no       ; On           ;
; E26      ; 378        ; 6        ; RESERVED_INPUT_WITH_WEAK_PULLUP                           ;        ;              ;         ; Row I/O    ;                 ; no       ; On           ;
; E27      ; 375        ; 6        ; RESERVED_INPUT_WITH_WEAK_PULLUP                           ;        ;              ;         ; Row I/O    ;                 ; no       ; On           ;
; E28      ; 374        ; 6        ; RESERVED_INPUT_WITH_WEAK_PULLUP                           ;        ;              ;         ; Row I/O    ;                 ; no       ; On           ;
; F1       ; 19         ; 1        ; RESERVED_INPUT_WITH_WEAK_PULLUP                           ;        ;              ;         ; Row I/O    ;                 ; no       ; On           ;
; F2       ; 18         ; 1        ; RESERVED_INPUT_WITH_WEAK_PULLUP                           ;        ;              ;         ; Row I/O    ;                 ; no       ; On           ;
; F3       ; 8          ; 1        ; RESERVED_INPUT_WITH_WEAK_PULLUP                           ;        ;              ;         ; Row I/O    ;                 ; no       ; On           ;
; F4       ; 10         ; 1        ; ~ALTERA_ASDO_DATA1~ / RESERVED_INPUT_WITH_WEAK_PULLUP     ; input  ; 2.5 V        ;         ; Row I/O    ; N               ; no       ; On           ;
; F5       ; 9          ; 1        ; RESERVED_INPUT_WITH_WEAK_PULLUP                           ;        ;              ;         ; Row I/O    ;                 ; no       ; On           ;
; F6       ;            ;          ; GND                                                       ; gnd    ;              ;         ; --         ;                 ; --       ; --           ;
; F7       ; 531        ; 8        ; RESERVED_INPUT_WITH_WEAK_PULLUP                           ;        ;              ;         ; Column I/O ;                 ; no       ; On           ;
; F8       ; 527        ; 8        ; RESERVED_INPUT_WITH_WEAK_PULLUP                           ;        ;              ;         ; Column I/O ;                 ; no       ; On           ;
; F9       ;            ;          ; GND                                                       ; gnd    ;              ;         ; --         ;                 ; --       ; --           ;
; F10      ; 512        ; 8        ; RESERVED_INPUT_WITH_WEAK_PULLUP                           ;        ;              ;         ; Column I/O ;                 ; no       ; On           ;
; F11      ; 500        ; 8        ; monitor_o[4]                                              ; output ; 2.5 V        ;         ; Column I/O ; N               ; no       ; Off          ;
; F12      ; 498        ; 8        ; monitor_o[22]                                             ; output ; 2.5 V        ;         ; Column I/O ; N               ; no       ; Off          ;
; F13      ;            ;          ; GND                                                       ; gnd    ;              ;         ; --         ;                 ; --       ; --           ;
; F14      ; 485        ; 8        ; monitor_o[48]                                             ; output ; 2.5 V        ;         ; Column I/O ; N               ; no       ; Off          ;
; F15      ; 466        ; 7        ; monitor_o[19]                                             ; output ; 2.5 V        ;         ; Column I/O ; N               ; no       ; Off          ;
; F16      ;            ;          ; GND                                                       ; gnd    ;              ;         ; --         ;                 ; --       ; --           ;
; F17      ; 455        ; 7        ; monitor_o[35]                                             ; output ; 2.5 V        ;         ; Column I/O ; N               ; no       ; Off          ;
; F18      ; 428        ; 7        ; RESERVED_INPUT_WITH_WEAK_PULLUP                           ;        ;              ;         ; Column I/O ;                 ; no       ; On           ;
; F19      ; 420        ; 7        ; RESERVED_INPUT_WITH_WEAK_PULLUP                           ;        ;              ;         ; Column I/O ;                 ; no       ; On           ;
; F20      ;            ;          ; GND                                                       ; gnd    ;              ;         ; --         ;                 ; --       ; --           ;
; F21      ; 408        ; 7        ; RESERVED_INPUT_WITH_WEAK_PULLUP                           ;        ;              ;         ; Column I/O ;                 ; no       ; On           ;
; F22      ; 409        ; 7        ; RESERVED_INPUT_WITH_WEAK_PULLUP                           ;        ;              ;         ; Column I/O ;                 ; --       ; --           ;
; F23      ;            ;          ; GND                                                       ; gnd    ;              ;         ; --         ;                 ; --       ; --           ;
; F24      ; 396        ; 6        ; RESERVED_INPUT_WITH_WEAK_PULLUP                           ;        ;              ;         ; Row I/O    ;                 ; no       ; On           ;
; F25      ; 395        ; 6        ; RESERVED_INPUT_WITH_WEAK_PULLUP                           ;        ;              ;         ; Row I/O    ;                 ; no       ; On           ;
; F26      ; 379        ; 6        ; RESERVED_INPUT_WITH_WEAK_PULLUP                           ;        ;              ;         ; Row I/O    ;                 ; no       ; On           ;
; F27      ; 373        ; 6        ; RESERVED_INPUT_WITH_WEAK_PULLUP                           ;        ;              ;         ; Row I/O    ;                 ; no       ; On           ;
; F28      ; 372        ; 6        ; RESERVED_INPUT_WITH_WEAK_PULLUP                           ;        ;              ;         ; Row I/O    ;                 ; no       ; On           ;
; G1       ; 26         ; 1        ; RESERVED_INPUT_WITH_WEAK_PULLUP                           ;        ;              ;         ; Row I/O    ;                 ; no       ; On           ;
; G2       ; 25         ; 1        ; RESERVED_INPUT_WITH_WEAK_PULLUP                           ;        ;              ;         ; Row I/O    ;                 ; no       ; On           ;
; G3       ; 13         ; 1        ; RESERVED_INPUT_WITH_WEAK_PULLUP                           ;        ;              ;         ; Row I/O    ;                 ; no       ; On           ;
; G4       ; 12         ; 1        ; RESERVED_INPUT_WITH_WEAK_PULLUP                           ;        ;              ;         ; Row I/O    ;                 ; no       ; On           ;
; G5       ; 6          ; 1        ; RESERVED_INPUT_WITH_WEAK_PULLUP                           ;        ;              ;         ; Row I/O    ;                 ; no       ; On           ;
; G6       ; 5          ; 1        ; RESERVED_INPUT_WITH_WEAK_PULLUP                           ;        ;              ;         ; Row I/O    ;                 ; no       ; On           ;
; G7       ; 530        ; 8        ; RESERVED_INPUT_WITH_WEAK_PULLUP                           ;        ;              ;         ; Column I/O ;                 ; no       ; On           ;
; G8       ; 528        ; 8        ; RESERVED_INPUT_WITH_WEAK_PULLUP                           ;        ;              ;         ; Column I/O ;                 ; no       ; On           ;
; G9       ; 525        ; 8        ; RESERVED_INPUT_WITH_WEAK_PULLUP                           ;        ;              ;         ; Column I/O ;                 ; --       ; --           ;
; G10      ; 513        ; 8        ; RESERVED_INPUT_WITH_WEAK_PULLUP                           ;        ;              ;         ; Column I/O ;                 ; no       ; On           ;
; G11      ; 506        ; 8        ; RESERVED_INPUT_WITH_WEAK_PULLUP                           ;        ;              ;         ; Column I/O ;                 ; no       ; On           ;
; G12      ; 503        ; 8        ; monitor_o[3]                                              ; output ; 2.5 V        ;         ; Column I/O ; N               ; no       ; Off          ;
; G13      ; 493        ; 8        ; monitor_o[50]                                             ; output ; 2.5 V        ;         ; Column I/O ; N               ; no       ; Off          ;
; G14      ; 484        ; 8        ; monitor_o[47]                                             ; output ; 2.5 V        ;         ; Column I/O ; N               ; no       ; Off          ;
; G15      ; 457        ; 7        ; monitor_o[58]                                             ; output ; 2.5 V        ;         ; Column I/O ; N               ; no       ; Off          ;
; G16      ; 453        ; 7        ; monitor_o[59]                                             ; output ; 2.5 V        ;         ; Column I/O ; N               ; no       ; Off          ;
; G17      ; 437        ; 7        ; RESERVED_INPUT_WITH_WEAK_PULLUP                           ;        ;              ;         ; Column I/O ;                 ; --       ; --           ;
; G18      ; 452        ; 7        ; monitor_o[33]                                             ; output ; 2.5 V        ;         ; Column I/O ; N               ; no       ; Off          ;
; G19      ; 451        ; 7        ; monitor_o[34]                                             ; output ; 2.5 V        ;         ; Column I/O ; N               ; no       ; Off          ;
; G20      ; 444        ; 7        ; RESERVED_INPUT_WITH_WEAK_PULLUP                           ;        ;              ;         ; Column I/O ;                 ; no       ; On           ;
; G21      ; 445        ; 7        ; RESERVED_INPUT_WITH_WEAK_PULLUP                           ;        ;              ;         ; Column I/O ;                 ; no       ; On           ;
; G22      ; 449        ; 7        ; monitor_o[38]                                             ; output ; 2.5 V        ;         ; Column I/O ; N               ; no       ; Off          ;
; G23      ; 398        ; 6        ; RESERVED_INPUT_WITH_WEAK_PULLUP                           ;        ;              ;         ; Row I/O    ;                 ; no       ; On           ;
; G24      ; 397        ; 6        ; RESERVED_INPUT_WITH_WEAK_PULLUP                           ;        ;              ;         ; Row I/O    ;                 ; no       ; On           ;
; G25      ; 393        ; 6        ; RESERVED_INPUT_WITH_WEAK_PULLUP                           ;        ;              ;         ; Row I/O    ;                 ; no       ; On           ;
; G26      ; 392        ; 6        ; RESERVED_INPUT_WITH_WEAK_PULLUP                           ;        ;              ;         ; Row I/O    ;                 ; no       ; On           ;
; G27      ; 367        ; 6        ; RESERVED_INPUT_WITH_WEAK_PULLUP                           ;        ;              ;         ; Row I/O    ;                 ; no       ; On           ;
; G28      ; 366        ; 6        ; RESERVED_INPUT_WITH_WEAK_PULLUP                           ;        ;              ;         ; Row I/O    ;                 ; no       ; On           ;
; H1       ;            ; 1        ; VCCIO1                                                    ; power  ;              ; 2.5V    ; --         ;                 ; --       ; --           ;
; H2       ;            ;          ; GND                                                       ; gnd    ;              ;         ; --         ;                 ; --       ; --           ;
; H3       ; 15         ; 1        ; RESERVED_INPUT_WITH_WEAK_PULLUP                           ;        ;              ;         ; Row I/O    ;                 ; no       ; On           ;
; H4       ; 14         ; 1        ; RESERVED_INPUT_WITH_WEAK_PULLUP                           ;        ;              ;         ; Row I/O    ;                 ; no       ; On           ;
; H5       ; 20         ; 1        ; RESERVED_INPUT_WITH_WEAK_PULLUP                           ;        ;              ;         ; Row I/O    ;                 ; no       ; On           ;
; H6       ; 11         ; 1        ; RESERVED_INPUT_WITH_WEAK_PULLUP                           ;        ;              ;         ; Row I/O    ;                 ; no       ; On           ;
; H7       ; 4          ; 1        ; RESERVED_INPUT_WITH_WEAK_PULLUP                           ;        ;              ;         ; Row I/O    ;                 ; --       ; --           ;
; H8       ; 529        ; 8        ; RESERVED_INPUT_WITH_WEAK_PULLUP                           ;        ;              ;         ; Column I/O ;                 ; no       ; On           ;
; H9       ;            ;          ; GNDA3                                                     ; gnd    ;              ;         ; --         ;                 ; --       ; --           ;
; H10      ; 514        ; 8        ; RESERVED_INPUT_WITH_WEAK_PULLUP                           ;        ;              ;         ; Column I/O ;                 ; no       ; On           ;
; H11      ;            ; 8        ; VCCIO8                                                    ; power  ;              ; 2.5V    ; --         ;                 ; --       ; --           ;
; H12      ; 507        ; 8        ; RESERVED_INPUT_WITH_WEAK_PULLUP                           ;        ;              ;         ; Column I/O ;                 ; no       ; On           ;
; H13      ; 494        ; 8        ; monitor_o[53]                                             ; output ; 2.5 V        ;         ; Column I/O ; N               ; no       ; Off          ;
; H14      ; 480        ; 8        ; monitor_o[24]                                             ; output ; 2.5 V        ;         ; Column I/O ; N               ; no       ; Off          ;
; H15      ; 464        ; 7        ; monitor_o[7]                                              ; output ; 2.5 V        ;         ; Column I/O ; N               ; no       ; Off          ;
; H16      ; 459        ; 7        ; monitor_o[39]                                             ; output ; 2.5 V        ;         ; Column I/O ; N               ; no       ; Off          ;
; H17      ; 454        ; 7        ; monitor_o[49]                                             ; output ; 2.5 V        ;         ; Column I/O ; N               ; no       ; Off          ;
; H18      ;            ; 7        ; VCCIO7                                                    ; power  ;              ; 2.5V    ; --         ;                 ; --       ; --           ;
; H19      ; 446        ; 7        ; RESERVED_INPUT_WITH_WEAK_PULLUP                           ;        ;              ;         ; Column I/O ;                 ; no       ; On           ;
; H20      ;            ;          ; GNDA2                                                     ; gnd    ;              ;         ; --         ;                 ; --       ; --           ;
; H21      ; 448        ; 7        ; monitor_o[32]                                             ; output ; 2.5 V        ;         ; Column I/O ; N               ; no       ; Off          ;
; H22      ; 399        ; 6        ; RESERVED_INPUT_WITH_WEAK_PULLUP                           ;        ;              ;         ; Row I/O    ;                 ; no       ; On           ;
; H23      ; 391        ; 6        ; RESERVED_INPUT_WITH_WEAK_PULLUP                           ;        ;              ;         ; Row I/O    ;                 ; no       ; On           ;
; H24      ; 390        ; 6        ; RESERVED_INPUT_WITH_WEAK_PULLUP                           ;        ;              ;         ; Row I/O    ;                 ; no       ; On           ;
; H25      ; 377        ; 6        ; RESERVED_INPUT_WITH_WEAK_PULLUP                           ;        ;              ;         ; Row I/O    ;                 ; no       ; On           ;
; H26      ; 376        ; 6        ; RESERVED_INPUT_WITH_WEAK_PULLUP                           ;        ;              ;         ; Row I/O    ;                 ; no       ; On           ;
; H27      ;            ;          ; GND                                                       ; gnd    ;              ;         ; --         ;                 ; --       ; --           ;
; H28      ;            ; 6        ; VCCIO6                                                    ; power  ;              ; 2.5V    ; --         ;                 ; --       ; --           ;
; J1       ; 64         ; 1        ; GND+                                                      ;        ;              ;         ; Row I/O    ;                 ; --       ; --           ;
; J2       ;            ;          ; GND                                                       ; gnd    ;              ;         ; --         ;                 ; --       ; --           ;
; J3       ; 23         ; 1        ; RESERVED_INPUT_WITH_WEAK_PULLUP                           ;        ;              ;         ; Row I/O    ;                 ; no       ; On           ;
; J4       ; 22         ; 1        ; RESERVED_INPUT_WITH_WEAK_PULLUP                           ;        ;              ;         ; Row I/O    ;                 ; no       ; On           ;
; J5       ; 36         ; 1        ; RESERVED_INPUT_WITH_WEAK_PULLUP                           ;        ;              ;         ; Row I/O    ;                 ; no       ; On           ;
; J6       ; 35         ; 1        ; RESERVED_INPUT_WITH_WEAK_PULLUP                           ;        ;              ;         ; Row I/O    ;                 ; no       ; On           ;
; J7       ; 37         ; 1        ; RESERVED_INPUT_WITH_WEAK_PULLUP                           ;        ;              ;         ; Row I/O    ;                 ; no       ; On           ;
; J8       ;            ; --       ; VCCA3                                                     ; power  ;              ; 2.5V    ; --         ;                 ; --       ; --           ;
; J9       ;            ;          ; VCCD_PLL3                                                 ; power  ;              ; 1.2V    ; --         ;                 ; --       ; --           ;
; J10      ; 515        ; 8        ; RESERVED_INPUT_WITH_WEAK_PULLUP                           ;        ;              ;         ; Column I/O ;                 ; no       ; On           ;
; J11      ;            ;          ; GND                                                       ; gnd    ;              ;         ; --         ;                 ; --       ; --           ;
; J12      ; 490        ; 8        ; monitor_o[52]                                             ; output ; 2.5 V        ;         ; Column I/O ; N               ; no       ; Off          ;
; J13      ; 489        ; 8        ; monitor_o[37]                                             ; output ; 2.5 V        ;         ; Column I/O ; N               ; no       ; Off          ;
; J14      ; 481        ; 8        ; monitor_o[0]                                              ; output ; 2.5 V        ;         ; Column I/O ; N               ; no       ; Off          ;
; J15      ; 465        ; 7        ; monitor_o[8]                                              ; output ; 2.5 V        ;         ; Column I/O ; N               ; no       ; Off          ;
; J16      ; 458        ; 7        ; monitor_o[62]                                             ; output ; 2.5 V        ;         ; Column I/O ; N               ; no       ; Off          ;
; J17      ; 450        ; 7        ; monitor_o[56]                                             ; output ; 2.5 V        ;         ; Column I/O ; N               ; no       ; Off          ;
; J18      ;            ;          ; GND                                                       ; gnd    ;              ;         ; --         ;                 ; --       ; --           ;
; J19      ; 447        ; 7        ; monitor_o[63]                                             ; output ; 2.5 V        ;         ; Column I/O ; N               ; no       ; Off          ;
; J20      ;            ;          ; VCCD_PLL2                                                 ; power  ;              ; 1.2V    ; --         ;                 ; --       ; --           ;
; J21      ;            ; --       ; VCCA2                                                     ; power  ;              ; 2.5V    ; --         ;                 ; --       ; --           ;
; J22      ; 394        ; 6        ; RESERVED_INPUT_WITH_WEAK_PULLUP                           ;        ;              ;         ; Row I/O    ;                 ; --       ; --           ;
; J23      ; 387        ; 6        ; RESERVED_INPUT_WITH_WEAK_PULLUP                           ;        ;              ;         ; Row I/O    ;                 ; no       ; On           ;
; J24      ; 386        ; 6        ; RESERVED_INPUT_WITH_WEAK_PULLUP                           ;        ;              ;         ; Row I/O    ;                 ; no       ; On           ;
; J25      ; 365        ; 6        ; RESERVED_INPUT_WITH_WEAK_PULLUP                           ;        ;              ;         ; Row I/O    ;                 ; no       ; On           ;
; J26      ; 364        ; 6        ; RESERVED_INPUT_WITH_WEAK_PULLUP                           ;        ;              ;         ; Row I/O    ;                 ; no       ; On           ;
; J27      ; 338        ; 6        ; GND+                                                      ;        ;              ;         ; Row I/O    ;                 ; --       ; --           ;
; J28      ; 337        ; 6        ; GND+                                                      ;        ;              ;         ; Row I/O    ;                 ; --       ; --           ;
; K1       ; 28         ; 1        ; RESERVED_INPUT_WITH_WEAK_PULLUP                           ;        ;              ;         ; Row I/O    ;                 ; no       ; On           ;
; K2       ; 27         ; 1        ; RESERVED_INPUT_WITH_WEAK_PULLUP                           ;        ;              ;         ; Row I/O    ;                 ; no       ; On           ;
; K3       ; 30         ; 1        ; RESERVED_INPUT_WITH_WEAK_PULLUP                           ;        ;              ;         ; Row I/O    ;                 ; no       ; On           ;
; K4       ; 29         ; 1        ; RESERVED_INPUT_WITH_WEAK_PULLUP                           ;        ;              ;         ; Row I/O    ;                 ; no       ; On           ;
; K5       ;            ; 1        ; VCCIO1                                                    ; power  ;              ; 2.5V    ; --         ;                 ; --       ; --           ;
; K6       ;            ;          ; GND                                                       ; gnd    ;              ;         ; --         ;                 ; --       ; --           ;
; K7       ; 38         ; 1        ; RESERVED_INPUT_WITH_WEAK_PULLUP                           ;        ;              ;         ; Row I/O    ;                 ; no       ; On           ;
; K8       ; 39         ; 1        ; RESERVED_INPUT_WITH_WEAK_PULLUP                           ;        ;              ;         ; Row I/O    ;                 ; no       ; On           ;
; K9       ;            ;          ; VCCINT                                                    ; power  ;              ; 1.2V    ; --         ;                 ; --       ; --           ;
; K10      ;            ;          ; GND                                                       ; gnd    ;              ;         ; --         ;                 ; --       ; --           ;
; K11      ;            ;          ; VCCINT                                                    ; power  ;              ; 1.2V    ; --         ;                 ; --       ; --           ;
; K12      ;            ;          ; GND                                                       ; gnd    ;              ;         ; --         ;                 ; --       ; --           ;
; K13      ;            ;          ; VCCINT                                                    ; power  ;              ; 1.2V    ; --         ;                 ; --       ; --           ;
; K14      ;            ;          ; GND                                                       ; gnd    ;              ;         ; --         ;                 ; --       ; --           ;
; K15      ;            ;          ; VCCINT                                                    ; power  ;              ; 1.2V    ; --         ;                 ; --       ; --           ;
; K16      ;            ;          ; GND                                                       ; gnd    ;              ;         ; --         ;                 ; --       ; --           ;
; K17      ;            ;          ; VCCINT                                                    ; power  ;              ; 1.2V    ; --         ;                 ; --       ; --           ;
; K18      ;            ;          ; GND                                                       ; gnd    ;              ;         ; --         ;                 ; --       ; --           ;
; K19      ;            ;          ; VCCINT                                                    ; power  ;              ; 1.2V    ; --         ;                 ; --       ; --           ;
; K20      ;            ;          ; GND                                                       ; gnd    ;              ;         ; --         ;                 ; --       ; --           ;
; K21      ; 389        ; 6        ; RESERVED_INPUT_WITH_WEAK_PULLUP                           ;        ;              ;         ; Row I/O    ;                 ; no       ; On           ;
; K22      ; 388        ; 6        ; RESERVED_INPUT_WITH_WEAK_PULLUP                           ;        ;              ;         ; Row I/O    ;                 ; no       ; On           ;
; K23      ;            ;          ; GND                                                       ; gnd    ;              ;         ; --         ;                 ; --       ; --           ;
; K24      ;            ; 6        ; VCCIO6                                                    ; power  ;              ; 2.5V    ; --         ;                 ; --       ; --           ;
; K25      ; 371        ; 6        ; RESERVED_INPUT_WITH_WEAK_PULLUP                           ;        ;              ;         ; Row I/O    ;                 ; no       ; On           ;
; K26      ; 370        ; 6        ; RESERVED_INPUT_WITH_WEAK_PULLUP                           ;        ;              ;         ; Row I/O    ;                 ; no       ; On           ;
; K27      ; 362        ; 6        ; RESERVED_INPUT_WITH_WEAK_PULLUP                           ;        ;              ;         ; Row I/O    ;                 ; no       ; On           ;
; K28      ; 361        ; 6        ; RESERVED_INPUT_WITH_WEAK_PULLUP                           ;        ;              ;         ; Row I/O    ;                 ; no       ; On           ;
; L1       ; 49         ; 1        ; RESERVED_INPUT_WITH_WEAK_PULLUP                           ;        ;              ;         ; Row I/O    ;                 ; no       ; On           ;
; L2       ; 48         ; 1        ; RESERVED_INPUT_WITH_WEAK_PULLUP                           ;        ;              ;         ; Row I/O    ;                 ; no       ; On           ;
; L3       ; 32         ; 1        ; RESERVED_INPUT_WITH_WEAK_PULLUP                           ;        ;              ;         ; Row I/O    ;                 ; no       ; On           ;
; L4       ; 31         ; 1        ; RESERVED_INPUT_WITH_WEAK_PULLUP                           ;        ;              ;         ; Row I/O    ;                 ; no       ; On           ;
; L5       ; 21         ; 1        ; RESERVED_INPUT_WITH_WEAK_PULLUP                           ;        ;              ;         ; Row I/O    ;                 ; --       ; --           ;
; L6       ; 43         ; 1        ; RESERVED_INPUT_WITH_WEAK_PULLUP                           ;        ;              ;         ; Row I/O    ;                 ; no       ; On           ;
; L7       ; 42         ; 1        ; RESERVED_INPUT_WITH_WEAK_PULLUP                           ;        ;              ;         ; Row I/O    ;                 ; no       ; On           ;
; L8       ; 40         ; 1        ; RESERVED_INPUT_WITH_WEAK_PULLUP                           ;        ;              ;         ; Row I/O    ;                 ; no       ; On           ;
; L9       ;            ;          ; GND                                                       ; gnd    ;              ;         ; --         ;                 ; --       ; --           ;
; L10      ;            ;          ; VCCINT                                                    ; power  ;              ; 1.2V    ; --         ;                 ; --       ; --           ;
; L11      ;            ;          ; GND                                                       ; gnd    ;              ;         ; --         ;                 ; --       ; --           ;
; L12      ;            ;          ; VCCINT                                                    ; power  ;              ; 1.2V    ; --         ;                 ; --       ; --           ;
; L13      ;            ;          ; GND                                                       ; gnd    ;              ;         ; --         ;                 ; --       ; --           ;
; L14      ;            ;          ; VCCINT                                                    ; power  ;              ; 1.2V    ; --         ;                 ; --       ; --           ;
; L15      ;            ;          ; GND                                                       ; gnd    ;              ;         ; --         ;                 ; --       ; --           ;
; L16      ;            ;          ; VCCINT                                                    ; power  ;              ; 1.2V    ; --         ;                 ; --       ; --           ;
; L17      ;            ;          ; GND                                                       ; gnd    ;              ;         ; --         ;                 ; --       ; --           ;
; L18      ;            ;          ; VCCINT                                                    ; power  ;              ; 1.2V    ; --         ;                 ; --       ; --           ;
; L19      ;            ;          ; GND                                                       ; gnd    ;              ;         ; --         ;                 ; --       ; --           ;
; L20      ;            ;          ; VCCINT                                                    ; power  ;              ; 1.2V    ; --         ;                 ; --       ; --           ;
; L21      ; 385        ; 6        ; RESERVED_INPUT_WITH_WEAK_PULLUP                           ;        ;              ;         ; Row I/O    ;                 ; no       ; On           ;
; L22      ; 384        ; 6        ; RESERVED_INPUT_WITH_WEAK_PULLUP                           ;        ;              ;         ; Row I/O    ;                 ; no       ; On           ;
; L23      ; 360        ; 6        ; RESERVED_INPUT_WITH_WEAK_PULLUP                           ;        ;              ;         ; Row I/O    ;                 ; no       ; On           ;
; L24      ; 359        ; 6        ; RESERVED_INPUT_WITH_WEAK_PULLUP                           ;        ;              ;         ; Row I/O    ;                 ; no       ; On           ;
; L25      ; 369        ; 6        ; RESERVED_INPUT_WITH_WEAK_PULLUP                           ;        ;              ;         ; Row I/O    ;                 ; no       ; On           ;
; L26      ; 363        ; 6        ; RESERVED_INPUT_WITH_WEAK_PULLUP                           ;        ;              ;         ; Row I/O    ;                 ; no       ; On           ;
; L27      ; 358        ; 6        ; RESERVED_INPUT_WITH_WEAK_PULLUP                           ;        ;              ;         ; Row I/O    ;                 ; no       ; On           ;
; L28      ; 357        ; 6        ; RESERVED_INPUT_WITH_WEAK_PULLUP                           ;        ;              ;         ; Row I/O    ;                 ; no       ; On           ;
; M1       ; 51         ; 1        ; RESERVED_INPUT_WITH_WEAK_PULLUP                           ;        ;              ;         ; Row I/O    ;                 ; no       ; On           ;
; M2       ; 50         ; 1        ; RESERVED_INPUT_WITH_WEAK_PULLUP                           ;        ;              ;         ; Row I/O    ;                 ; no       ; On           ;
; M3       ; 34         ; 1        ; RESERVED_INPUT_WITH_WEAK_PULLUP                           ;        ;              ;         ; Row I/O    ;                 ; no       ; On           ;
; M4       ; 33         ; 1        ; RESERVED_INPUT_WITH_WEAK_PULLUP                           ;        ;              ;         ; Row I/O    ;                 ; no       ; On           ;
; M5       ; 41         ; 1        ; RESERVED_INPUT_WITH_WEAK_PULLUP                           ;        ;              ;         ; Row I/O    ;                 ; --       ; --           ;
; M6       ; 24         ; 1        ; ^nSTATUS                                                  ;        ;              ;         ; --         ;                 ; --       ; --           ;
; M7       ; 47         ; 1        ; RESERVED_INPUT_WITH_WEAK_PULLUP                           ;        ;              ;         ; Row I/O    ;                 ; no       ; On           ;
; M8       ; 46         ; 1        ; RESERVED_INPUT_WITH_WEAK_PULLUP                           ;        ;              ;         ; Row I/O    ;                 ; no       ; On           ;
; M9       ;            ;          ; VCCINT                                                    ; power  ;              ; 1.2V    ; --         ;                 ; --       ; --           ;
; M10      ;            ;          ; GND                                                       ; gnd    ;              ;         ; --         ;                 ; --       ; --           ;
; M11      ;            ;          ; VCCINT                                                    ; power  ;              ; 1.2V    ; --         ;                 ; --       ; --           ;
; M12      ;            ;          ; GND                                                       ; gnd    ;              ;         ; --         ;                 ; --       ; --           ;
; M13      ;            ;          ; VCCINT                                                    ; power  ;              ; 1.2V    ; --         ;                 ; --       ; --           ;
; M14      ;            ;          ; GND                                                       ; gnd    ;              ;         ; --         ;                 ; --       ; --           ;
; M15      ;            ;          ; VCCINT                                                    ; power  ;              ; 1.2V    ; --         ;                 ; --       ; --           ;
; M16      ;            ;          ; GND                                                       ; gnd    ;              ;         ; --         ;                 ; --       ; --           ;
; M17      ;            ;          ; VCCINT                                                    ; power  ;              ; 1.2V    ; --         ;                 ; --       ; --           ;
; M18      ;            ;          ; GND                                                       ; gnd    ;              ;         ; --         ;                 ; --       ; --           ;
; M19      ;            ;          ; VCCINT                                                    ; power  ;              ; 1.2V    ; --         ;                 ; --       ; --           ;
; M20      ;            ;          ; GND                                                       ; gnd    ;              ;         ; --         ;                 ; --       ; --           ;
; M21      ; 368        ; 6        ; RESERVED_INPUT_WITH_WEAK_PULLUP                           ;        ;              ;         ; Row I/O    ;                 ; --       ; --           ;
; M22      ; 342        ; 6        ; ^MSEL2                                                    ;        ;              ;         ; --         ;                 ; --       ; --           ;
; M23      ; 344        ; 6        ; RESERVED_INPUT_WITH_WEAK_PULLUP                           ;        ;              ;         ; Row I/O    ;                 ; no       ; On           ;
; M24      ; 347        ; 6        ; RESERVED_INPUT_WITH_WEAK_PULLUP                           ;        ;              ;         ; Row I/O    ;                 ; no       ; On           ;
; M25      ; 356        ; 6        ; RESERVED_INPUT_WITH_WEAK_PULLUP                           ;        ;              ;         ; Row I/O    ;                 ; no       ; On           ;
; M26      ; 355        ; 6        ; RESERVED_INPUT_WITH_WEAK_PULLUP                           ;        ;              ;         ; Row I/O    ;                 ; no       ; On           ;
; M27      ; 354        ; 6        ; RESERVED_INPUT_WITH_WEAK_PULLUP                           ;        ;              ;         ; Row I/O    ;                 ; no       ; On           ;
; M28      ; 353        ; 6        ; RESERVED_INPUT_WITH_WEAK_PULLUP                           ;        ;              ;         ; Row I/O    ;                 ; no       ; On           ;
; N1       ;            ; 1        ; VCCIO1                                                    ; power  ;              ; 2.5V    ; --         ;                 ; --       ; --           ;
; N2       ;            ;          ; GND                                                       ; gnd    ;              ;         ; --         ;                 ; --       ; --           ;
; N3       ; 45         ; 1        ; RESERVED_INPUT_WITH_WEAK_PULLUP                           ;        ;              ;         ; Row I/O    ;                 ; no       ; On           ;
; N4       ; 44         ; 1        ; RESERVED_INPUT_WITH_WEAK_PULLUP                           ;        ;              ;         ; Row I/O    ;                 ; no       ; On           ;
; N5       ;            ; 1        ; VCCIO1                                                    ; power  ;              ; 2.5V    ; --         ;                 ; --       ; --           ;
; N6       ;            ;          ; GND                                                       ; gnd    ;              ;         ; --         ;                 ; --       ; --           ;
; N7       ; 56         ; 1        ; ~ALTERA_DATA0~ / RESERVED_INPUT_WITH_WEAK_PULLUP          ; input  ; 2.5 V        ;         ; Row I/O    ; N               ; no       ; On           ;
; N8       ; 54         ; 1        ; RESERVED_INPUT_WITH_WEAK_PULLUP                           ;        ;              ;         ; Row I/O    ;                 ; no       ; On           ;
; N9       ;            ;          ; GND                                                       ; gnd    ;              ;         ; --         ;                 ; --       ; --           ;
; N10      ;            ;          ; VCCINT                                                    ; power  ;              ; 1.2V    ; --         ;                 ; --       ; --           ;
; N11      ;            ;          ; GND                                                       ; gnd    ;              ;         ; --         ;                 ; --       ; --           ;
; N12      ;            ;          ; VCCINT                                                    ; power  ;              ; 1.2V    ; --         ;                 ; --       ; --           ;
; N13      ;            ;          ; GND                                                       ; gnd    ;              ;         ; --         ;                 ; --       ; --           ;
; N14      ;            ;          ; VCCINT                                                    ; power  ;              ; 1.2V    ; --         ;                 ; --       ; --           ;
; N15      ;            ;          ; GND                                                       ; gnd    ;              ;         ; --         ;                 ; --       ; --           ;
; N16      ;            ;          ; VCCINT                                                    ; power  ;              ; 1.2V    ; --         ;                 ; --       ; --           ;
; N17      ;            ;          ; GND                                                       ; gnd    ;              ;         ; --         ;                 ; --       ; --           ;
; N18      ;            ;          ; VCCINT                                                    ; power  ;              ; 1.2V    ; --         ;                 ; --       ; --           ;
; N19      ;            ;          ; GND                                                       ; gnd    ;              ;         ; --         ;                 ; --       ; --           ;
; N20      ;            ;          ; VCCINT                                                    ; power  ;              ; 1.2V    ; --         ;                 ; --       ; --           ;
; N21      ; 348        ; 6        ; RESERVED_INPUT_WITH_WEAK_PULLUP                           ;        ;              ;         ; Row I/O    ;                 ; --       ; --           ;
; N22      ; 340        ; 6        ; ^MSEL0                                                    ;        ;              ;         ; --         ;                 ; --       ; --           ;
; N23      ;            ;          ; GND                                                       ; gnd    ;              ;         ; --         ;                 ; --       ; --           ;
; N24      ;            ; 6        ; VCCIO6                                                    ; power  ;              ; 2.5V    ; --         ;                 ; --       ; --           ;
; N25      ; 352        ; 6        ; RESERVED_INPUT_WITH_WEAK_PULLUP                           ;        ;              ;         ; Row I/O    ;                 ; no       ; On           ;
; N26      ; 351        ; 6        ; RESERVED_INPUT_WITH_WEAK_PULLUP                           ;        ;              ;         ; Row I/O    ;                 ; no       ; On           ;
; N27      ;            ;          ; GND                                                       ; gnd    ;              ;         ; --         ;                 ; --       ; --           ;
; N28      ;            ; 6        ; VCCIO6                                                    ; power  ;              ; 2.5V    ; --         ;                 ; --       ; --           ;
; P1       ; 53         ; 1        ; RESERVED_INPUT_WITH_WEAK_PULLUP                           ;        ;              ;         ; Row I/O    ;                 ; no       ; On           ;
; P2       ; 52         ; 1        ; RESERVED_INPUT_WITH_WEAK_PULLUP                           ;        ;              ;         ; Row I/O    ;                 ; no       ; On           ;
; P3       ; 55         ; 1        ; ~ALTERA_DCLK~                                             ; output ; 2.5 V        ;         ; Row I/O    ; N               ; no       ; On           ;
; P4       ; 57         ; 1        ; ^nCONFIG                                                  ;        ;              ;         ; --         ;                 ; --       ; --           ;
; P5       ; 59         ; 1        ; #TCK                                                      ; input  ;              ;         ; --         ;                 ; --       ; --           ;
; P6       ; 61         ; 1        ; #TDO                                                      ; output ;              ;         ; --         ;                 ; --       ; --           ;
; P7       ; 58         ; 1        ; #TDI                                                      ; input  ;              ;         ; --         ;                 ; --       ; --           ;
; P8       ; 60         ; 1        ; #TMS                                                      ; input  ;              ;         ; --         ;                 ; --       ; --           ;
; P9       ;            ;          ; VCCINT                                                    ; power  ;              ; 1.2V    ; --         ;                 ; --       ; --           ;
; P10      ;            ;          ; GND                                                       ; gnd    ;              ;         ; --         ;                 ; --       ; --           ;
; P11      ;            ;          ; VCCINT                                                    ; power  ;              ; 1.2V    ; --         ;                 ; --       ; --           ;
; P12      ;            ;          ; GND                                                       ; gnd    ;              ;         ; --         ;                 ; --       ; --           ;
; P13      ;            ;          ; VCCINT                                                    ; power  ;              ; 1.2V    ; --         ;                 ; --       ; --           ;
; P14      ;            ;          ; GND                                                       ; gnd    ;              ;         ; --         ;                 ; --       ; --           ;
; P15      ;            ;          ; VCCINT                                                    ; power  ;              ; 1.2V    ; --         ;                 ; --       ; --           ;
; P16      ;            ;          ; GND                                                       ; gnd    ;              ;         ; --         ;                 ; --       ; --           ;
; P17      ;            ;          ; VCCINT                                                    ; power  ;              ; 1.2V    ; --         ;                 ; --       ; --           ;
; P18      ;            ;          ; GND                                                       ; gnd    ;              ;         ; --         ;                 ; --       ; --           ;
; P19      ;            ;          ; VCCINT                                                    ; power  ;              ; 1.2V    ; --         ;                 ; --       ; --           ;
; P20      ;            ;          ; GND                                                       ; gnd    ;              ;         ; --         ;                 ; --       ; --           ;
; P21      ; 334        ; 5        ; RESERVED_INPUT_WITH_WEAK_PULLUP                           ;        ;              ;         ; Row I/O    ;                 ; no       ; On           ;
; P22      ; 343        ; 6        ; ^MSEL3                                                    ;        ;              ;         ; --         ;                 ; --       ; --           ;
; P23      ; 341        ; 6        ; ^MSEL1                                                    ;        ;              ;         ; --         ;                 ; --       ; --           ;
; P24      ; 339        ; 6        ; ^CONF_DONE                                                ;        ;              ;         ; --         ;                 ; --       ; --           ;
; P25      ; 346        ; 6        ; RESERVED_INPUT_WITH_WEAK_PULLUP                           ;        ;              ;         ; Row I/O    ;                 ; no       ; On           ;
; P26      ; 345        ; 6        ; RESERVED_INPUT_WITH_WEAK_PULLUP                           ;        ;              ;         ; Row I/O    ;                 ; no       ; On           ;
; P27      ; 350        ; 6        ; RESERVED_INPUT_WITH_WEAK_PULLUP                           ;        ;              ;         ; Row I/O    ;                 ; no       ; On           ;
; P28      ; 349        ; 6        ; ~ALTERA_nCEO~ / RESERVED_OUTPUT_OPEN_DRAIN                ; output ; 2.5 V        ;         ; Row I/O    ; N               ; no       ; Off          ;
; R1       ; 68         ; 2        ; RESERVED_INPUT_WITH_WEAK_PULLUP                           ;        ;              ;         ; Row I/O    ;                 ; no       ; On           ;
; R2       ; 67         ; 2        ; RESERVED_INPUT_WITH_WEAK_PULLUP                           ;        ;              ;         ; Row I/O    ;                 ; no       ; On           ;
; R3       ; 73         ; 2        ; RESERVED_INPUT_WITH_WEAK_PULLUP                           ;        ;              ;         ; Row I/O    ;                 ; no       ; On           ;
; R4       ; 74         ; 2        ; RESERVED_INPUT_WITH_WEAK_PULLUP                           ;        ;              ;         ; Row I/O    ;                 ; no       ; On           ;
; R5       ; 77         ; 2        ; RESERVED_INPUT_WITH_WEAK_PULLUP                           ;        ;              ;         ; Row I/O    ;                 ; no       ; On           ;
; R6       ; 70         ; 2        ; RESERVED_INPUT_WITH_WEAK_PULLUP                           ;        ;              ;         ; Row I/O    ;                 ; no       ; On           ;
; R7       ; 69         ; 2        ; RESERVED_INPUT_WITH_WEAK_PULLUP                           ;        ;              ;         ; Row I/O    ;                 ; no       ; On           ;
; R8       ; 62         ; 1        ; ^nCE                                                      ;        ;              ;         ; --         ;                 ; --       ; --           ;
; R9       ;            ;          ; GND                                                       ; gnd    ;              ;         ; --         ;                 ; --       ; --           ;
; R10      ;            ;          ; VCCINT                                                    ; power  ;              ; 1.2V    ; --         ;                 ; --       ; --           ;
; R11      ;            ;          ; GND                                                       ; gnd    ;              ;         ; --         ;                 ; --       ; --           ;
; R12      ;            ;          ; VCCINT                                                    ; power  ;              ; 1.2V    ; --         ;                 ; --       ; --           ;
; R13      ;            ;          ; GND                                                       ; gnd    ;              ;         ; --         ;                 ; --       ; --           ;
; R14      ;            ;          ; VCCINT                                                    ; power  ;              ; 1.2V    ; --         ;                 ; --       ; --           ;
; R15      ;            ;          ; GND                                                       ; gnd    ;              ;         ; --         ;                 ; --       ; --           ;
; R16      ;            ;          ; VCCINT                                                    ; power  ;              ; 1.2V    ; --         ;                 ; --       ; --           ;
; R17      ;            ;          ; GND                                                       ; gnd    ;              ;         ; --         ;                 ; --       ; --           ;
; R18      ;            ;          ; VCCINT                                                    ; power  ;              ; 1.2V    ; --         ;                 ; --       ; --           ;
; R19      ;            ;          ; GND                                                       ; gnd    ;              ;         ; --         ;                 ; --       ; --           ;
; R20      ;            ;          ; VCCINT                                                    ; power  ;              ; 1.2V    ; --         ;                 ; --       ; --           ;
; R21      ; 333        ; 5        ; RESERVED_INPUT_WITH_WEAK_PULLUP                           ;        ;              ;         ; Row I/O    ;                 ; no       ; On           ;
; R22      ; 332        ; 5        ; RESERVED_INPUT_WITH_WEAK_PULLUP                           ;        ;              ;         ; Row I/O    ;                 ; no       ; On           ;
; R23      ; 331        ; 5        ; RESERVED_INPUT_WITH_WEAK_PULLUP                           ;        ;              ;         ; Row I/O    ;                 ; no       ; On           ;
; R24      ; 330        ; 5        ; RESERVED_INPUT_WITH_WEAK_PULLUP                           ;        ;              ;         ; Row I/O    ;                 ; no       ; On           ;
; R25      ; 327        ; 5        ; RESERVED_INPUT_WITH_WEAK_PULLUP                           ;        ;              ;         ; Row I/O    ;                 ; no       ; On           ;
; R26      ; 326        ; 5        ; RESERVED_INPUT_WITH_WEAK_PULLUP                           ;        ;              ;         ; Row I/O    ;                 ; no       ; On           ;
; R27      ; 329        ; 5        ; RESERVED_INPUT_WITH_WEAK_PULLUP                           ;        ;              ;         ; Row I/O    ;                 ; no       ; On           ;
; R28      ; 328        ; 5        ; RESERVED_INPUT_WITH_WEAK_PULLUP                           ;        ;              ;         ; Row I/O    ;                 ; no       ; On           ;
; T1       ;            ; 2        ; VCCIO2                                                    ; power  ;              ; 2.5V    ; --         ;                 ; --       ; --           ;
; T2       ;            ;          ; GND                                                       ; gnd    ;              ;         ; --         ;                 ; --       ; --           ;
; T3       ; 76         ; 2        ; RESERVED_INPUT_WITH_WEAK_PULLUP                           ;        ;              ;         ; Row I/O    ;                 ; no       ; On           ;
; T4       ; 75         ; 2        ; RESERVED_INPUT_WITH_WEAK_PULLUP                           ;        ;              ;         ; Row I/O    ;                 ; no       ; On           ;
; T5       ;            ; 2        ; VCCIO2                                                    ; power  ;              ; 2.5V    ; --         ;                 ; --       ; --           ;
; T6       ;            ;          ; GND                                                       ; gnd    ;              ;         ; --         ;                 ; --       ; --           ;
; T7       ; 78         ; 2        ; RESERVED_INPUT_WITH_WEAK_PULLUP                           ;        ;              ;         ; Row I/O    ;                 ; --       ; --           ;
; T8       ; 100        ; 2        ; RESERVED_INPUT_WITH_WEAK_PULLUP                           ;        ;              ;         ; Row I/O    ;                 ; --       ; --           ;
; T9       ;            ;          ; VCCINT                                                    ; power  ;              ; 1.2V    ; --         ;                 ; --       ; --           ;
; T10      ;            ;          ; GND                                                       ; gnd    ;              ;         ; --         ;                 ; --       ; --           ;
; T11      ;            ;          ; VCCINT                                                    ; power  ;              ; 1.2V    ; --         ;                 ; --       ; --           ;
; T12      ;            ;          ; GND                                                       ; gnd    ;              ;         ; --         ;                 ; --       ; --           ;
; T13      ;            ;          ; VCCINT                                                    ; power  ;              ; 1.2V    ; --         ;                 ; --       ; --           ;
; T14      ;            ;          ; GND                                                       ; gnd    ;              ;         ; --         ;                 ; --       ; --           ;
; T15      ;            ;          ; VCCINT                                                    ; power  ;              ; 1.2V    ; --         ;                 ; --       ; --           ;
; T16      ;            ;          ; GND                                                       ; gnd    ;              ;         ; --         ;                 ; --       ; --           ;
; T17      ;            ;          ; VCCINT                                                    ; power  ;              ; 1.2V    ; --         ;                 ; --       ; --           ;
; T18      ;            ;          ; GND                                                       ; gnd    ;              ;         ; --         ;                 ; --       ; --           ;
; T19      ;            ;          ; VCCINT                                                    ; power  ;              ; 1.2V    ; --         ;                 ; --       ; --           ;
; T20      ;            ;          ; GND                                                       ; gnd    ;              ;         ; --         ;                 ; --       ; --           ;
; T21      ; 325        ; 5        ; RESERVED_INPUT_WITH_WEAK_PULLUP                           ;        ;              ;         ; Row I/O    ;                 ; no       ; On           ;
; T22      ; 324        ; 5        ; RESERVED_INPUT_WITH_WEAK_PULLUP                           ;        ;              ;         ; Row I/O    ;                 ; no       ; On           ;
; T23      ;            ;          ; GND                                                       ; gnd    ;              ;         ; --         ;                 ; --       ; --           ;
; T24      ;            ; 5        ; VCCIO5                                                    ; power  ;              ; 2.5V    ; --         ;                 ; --       ; --           ;
; T25      ; 323        ; 5        ; RESERVED_INPUT_WITH_WEAK_PULLUP                           ;        ;              ;         ; Row I/O    ;                 ; no       ; On           ;
; T26      ; 322        ; 5        ; RESERVED_INPUT_WITH_WEAK_PULLUP                           ;        ;              ;         ; Row I/O    ;                 ; no       ; On           ;
; T27      ;            ;          ; GND                                                       ; gnd    ;              ;         ; --         ;                 ; --       ; --           ;
; T28      ;            ; 5        ; VCCIO5                                                    ; power  ;              ; 2.5V    ; --         ;                 ; --       ; --           ;
; U1       ; 80         ; 2        ; RESERVED_INPUT_WITH_WEAK_PULLUP                           ;        ;              ;         ; Row I/O    ;                 ; no       ; On           ;
; U2       ; 79         ; 2        ; RESERVED_INPUT_WITH_WEAK_PULLUP                           ;        ;              ;         ; Row I/O    ;                 ; no       ; On           ;
; U3       ; 71         ; 2        ; RESERVED_INPUT_WITH_WEAK_PULLUP                           ;        ;              ;         ; Row I/O    ;                 ; no       ; On           ;
; U4       ; 72         ; 2        ; RESERVED_INPUT_WITH_WEAK_PULLUP                           ;        ;              ;         ; Row I/O    ;                 ; no       ; On           ;
; U5       ; 90         ; 2        ; RESERVED_INPUT_WITH_WEAK_PULLUP                           ;        ;              ;         ; Row I/O    ;                 ; no       ; On           ;
; U6       ; 89         ; 2        ; RESERVED_INPUT_WITH_WEAK_PULLUP                           ;        ;              ;         ; Row I/O    ;                 ; no       ; On           ;
; U7       ; 103        ; 2        ; RESERVED_INPUT_WITH_WEAK_PULLUP                           ;        ;              ;         ; Row I/O    ;                 ; no       ; On           ;
; U8       ; 104        ; 2        ; RESERVED_INPUT_WITH_WEAK_PULLUP                           ;        ;              ;         ; Row I/O    ;                 ; no       ; On           ;
; U9       ;            ;          ; GND                                                       ; gnd    ;              ;         ; --         ;                 ; --       ; --           ;
; U10      ;            ;          ; VCCINT                                                    ; power  ;              ; 1.2V    ; --         ;                 ; --       ; --           ;
; U11      ;            ;          ; GND                                                       ; gnd    ;              ;         ; --         ;                 ; --       ; --           ;
; U12      ;            ;          ; VCCINT                                                    ; power  ;              ; 1.2V    ; --         ;                 ; --       ; --           ;
; U13      ;            ;          ; GND                                                       ; gnd    ;              ;         ; --         ;                 ; --       ; --           ;
; U14      ;            ;          ; VCCINT                                                    ; power  ;              ; 1.2V    ; --         ;                 ; --       ; --           ;
; U15      ;            ;          ; GND                                                       ; gnd    ;              ;         ; --         ;                 ; --       ; --           ;
; U16      ;            ;          ; VCCINT                                                    ; power  ;              ; 1.2V    ; --         ;                 ; --       ; --           ;
; U17      ;            ;          ; GND                                                       ; gnd    ;              ;         ; --         ;                 ; --       ; --           ;
; U18      ;            ;          ; VCCINT                                                    ; power  ;              ; 1.2V    ; --         ;                 ; --       ; --           ;
; U19      ;            ;          ; GND                                                       ; gnd    ;              ;         ; --         ;                 ; --       ; --           ;
; U20      ;            ;          ; VCCINT                                                    ; power  ;              ; 1.2V    ; --         ;                 ; --       ; --           ;
; U21      ; 319        ; 5        ; RESERVED_INPUT_WITH_WEAK_PULLUP                           ;        ;              ;         ; Row I/O    ;                 ; no       ; On           ;
; U22      ; 313        ; 5        ; RESERVED_INPUT_WITH_WEAK_PULLUP                           ;        ;              ;         ; Row I/O    ;                 ; no       ; On           ;
; U23      ; 305        ; 5        ; RESERVED_INPUT_WITH_WEAK_PULLUP                           ;        ;              ;         ; Row I/O    ;                 ; --       ; --           ;
; U24      ; 316        ; 5        ; RESERVED_INPUT_WITH_WEAK_PULLUP                           ;        ;              ;         ; Row I/O    ;                 ; --       ; --           ;
; U25      ; 315        ; 5        ; RESERVED_INPUT_WITH_WEAK_PULLUP                           ;        ;              ;         ; Row I/O    ;                 ; no       ; On           ;
; U26      ; 314        ; 5        ; RESERVED_INPUT_WITH_WEAK_PULLUP                           ;        ;              ;         ; Row I/O    ;                 ; no       ; On           ;
; U27      ; 318        ; 5        ; RESERVED_INPUT_WITH_WEAK_PULLUP                           ;        ;              ;         ; Row I/O    ;                 ; no       ; On           ;
; U28      ; 317        ; 5        ; RESERVED_INPUT_WITH_WEAK_PULLUP                           ;        ;              ;         ; Row I/O    ;                 ; no       ; On           ;
; V1       ; 84         ; 2        ; RESERVED_INPUT_WITH_WEAK_PULLUP                           ;        ;              ;         ; Row I/O    ;                 ; no       ; On           ;
; V2       ; 83         ; 2        ; RESERVED_INPUT_WITH_WEAK_PULLUP                           ;        ;              ;         ; Row I/O    ;                 ; no       ; On           ;
; V3       ; 82         ; 2        ; RESERVED_INPUT_WITH_WEAK_PULLUP                           ;        ;              ;         ; Row I/O    ;                 ; no       ; On           ;
; V4       ; 81         ; 2        ; RESERVED_INPUT_WITH_WEAK_PULLUP                           ;        ;              ;         ; Row I/O    ;                 ; no       ; On           ;
; V5       ; 108        ; 2        ; RESERVED_INPUT_WITH_WEAK_PULLUP                           ;        ;              ;         ; Row I/O    ;                 ; no       ; On           ;
; V6       ; 107        ; 2        ; RESERVED_INPUT_WITH_WEAK_PULLUP                           ;        ;              ;         ; Row I/O    ;                 ; no       ; On           ;
; V7       ; 110        ; 2        ; RESERVED_INPUT_WITH_WEAK_PULLUP                           ;        ;              ;         ; Row I/O    ;                 ; no       ; On           ;
; V8       ; 109        ; 2        ; RESERVED_INPUT_WITH_WEAK_PULLUP                           ;        ;              ;         ; Row I/O    ;                 ; no       ; On           ;
; V9       ;            ;          ; VCCINT                                                    ; power  ;              ; 1.2V    ; --         ;                 ; --       ; --           ;
; V10      ;            ;          ; GND                                                       ; gnd    ;              ;         ; --         ;                 ; --       ; --           ;
; V11      ;            ;          ; VCCINT                                                    ; power  ;              ; 1.2V    ; --         ;                 ; --       ; --           ;
; V12      ;            ;          ; GND                                                       ; gnd    ;              ;         ; --         ;                 ; --       ; --           ;
; V13      ;            ;          ; VCCINT                                                    ; power  ;              ; 1.2V    ; --         ;                 ; --       ; --           ;
; V14      ;            ;          ; GND                                                       ; gnd    ;              ;         ; --         ;                 ; --       ; --           ;
; V15      ;            ;          ; VCCINT                                                    ; power  ;              ; 1.2V    ; --         ;                 ; --       ; --           ;
; V16      ;            ;          ; GND                                                       ; gnd    ;              ;         ; --         ;                 ; --       ; --           ;
; V17      ;            ;          ; VCCINT                                                    ; power  ;              ; 1.2V    ; --         ;                 ; --       ; --           ;
; V18      ;            ;          ; GND                                                       ; gnd    ;              ;         ; --         ;                 ; --       ; --           ;
; V19      ;            ;          ; VCCINT                                                    ; power  ;              ; 1.2V    ; --         ;                 ; --       ; --           ;
; V20      ;            ;          ; GND                                                       ; gnd    ;              ;         ; --         ;                 ; --       ; --           ;
; V21      ; 311        ; 5        ; RESERVED_INPUT_WITH_WEAK_PULLUP                           ;        ;              ;         ; Row I/O    ;                 ; no       ; On           ;
; V22      ; 312        ; 5        ; RESERVED_INPUT_WITH_WEAK_PULLUP                           ;        ;              ;         ; Row I/O    ;                 ; no       ; On           ;
; V23      ; 309        ; 5        ; RESERVED_INPUT_WITH_WEAK_PULLUP                           ;        ;              ;         ; Row I/O    ;                 ; no       ; On           ;
; V24      ; 308        ; 5        ; RESERVED_INPUT_WITH_WEAK_PULLUP                           ;        ;              ;         ; Row I/O    ;                 ; no       ; On           ;
; V25      ; 307        ; 5        ; RESERVED_INPUT_WITH_WEAK_PULLUP                           ;        ;              ;         ; Row I/O    ;                 ; no       ; On           ;
; V26      ; 306        ; 5        ; RESERVED_INPUT_WITH_WEAK_PULLUP                           ;        ;              ;         ; Row I/O    ;                 ; no       ; On           ;
; V27      ; 304        ; 5        ; RESERVED_INPUT_WITH_WEAK_PULLUP                           ;        ;              ;         ; Row I/O    ;                 ; no       ; On           ;
; V28      ; 303        ; 5        ; RESERVED_INPUT_WITH_WEAK_PULLUP                           ;        ;              ;         ; Row I/O    ;                 ; no       ; On           ;
; W1       ; 88         ; 2        ; RESERVED_INPUT_WITH_WEAK_PULLUP                           ;        ;              ;         ; Row I/O    ;                 ; no       ; On           ;
; W2       ; 87         ; 2        ; RESERVED_INPUT_WITH_WEAK_PULLUP                           ;        ;              ;         ; Row I/O    ;                 ; no       ; On           ;
; W3       ; 112        ; 2        ; RESERVED_INPUT_WITH_WEAK_PULLUP                           ;        ;              ;         ; Row I/O    ;                 ; no       ; On           ;
; W4       ; 111        ; 2        ; RESERVED_INPUT_WITH_WEAK_PULLUP                           ;        ;              ;         ; Row I/O    ;                 ; no       ; On           ;
; W5       ;            ; 2        ; VCCIO2                                                    ; power  ;              ; 2.5V    ; --         ;                 ; --       ; --           ;
; W6       ;            ;          ; GND                                                       ; gnd    ;              ;         ; --         ;                 ; --       ; --           ;
; W7       ; 115        ; 2        ; RESERVED_INPUT_WITH_WEAK_PULLUP                           ;        ;              ;         ; Row I/O    ;                 ; no       ; On           ;
; W8       ; 116        ; 2        ; RESERVED_INPUT_WITH_WEAK_PULLUP                           ;        ;              ;         ; Row I/O    ;                 ; no       ; On           ;
; W9       ;            ;          ; GND                                                       ; gnd    ;              ;         ; --         ;                 ; --       ; --           ;
; W10      ;            ;          ; VCCINT                                                    ; power  ;              ; 1.2V    ; --         ;                 ; --       ; --           ;
; W11      ;            ;          ; GND                                                       ; gnd    ;              ;         ; --         ;                 ; --       ; --           ;
; W12      ;            ;          ; VCCINT                                                    ; power  ;              ; 1.2V    ; --         ;                 ; --       ; --           ;
; W13      ;            ;          ; GND                                                       ; gnd    ;              ;         ; --         ;                 ; --       ; --           ;
; W14      ;            ;          ; VCCINT                                                    ; power  ;              ; 1.2V    ; --         ;                 ; --       ; --           ;
; W15      ;            ;          ; GND                                                       ; gnd    ;              ;         ; --         ;                 ; --       ; --           ;
; W16      ;            ;          ; VCCINT                                                    ; power  ;              ; 1.2V    ; --         ;                 ; --       ; --           ;
; W17      ;            ;          ; GND                                                       ; gnd    ;              ;         ; --         ;                 ; --       ; --           ;
; W18      ;            ;          ; VCCINT                                                    ; power  ;              ; 1.2V    ; --         ;                 ; --       ; --           ;
; W19      ;            ;          ; GND                                                       ; gnd    ;              ;         ; --         ;                 ; --       ; --           ;
; W20      ;            ;          ; VCCINT                                                    ; power  ;              ; 1.2V    ; --         ;                 ; --       ; --           ;
; W21      ; 310        ; 5        ; RESERVED_INPUT_WITH_WEAK_PULLUP                           ;        ;              ;         ; Row I/O    ;                 ; no       ; On           ;
; W22      ; 321        ; 5        ; RESERVED_INPUT_WITH_WEAK_PULLUP                           ;        ;              ;         ; Row I/O    ;                 ; no       ; On           ;
; W23      ;            ;          ; GND                                                       ; gnd    ;              ;         ; --         ;                 ; --       ; --           ;
; W24      ;            ; 5        ; VCCIO5                                                    ; power  ;              ; 2.5V    ; --         ;                 ; --       ; --           ;
; W25      ; 300        ; 5        ; RESERVED_INPUT_WITH_WEAK_PULLUP                           ;        ;              ;         ; Row I/O    ;                 ; no       ; On           ;
; W26      ; 299        ; 5        ; RESERVED_INPUT_WITH_WEAK_PULLUP                           ;        ;              ;         ; Row I/O    ;                 ; no       ; On           ;
; W27      ; 301        ; 5        ; RESERVED_INPUT_WITH_WEAK_PULLUP                           ;        ;              ;         ; Row I/O    ;                 ; no       ; On           ;
; W28      ; 302        ; 5        ; RESERVED_INPUT_WITH_WEAK_PULLUP                           ;        ;              ;         ; Row I/O    ;                 ; no       ; On           ;
; Y1       ; 66         ; 2        ; GND+                                                      ;        ;              ;         ; Row I/O    ;                 ; --       ; --           ;
; Y2       ; 65         ; 2        ; clk_i                                                     ; input  ; 2.5 V        ;         ; Row I/O    ; Y               ; no       ; Off          ;
; Y3       ; 92         ; 2        ; RESERVED_INPUT_WITH_WEAK_PULLUP                           ;        ;              ;         ; Row I/O    ;                 ; no       ; On           ;
; Y4       ; 91         ; 2        ; RESERVED_INPUT_WITH_WEAK_PULLUP                           ;        ;              ;         ; Row I/O    ;                 ; no       ; On           ;
; Y5       ; 114        ; 2        ; RESERVED_INPUT_WITH_WEAK_PULLUP                           ;        ;              ;         ; Row I/O    ;                 ; no       ; On           ;
; Y6       ; 113        ; 2        ; RESERVED_INPUT_WITH_WEAK_PULLUP                           ;        ;              ;         ; Row I/O    ;                 ; no       ; On           ;
; Y7       ; 117        ; 2        ; RESERVED_INPUT_WITH_WEAK_PULLUP                           ;        ;              ;         ; Row I/O    ;                 ; no       ; On           ;
; Y8       ;            ; --       ; VCCA1                                                     ; power  ;              ; 2.5V    ; --         ;                 ; --       ; --           ;
; Y9       ;            ;          ; VCCD_PLL1                                                 ; power  ;              ; 1.2V    ; --         ;                 ; --       ; --           ;
; Y10      ; 140        ; 3        ; RESERVED_INPUT_WITH_WEAK_PULLUP                           ;        ;              ;         ; Column I/O ;                 ; --       ; --           ;
; Y11      ;            ;          ; GND                                                       ; gnd    ;              ;         ; --         ;                 ; --       ; --           ;
; Y12      ; 187        ; 3        ; RESERVED_INPUT_WITH_WEAK_PULLUP                           ;        ;              ;         ; Column I/O ;                 ; no       ; On           ;
; Y13      ; 189        ; 3        ; RESERVED_INPUT_WITH_WEAK_PULLUP                           ;        ;              ;         ; Column I/O ;                 ; no       ; On           ;
; Y14      ; 197        ; 3        ; monitor_o[17]                                             ; output ; 2.5 V        ;         ; Column I/O ; N               ; no       ; Off          ;
; Y15      ; 198        ; 3        ; monitor_o[2]                                              ; output ; 2.5 V        ;         ; Column I/O ; N               ; no       ; Off          ;
; Y16      ; 250        ; 4        ; RESERVED_INPUT_WITH_WEAK_PULLUP                           ;        ;              ;         ; Column I/O ;                 ; no       ; On           ;
; Y17      ; 249        ; 4        ; RESERVED_INPUT_WITH_WEAK_PULLUP                           ;        ;              ;         ; Column I/O ;                 ; no       ; On           ;
; Y18      ;            ;          ; GND                                                       ; gnd    ;              ;         ; --         ;                 ; --       ; --           ;
; Y19      ; 263        ; 4        ; RESERVED_INPUT_WITH_WEAK_PULLUP                           ;        ;              ;         ; Column I/O ;                 ; no       ; On           ;
; Y20      ;            ;          ; VCCD_PLL4                                                 ; power  ;              ; 1.2V    ; --         ;                 ; --       ; --           ;
; Y21      ;            ; --       ; VCCA4                                                     ; power  ;              ; 2.5V    ; --         ;                 ; --       ; --           ;
; Y22      ; 320        ; 5        ; RESERVED_INPUT_WITH_WEAK_PULLUP                           ;        ;              ;         ; Row I/O    ;                 ; no       ; On           ;
; Y23      ; 288        ; 5        ; rst_ni                                                    ; input  ; 2.5 V        ;         ; Row I/O    ; Y               ; no       ; Off          ;
; Y24      ; 287        ; 5        ; RESERVED_INPUT_WITH_WEAK_PULLUP                           ;        ;              ;         ; Row I/O    ;                 ; no       ; On           ;
; Y25      ; 298        ; 5        ; RESERVED_INPUT_WITH_WEAK_PULLUP                           ;        ;              ;         ; Row I/O    ;                 ; no       ; On           ;
; Y26      ; 297        ; 5        ; RESERVED_INPUT_WITH_WEAK_PULLUP                           ;        ;              ;         ; Row I/O    ;                 ; no       ; On           ;
; Y27      ; 336        ; 5        ; GND+                                                      ;        ;              ;         ; Row I/O    ;                 ; --       ; --           ;
; Y28      ; 335        ; 5        ; GND+                                                      ;        ;              ;         ; Row I/O    ;                 ; --       ; --           ;
+----------+------------+----------+-----------------------------------------------------------+--------+--------------+---------+------------+-----------------+----------+--------------+
Note: Pin directions (input, output or bidir) are based on device operating in user mode.


+-----------------------------------------------+
; I/O Assignment Warnings                       ;
+---------------+-------------------------------+
; Pin Name      ; Reason                        ;
+---------------+-------------------------------+
; monitor_o[0]  ; Incomplete set of assignments ;
; monitor_o[1]  ; Incomplete set of assignments ;
; monitor_o[2]  ; Incomplete set of assignments ;
; monitor_o[3]  ; Incomplete set of assignments ;
; monitor_o[4]  ; Incomplete set of assignments ;
; monitor_o[5]  ; Incomplete set of assignments ;
; monitor_o[6]  ; Incomplete set of assignments ;
; monitor_o[7]  ; Incomplete set of assignments ;
; monitor_o[8]  ; Incomplete set of assignments ;
; monitor_o[9]  ; Incomplete set of assignments ;
; monitor_o[10] ; Incomplete set of assignments ;
; monitor_o[11] ; Incomplete set of assignments ;
; monitor_o[12] ; Incomplete set of assignments ;
; monitor_o[13] ; Incomplete set of assignments ;
; monitor_o[14] ; Incomplete set of assignments ;
; monitor_o[15] ; Incomplete set of assignments ;
; monitor_o[16] ; Incomplete set of assignments ;
; monitor_o[17] ; Incomplete set of assignments ;
; monitor_o[18] ; Incomplete set of assignments ;
; monitor_o[19] ; Incomplete set of assignments ;
; monitor_o[20] ; Incomplete set of assignments ;
; monitor_o[21] ; Incomplete set of assignments ;
; monitor_o[22] ; Incomplete set of assignments ;
; monitor_o[23] ; Incomplete set of assignments ;
; monitor_o[24] ; Incomplete set of assignments ;
; monitor_o[25] ; Incomplete set of assignments ;
; monitor_o[26] ; Incomplete set of assignments ;
; monitor_o[27] ; Incomplete set of assignments ;
; monitor_o[28] ; Incomplete set of assignments ;
; monitor_o[29] ; Incomplete set of assignments ;
; monitor_o[30] ; Incomplete set of assignments ;
; monitor_o[31] ; Incomplete set of assignments ;
; monitor_o[32] ; Incomplete set of assignments ;
; monitor_o[33] ; Incomplete set of assignments ;
; monitor_o[34] ; Incomplete set of assignments ;
; monitor_o[35] ; Incomplete set of assignments ;
; monitor_o[36] ; Incomplete set of assignments ;
; monitor_o[37] ; Incomplete set of assignments ;
; monitor_o[38] ; Incomplete set of assignments ;
; monitor_o[39] ; Incomplete set of assignments ;
; monitor_o[40] ; Incomplete set of assignments ;
; monitor_o[41] ; Incomplete set of assignments ;
; monitor_o[42] ; Incomplete set of assignments ;
; monitor_o[43] ; Incomplete set of assignments ;
; monitor_o[44] ; Incomplete set of assignments ;
; monitor_o[45] ; Incomplete set of assignments ;
; monitor_o[46] ; Incomplete set of assignments ;
; monitor_o[47] ; Incomplete set of assignments ;
; monitor_o[48] ; Incomplete set of assignments ;
; monitor_o[49] ; Incomplete set of assignments ;
; monitor_o[50] ; Incomplete set of assignments ;
; monitor_o[51] ; Incomplete set of assignments ;
; monitor_o[52] ; Incomplete set of assignments ;
; monitor_o[53] ; Incomplete set of assignments ;
; monitor_o[54] ; Incomplete set of assignments ;
; monitor_o[55] ; Incomplete set of assignments ;
; monitor_o[56] ; Incomplete set of assignments ;
; monitor_o[57] ; Incomplete set of assignments ;
; monitor_o[58] ; Incomplete set of assignments ;
; monitor_o[59] ; Incomplete set of assignments ;
; monitor_o[60] ; Incomplete set of assignments ;
; monitor_o[61] ; Incomplete set of assignments ;
; monitor_o[62] ; Incomplete set of assignments ;
; monitor_o[63] ; Incomplete set of assignments ;
; clk_i         ; Incomplete set of assignments ;
; rst_ni        ; Incomplete set of assignments ;
; monitor_o[0]  ; Missing location assignment   ;
; monitor_o[1]  ; Missing location assignment   ;
; monitor_o[2]  ; Missing location assignment   ;
; monitor_o[3]  ; Missing location assignment   ;
; monitor_o[4]  ; Missing location assignment   ;
; monitor_o[5]  ; Missing location assignment   ;
; monitor_o[6]  ; Missing location assignment   ;
; monitor_o[7]  ; Missing location assignment   ;
; monitor_o[8]  ; Missing location assignment   ;
; monitor_o[9]  ; Missing location assignment   ;
; monitor_o[10] ; Missing location assignment   ;
; monitor_o[11] ; Missing location assignment   ;
; monitor_o[12] ; Missing location assignment   ;
; monitor_o[13] ; Missing location assignment   ;
; monitor_o[14] ; Missing location assignment   ;
; monitor_o[15] ; Missing location assignment   ;
; monitor_o[16] ; Missing location assignment   ;
; monitor_o[17] ; Missing location assignment   ;
; monitor_o[18] ; Missing location assignment   ;
; monitor_o[19] ; Missing location assignment   ;
; monitor_o[20] ; Missing location assignment   ;
; monitor_o[21] ; Missing location assignment   ;
; monitor_o[22] ; Missing location assignment   ;
; monitor_o[23] ; Missing location assignment   ;
; monitor_o[24] ; Missing location assignment   ;
; monitor_o[25] ; Missing location assignment   ;
; monitor_o[26] ; Missing location assignment   ;
; monitor_o[27] ; Missing location assignment   ;
; monitor_o[28] ; Missing location assignment   ;
; monitor_o[29] ; Missing location assignment   ;
; monitor_o[30] ; Missing location assignment   ;
; monitor_o[31] ; Missing location assignment   ;
; monitor_o[32] ; Missing location assignment   ;
; monitor_o[33] ; Missing location assignment   ;
; monitor_o[34] ; Missing location assignment   ;
; monitor_o[35] ; Missing location assignment   ;
; monitor_o[36] ; Missing location assignment   ;
; monitor_o[37] ; Missing location assignment   ;
; monitor_o[38] ; Missing location assignment   ;
; monitor_o[39] ; Missing location assignment   ;
; monitor_o[40] ; Missing location assignment   ;
; monitor_o[41] ; Missing location assignment   ;
; monitor_o[42] ; Missing location assignment   ;
; monitor_o[43] ; Missing location assignment   ;
; monitor_o[44] ; Missing location assignment   ;
; monitor_o[45] ; Missing location assignment   ;
; monitor_o[46] ; Missing location assignment   ;
; monitor_o[47] ; Missing location assignment   ;
; monitor_o[48] ; Missing location assignment   ;
; monitor_o[49] ; Missing location assignment   ;
; monitor_o[50] ; Missing location assignment   ;
; monitor_o[51] ; Missing location assignment   ;
; monitor_o[52] ; Missing location assignment   ;
; monitor_o[53] ; Missing location assignment   ;
; monitor_o[54] ; Missing location assignment   ;
; monitor_o[55] ; Missing location assignment   ;
; monitor_o[56] ; Missing location assignment   ;
; monitor_o[57] ; Missing location assignment   ;
; monitor_o[58] ; Missing location assignment   ;
; monitor_o[59] ; Missing location assignment   ;
; monitor_o[60] ; Missing location assignment   ;
; monitor_o[61] ; Missing location assignment   ;
; monitor_o[62] ; Missing location assignment   ;
; monitor_o[63] ; Missing location assignment   ;
+---------------+-------------------------------+


+--------------------------------------------------------------------------------------------------------------------------------------------------------------------------------------------------------------------------------------------------------------------------------------------------------------------------------------------------------------------------+
; Fitter Resource Utilization by Entity                                                                                                                                                                                                                                                                                                                                    ;
+-------------------------------------------+---------------+---------------------------+---------------+-------------+------+--------------+---------+-----------+------+--------------+--------------+-------------------+------------------+-------------------------------------------------------------------------------------------+-----------------+--------------+
; Compilation Hierarchy Node                ; Logic Cells   ; Dedicated Logic Registers ; I/O Registers ; Memory Bits ; M9Ks ; DSP Elements ; DSP 9x9 ; DSP 18x18 ; Pins ; Virtual Pins ; LUT-Only LCs ; Register-Only LCs ; LUT/Register LCs ; Full Hierarchy Name                                                                       ; Entity Name     ; Library Name ;
+-------------------------------------------+---------------+---------------------------+---------------+-------------+------+--------------+---------+-----------+------+--------------+--------------+-------------------+------------------+-------------------------------------------------------------------------------------------+-----------------+--------------+
; |segmentado                               ; 21327 (74)    ; 16441 (0)                 ; 0 (0)         ; 2048        ; 2    ; 0            ; 0       ; 0         ; 66   ; 0            ; 4886 (71)    ; 7973 (0)          ; 8468 (78)        ; |segmentado                                                                               ; segmentado      ; work         ;
;    |ALU:exec_alu_stage|                   ; 1410 (1387)   ; 0 (0)                     ; 0 (0)         ; 0           ; 0    ; 0            ; 0       ; 0         ; 0    ; 0            ; 1349 (1326)  ; 0 (0)             ; 61 (61)          ; |segmentado|ALU:exec_alu_stage                                                            ; ALU             ; work         ;
;       |flagdetector:fldetector|           ; 23 (23)       ; 0 (0)                     ; 0 (0)         ; 0           ; 0    ; 0            ; 0       ; 0         ; 0    ; 0            ; 23 (23)      ; 0 (0)             ; 0 (0)            ; |segmentado|ALU:exec_alu_stage|flagdetector:fldetector                                    ; flagdetector    ; work         ;
;    |IDRF_Latch:idrf_latch1|               ; 36 (36)       ; 36 (36)                   ; 0 (0)         ; 0           ; 0    ; 0            ; 0       ; 0         ; 0    ; 0            ; 0 (0)        ; 4 (4)             ; 32 (32)          ; |segmentado|IDRF_Latch:idrf_latch1                                                        ; IDRF_Latch      ; work         ;
;    |IFID_Latch:ifid_latch1|               ; 27 (27)       ; 27 (27)                   ; 0 (0)         ; 0           ; 0    ; 0            ; 0       ; 0         ; 0    ; 0            ; 0 (0)        ; 1 (1)             ; 26 (26)          ; |segmentado|IFID_Latch:ifid_latch1                                                        ; IFID_Latch      ; work         ;
;    |alu_ctrl:exec_ctrl_stage|             ; 11 (11)       ; 0 (0)                     ; 0 (0)         ; 0           ; 0    ; 0            ; 0       ; 0         ; 0    ; 0            ; 5 (5)        ; 0 (0)             ; 6 (6)            ; |segmentado|alu_ctrl:exec_ctrl_stage                                                      ; alu_ctrl        ; work         ;
;    |control:control_stage|                ; 16 (16)       ; 0 (0)                     ; 0 (0)         ; 0           ; 0    ; 0            ; 0       ; 0         ; 0    ; 0            ; 5 (5)        ; 0 (0)             ; 11 (11)          ; |segmentado|control:control_stage                                                         ; control         ; work         ;
;    |dcache:memaccess_stage|               ; 19081 (19081) ; 15872 (15872)             ; 0 (0)         ; 0           ; 0    ; 0            ; 0       ; 0         ; 0    ; 0            ; 3177 (3177)  ; 7919 (7919)       ; 7985 (7985)      ; |segmentado|dcache:memaccess_stage                                                        ; dcache          ; work         ;
;    |exmem_latch:exmem_latch1|             ; 104 (104)     ; 104 (104)                 ; 0 (0)         ; 0           ; 0    ; 0            ; 0       ; 0         ; 0    ; 0            ; 0 (0)        ; 22 (22)           ; 82 (82)          ; |segmentado|exmem_latch:exmem_latch1                                                      ; exmem_latch     ; work         ;
;    |fetch:fetch_stg|                      ; 40 (40)       ; 40 (40)                   ; 0 (0)         ; 0           ; 0    ; 0            ; 0       ; 0         ; 0    ; 0            ; 0 (0)        ; 0 (0)             ; 40 (40)          ; |segmentado|fetch:fetch_stg                                                               ; fetch           ; work         ;
;    |forwarding:fwdstage|                  ; 6 (6)         ; 0 (0)                     ; 0 (0)         ; 0           ; 0    ; 0            ; 0       ; 0         ; 0    ; 0            ; 0 (0)        ; 0 (0)             ; 6 (6)            ; |segmentado|forwarding:fwdstage                                                           ; forwarding      ; work         ;
;    |icache:icachel1|                      ; 115 (115)     ; 0 (0)                     ; 0 (0)         ; 0           ; 0    ; 0            ; 0       ; 0         ; 0    ; 0            ; 86 (86)      ; 0 (0)             ; 29 (29)          ; |segmentado|icache:icachel1                                                               ; icache          ; work         ;
;    |memwb_latch:memwb_latch1|             ; 102 (102)     ; 102 (102)                 ; 0 (0)         ; 0           ; 0    ; 0            ; 0       ; 0         ; 0    ; 0            ; 0 (0)        ; 2 (2)             ; 100 (100)        ; |segmentado|memwb_latch:memwb_latch1                                                      ; memwb_latch     ; work         ;
;    |muxrs:muxrs1|                         ; 66 (66)       ; 0 (0)                     ; 0 (0)         ; 0           ; 0    ; 0            ; 0       ; 0         ; 0    ; 0            ; 50 (50)      ; 0 (0)             ; 16 (16)          ; |segmentado|muxrs:muxrs1                                                                  ; muxrs           ; work         ;
;    |muxrs:muxrs2|                         ; 96 (96)       ; 0 (0)                     ; 0 (0)         ; 0           ; 0    ; 0            ; 0       ; 0         ; 0    ; 0            ; 57 (57)      ; 0 (0)             ; 39 (39)          ; |segmentado|muxrs:muxrs2                                                                  ; muxrs           ; work         ;
;    |regfile:register_read_stg|            ; 241 (241)     ; 152 (152)                 ; 0 (0)         ; 2048        ; 2    ; 0            ; 0       ; 0         ; 0    ; 0            ; 35 (35)      ; 13 (13)           ; 193 (193)        ; |segmentado|regfile:register_read_stg                                                     ; regfile         ; work         ;
;       |altsyncram:GPR_rtl_0|              ; 0 (0)         ; 0 (0)                     ; 0 (0)         ; 1024        ; 1    ; 0            ; 0       ; 0         ; 0    ; 0            ; 0 (0)        ; 0 (0)             ; 0 (0)            ; |segmentado|regfile:register_read_stg|altsyncram:GPR_rtl_0                                ; altsyncram      ; work         ;
;          |altsyncram_uni1:auto_generated| ; 0 (0)         ; 0 (0)                     ; 0 (0)         ; 1024        ; 1    ; 0            ; 0       ; 0         ; 0    ; 0            ; 0 (0)        ; 0 (0)             ; 0 (0)            ; |segmentado|regfile:register_read_stg|altsyncram:GPR_rtl_0|altsyncram_uni1:auto_generated ; altsyncram_uni1 ; work         ;
;       |altsyncram:GPR_rtl_1|              ; 0 (0)         ; 0 (0)                     ; 0 (0)         ; 1024        ; 1    ; 0            ; 0       ; 0         ; 0    ; 0            ; 0 (0)        ; 0 (0)             ; 0 (0)            ; |segmentado|regfile:register_read_stg|altsyncram:GPR_rtl_1                                ; altsyncram      ; work         ;
;          |altsyncram_uni1:auto_generated| ; 0 (0)         ; 0 (0)                     ; 0 (0)         ; 1024        ; 1    ; 0            ; 0       ; 0         ; 0    ; 0            ; 0 (0)        ; 0 (0)             ; 0 (0)            ; |segmentado|regfile:register_read_stg|altsyncram:GPR_rtl_1|altsyncram_uni1:auto_generated ; altsyncram_uni1 ; work         ;
;    |rfex_latch:rfex_latch1|               ; 109 (109)     ; 108 (108)                 ; 0 (0)         ; 0           ; 0    ; 0            ; 0       ; 0         ; 0    ; 0            ; 1 (1)        ; 12 (12)           ; 96 (96)          ; |segmentado|rfex_latch:rfex_latch1                                                        ; rfex_latch      ; work         ;
;    |sign_ext:sign_ext_stage|              ; 77 (77)       ; 0 (0)                     ; 0 (0)         ; 0           ; 0    ; 0            ; 0       ; 0         ; 0    ; 0            ; 50 (50)      ; 0 (0)             ; 27 (27)          ; |segmentado|sign_ext:sign_ext_stage                                                       ; sign_ext        ; work         ;
+-------------------------------------------+---------------+---------------------------+---------------+-------------+------+--------------+---------+-----------+------+--------------+--------------+-------------------+------------------+-------------------------------------------------------------------------------------------+-----------------+--------------+
Note: For table entries with two numbers listed, the numbers in parentheses indicate the number of resources of the given type used by the specific entity alone. The numbers listed outside of parentheses indicate the total resources of the given type used by the specific entity and all of its sub-entities in the hierarchy.


+-----------------------------------------------------------------------------------------------+
; Delay Chain Summary                                                                           ;
+---------------+----------+---------------+---------------+-----------------------+-----+------+
; Name          ; Pin Type ; Pad to Core 0 ; Pad to Core 1 ; Pad to Input Register ; TCO ; TCOE ;
+---------------+----------+---------------+---------------+-----------------------+-----+------+
; monitor_o[0]  ; Output   ; --            ; --            ; --                    ; --  ; --   ;
; monitor_o[1]  ; Output   ; --            ; --            ; --                    ; --  ; --   ;
; monitor_o[2]  ; Output   ; --            ; --            ; --                    ; --  ; --   ;
; monitor_o[3]  ; Output   ; --            ; --            ; --                    ; --  ; --   ;
; monitor_o[4]  ; Output   ; --            ; --            ; --                    ; --  ; --   ;
; monitor_o[5]  ; Output   ; --            ; --            ; --                    ; --  ; --   ;
; monitor_o[6]  ; Output   ; --            ; --            ; --                    ; --  ; --   ;
; monitor_o[7]  ; Output   ; --            ; --            ; --                    ; --  ; --   ;
; monitor_o[8]  ; Output   ; --            ; --            ; --                    ; --  ; --   ;
; monitor_o[9]  ; Output   ; --            ; --            ; --                    ; --  ; --   ;
; monitor_o[10] ; Output   ; --            ; --            ; --                    ; --  ; --   ;
; monitor_o[11] ; Output   ; --            ; --            ; --                    ; --  ; --   ;
; monitor_o[12] ; Output   ; --            ; --            ; --                    ; --  ; --   ;
; monitor_o[13] ; Output   ; --            ; --            ; --                    ; --  ; --   ;
; monitor_o[14] ; Output   ; --            ; --            ; --                    ; --  ; --   ;
; monitor_o[15] ; Output   ; --            ; --            ; --                    ; --  ; --   ;
; monitor_o[16] ; Output   ; --            ; --            ; --                    ; --  ; --   ;
; monitor_o[17] ; Output   ; --            ; --            ; --                    ; --  ; --   ;
; monitor_o[18] ; Output   ; --            ; --            ; --                    ; --  ; --   ;
; monitor_o[19] ; Output   ; --            ; --            ; --                    ; --  ; --   ;
; monitor_o[20] ; Output   ; --            ; --            ; --                    ; --  ; --   ;
; monitor_o[21] ; Output   ; --            ; --            ; --                    ; --  ; --   ;
; monitor_o[22] ; Output   ; --            ; --            ; --                    ; --  ; --   ;
; monitor_o[23] ; Output   ; --            ; --            ; --                    ; --  ; --   ;
; monitor_o[24] ; Output   ; --            ; --            ; --                    ; --  ; --   ;
; monitor_o[25] ; Output   ; --            ; --            ; --                    ; --  ; --   ;
; monitor_o[26] ; Output   ; --            ; --            ; --                    ; --  ; --   ;
; monitor_o[27] ; Output   ; --            ; --            ; --                    ; --  ; --   ;
; monitor_o[28] ; Output   ; --            ; --            ; --                    ; --  ; --   ;
; monitor_o[29] ; Output   ; --            ; --            ; --                    ; --  ; --   ;
; monitor_o[30] ; Output   ; --            ; --            ; --                    ; --  ; --   ;
; monitor_o[31] ; Output   ; --            ; --            ; --                    ; --  ; --   ;
; monitor_o[32] ; Output   ; --            ; --            ; --                    ; --  ; --   ;
; monitor_o[33] ; Output   ; --            ; --            ; --                    ; --  ; --   ;
; monitor_o[34] ; Output   ; --            ; --            ; --                    ; --  ; --   ;
; monitor_o[35] ; Output   ; --            ; --            ; --                    ; --  ; --   ;
; monitor_o[36] ; Output   ; --            ; --            ; --                    ; --  ; --   ;
; monitor_o[37] ; Output   ; --            ; --            ; --                    ; --  ; --   ;
; monitor_o[38] ; Output   ; --            ; --            ; --                    ; --  ; --   ;
; monitor_o[39] ; Output   ; --            ; --            ; --                    ; --  ; --   ;
; monitor_o[40] ; Output   ; --            ; --            ; --                    ; --  ; --   ;
; monitor_o[41] ; Output   ; --            ; --            ; --                    ; --  ; --   ;
; monitor_o[42] ; Output   ; --            ; --            ; --                    ; --  ; --   ;
; monitor_o[43] ; Output   ; --            ; --            ; --                    ; --  ; --   ;
; monitor_o[44] ; Output   ; --            ; --            ; --                    ; --  ; --   ;
; monitor_o[45] ; Output   ; --            ; --            ; --                    ; --  ; --   ;
; monitor_o[46] ; Output   ; --            ; --            ; --                    ; --  ; --   ;
; monitor_o[47] ; Output   ; --            ; --            ; --                    ; --  ; --   ;
; monitor_o[48] ; Output   ; --            ; --            ; --                    ; --  ; --   ;
; monitor_o[49] ; Output   ; --            ; --            ; --                    ; --  ; --   ;
; monitor_o[50] ; Output   ; --            ; --            ; --                    ; --  ; --   ;
; monitor_o[51] ; Output   ; --            ; --            ; --                    ; --  ; --   ;
; monitor_o[52] ; Output   ; --            ; --            ; --                    ; --  ; --   ;
; monitor_o[53] ; Output   ; --            ; --            ; --                    ; --  ; --   ;
; monitor_o[54] ; Output   ; --            ; --            ; --                    ; --  ; --   ;
; monitor_o[55] ; Output   ; --            ; --            ; --                    ; --  ; --   ;
; monitor_o[56] ; Output   ; --            ; --            ; --                    ; --  ; --   ;
; monitor_o[57] ; Output   ; --            ; --            ; --                    ; --  ; --   ;
; monitor_o[58] ; Output   ; --            ; --            ; --                    ; --  ; --   ;
; monitor_o[59] ; Output   ; --            ; --            ; --                    ; --  ; --   ;
; monitor_o[60] ; Output   ; --            ; --            ; --                    ; --  ; --   ;
; monitor_o[61] ; Output   ; --            ; --            ; --                    ; --  ; --   ;
; monitor_o[62] ; Output   ; --            ; --            ; --                    ; --  ; --   ;
; monitor_o[63] ; Output   ; --            ; --            ; --                    ; --  ; --   ;
; clk_i         ; Input    ; (0) 0 ps      ; --            ; --                    ; --  ; --   ;
; rst_ni        ; Input    ; (6) 1314 ps   ; --            ; --                    ; --  ; --   ;
+---------------+----------+---------------+---------------+-----------------------+-----+------+


+-------------------------------------------------------------------------------------+
; Pad To Core Delay Chain Fanout                                                      ;
+-------------------------------------------------------+-------------------+---------+
; Source Pin / Fanout                                   ; Pad To Core Index ; Setting ;
+-------------------------------------------------------+-------------------+---------+
; clk_i                                                 ;                   ;         ;
; rst_ni                                                ;                   ;         ;
;      - exmem_latch:exmem_latch1|exmem_MEM_Reg_o       ; 0                 ; 6       ;
;      - exmem_latch:exmem_latch1|exmem_res_o[3]        ; 0                 ; 6       ;
;      - exmem_latch:exmem_latch1|exmem_res_o[4]        ; 0                 ; 6       ;
;      - exmem_latch:exmem_latch1|exmem_res_o[5]        ; 0                 ; 6       ;
;      - exmem_latch:exmem_latch1|exmem_res_o[6]        ; 0                 ; 6       ;
;      - exmem_latch:exmem_latch1|exmem_res_o[7]        ; 0                 ; 6       ;
;      - exmem_latch:exmem_latch1|exmem_res_o[8]        ; 0                 ; 6       ;
;      - exmem_latch:exmem_latch1|exmem_res_o[9]        ; 0                 ; 6       ;
;      - exmem_latch:exmem_latch1|exmem_res_o[10]       ; 0                 ; 6       ;
;      - exmem_latch:exmem_latch1|exmem_res_o[12]       ; 0                 ; 6       ;
;      - exmem_latch:exmem_latch1|exmem_res_o[13]       ; 0                 ; 6       ;
;      - exmem_latch:exmem_latch1|exmem_res_o[14]       ; 0                 ; 6       ;
;      - exmem_latch:exmem_latch1|exmem_res_o[15]       ; 0                 ; 6       ;
;      - exmem_latch:exmem_latch1|exmem_res_o[16]       ; 0                 ; 6       ;
;      - exmem_latch:exmem_latch1|exmem_res_o[17]       ; 0                 ; 6       ;
;      - exmem_latch:exmem_latch1|exmem_res_o[18]       ; 0                 ; 6       ;
;      - exmem_latch:exmem_latch1|exmem_res_o[19]       ; 0                 ; 6       ;
;      - exmem_latch:exmem_latch1|exmem_res_o[20]       ; 0                 ; 6       ;
;      - exmem_latch:exmem_latch1|exmem_res_o[21]       ; 0                 ; 6       ;
;      - exmem_latch:exmem_latch1|exmem_res_o[22]       ; 0                 ; 6       ;
;      - exmem_latch:exmem_latch1|exmem_res_o[23]       ; 0                 ; 6       ;
;      - exmem_latch:exmem_latch1|exmem_res_o[24]       ; 0                 ; 6       ;
;      - exmem_latch:exmem_latch1|exmem_res_o[25]       ; 0                 ; 6       ;
;      - exmem_latch:exmem_latch1|exmem_res_o[26]       ; 0                 ; 6       ;
;      - exmem_latch:exmem_latch1|exmem_res_o[27]       ; 0                 ; 6       ;
;      - exmem_latch:exmem_latch1|exmem_res_o[28]       ; 0                 ; 6       ;
;      - exmem_latch:exmem_latch1|exmem_res_o[29]       ; 0                 ; 6       ;
;      - exmem_latch:exmem_latch1|exmem_res_o[30]       ; 0                 ; 6       ;
;      - exmem_latch:exmem_latch1|exmem_res_o[31]       ; 0                 ; 6       ;
;      - exmem_latch:exmem_latch1|exmem_res_o[32]       ; 0                 ; 6       ;
;      - exmem_latch:exmem_latch1|exmem_res_o[33]       ; 0                 ; 6       ;
;      - exmem_latch:exmem_latch1|exmem_res_o[34]       ; 0                 ; 6       ;
;      - exmem_latch:exmem_latch1|exmem_res_o[35]       ; 0                 ; 6       ;
;      - exmem_latch:exmem_latch1|exmem_res_o[36]       ; 0                 ; 6       ;
;      - exmem_latch:exmem_latch1|exmem_res_o[37]       ; 0                 ; 6       ;
;      - exmem_latch:exmem_latch1|exmem_res_o[38]       ; 0                 ; 6       ;
;      - exmem_latch:exmem_latch1|exmem_res_o[39]       ; 0                 ; 6       ;
;      - exmem_latch:exmem_latch1|exmem_res_o[40]       ; 0                 ; 6       ;
;      - dcache:memaccess_stage|valid[0]                ; 0                 ; 6       ;
;      - dcache:memaccess_stage|valid[1]                ; 0                 ; 6       ;
;      - dcache:memaccess_stage|valid[2]                ; 0                 ; 6       ;
;      - dcache:memaccess_stage|valid[3]                ; 0                 ; 6       ;
;      - dcache:memaccess_stage|valid[4]                ; 0                 ; 6       ;
;      - dcache:memaccess_stage|valid[5]                ; 0                 ; 6       ;
;      - dcache:memaccess_stage|valid[6]                ; 0                 ; 6       ;
;      - dcache:memaccess_stage|valid[7]                ; 0                 ; 6       ;
;      - dcache:memaccess_stage|valid[8]                ; 0                 ; 6       ;
;      - dcache:memaccess_stage|valid[9]                ; 0                 ; 6       ;
;      - dcache:memaccess_stage|valid[10]               ; 0                 ; 6       ;
;      - dcache:memaccess_stage|valid[11]               ; 0                 ; 6       ;
;      - dcache:memaccess_stage|valid[12]               ; 0                 ; 6       ;
;      - dcache:memaccess_stage|valid[13]               ; 0                 ; 6       ;
;      - dcache:memaccess_stage|valid[14]               ; 0                 ; 6       ;
;      - dcache:memaccess_stage|valid[15]               ; 0                 ; 6       ;
;      - dcache:memaccess_stage|valid[16]               ; 0                 ; 6       ;
;      - dcache:memaccess_stage|valid[17]               ; 0                 ; 6       ;
;      - dcache:memaccess_stage|valid[18]               ; 0                 ; 6       ;
;      - dcache:memaccess_stage|valid[19]               ; 0                 ; 6       ;
;      - dcache:memaccess_stage|valid[20]               ; 0                 ; 6       ;
;      - dcache:memaccess_stage|valid[21]               ; 0                 ; 6       ;
;      - dcache:memaccess_stage|valid[22]               ; 0                 ; 6       ;
;      - dcache:memaccess_stage|valid[23]               ; 0                 ; 6       ;
;      - dcache:memaccess_stage|valid[24]               ; 0                 ; 6       ;
;      - dcache:memaccess_stage|valid[25]               ; 0                 ; 6       ;
;      - dcache:memaccess_stage|valid[26]               ; 0                 ; 6       ;
;      - dcache:memaccess_stage|valid[27]               ; 0                 ; 6       ;
;      - dcache:memaccess_stage|valid[28]               ; 0                 ; 6       ;
;      - dcache:memaccess_stage|valid[29]               ; 0                 ; 6       ;
;      - dcache:memaccess_stage|valid[30]               ; 0                 ; 6       ;
;      - dcache:memaccess_stage|valid[31]               ; 0                 ; 6       ;
;      - dcache:memaccess_stage|valid[32]               ; 0                 ; 6       ;
;      - dcache:memaccess_stage|valid[33]               ; 0                 ; 6       ;
;      - dcache:memaccess_stage|valid[34]               ; 0                 ; 6       ;
;      - dcache:memaccess_stage|valid[35]               ; 0                 ; 6       ;
;      - dcache:memaccess_stage|valid[36]               ; 0                 ; 6       ;
;      - dcache:memaccess_stage|valid[37]               ; 0                 ; 6       ;
;      - dcache:memaccess_stage|valid[38]               ; 0                 ; 6       ;
;      - dcache:memaccess_stage|valid[39]               ; 0                 ; 6       ;
;      - dcache:memaccess_stage|valid[40]               ; 0                 ; 6       ;
;      - dcache:memaccess_stage|valid[41]               ; 0                 ; 6       ;
;      - dcache:memaccess_stage|valid[42]               ; 0                 ; 6       ;
;      - dcache:memaccess_stage|valid[43]               ; 0                 ; 6       ;
;      - dcache:memaccess_stage|valid[44]               ; 0                 ; 6       ;
;      - dcache:memaccess_stage|valid[45]               ; 0                 ; 6       ;
;      - dcache:memaccess_stage|valid[46]               ; 0                 ; 6       ;
;      - dcache:memaccess_stage|valid[47]               ; 0                 ; 6       ;
;      - dcache:memaccess_stage|valid[48]               ; 0                 ; 6       ;
;      - dcache:memaccess_stage|valid[49]               ; 0                 ; 6       ;
;      - dcache:memaccess_stage|valid[50]               ; 0                 ; 6       ;
;      - dcache:memaccess_stage|valid[51]               ; 0                 ; 6       ;
;      - dcache:memaccess_stage|valid[52]               ; 0                 ; 6       ;
;      - dcache:memaccess_stage|valid[53]               ; 0                 ; 6       ;
;      - dcache:memaccess_stage|valid[54]               ; 0                 ; 6       ;
;      - dcache:memaccess_stage|valid[55]               ; 0                 ; 6       ;
;      - dcache:memaccess_stage|valid[56]               ; 0                 ; 6       ;
;      - dcache:memaccess_stage|valid[57]               ; 0                 ; 6       ;
;      - dcache:memaccess_stage|valid[58]               ; 0                 ; 6       ;
;      - dcache:memaccess_stage|valid[59]               ; 0                 ; 6       ;
;      - dcache:memaccess_stage|valid[60]               ; 0                 ; 6       ;
;      - dcache:memaccess_stage|valid[61]               ; 0                 ; 6       ;
;      - dcache:memaccess_stage|valid[62]               ; 0                 ; 6       ;
;      - dcache:memaccess_stage|valid[63]               ; 0                 ; 6       ;
;      - dcache:memaccess_stage|valid[64]               ; 0                 ; 6       ;
;      - dcache:memaccess_stage|valid[65]               ; 0                 ; 6       ;
;      - dcache:memaccess_stage|valid[66]               ; 0                 ; 6       ;
;      - dcache:memaccess_stage|valid[67]               ; 0                 ; 6       ;
;      - dcache:memaccess_stage|valid[68]               ; 0                 ; 6       ;
;      - dcache:memaccess_stage|valid[69]               ; 0                 ; 6       ;
;      - dcache:memaccess_stage|valid[70]               ; 0                 ; 6       ;
;      - dcache:memaccess_stage|valid[71]               ; 0                 ; 6       ;
;      - dcache:memaccess_stage|valid[72]               ; 0                 ; 6       ;
;      - dcache:memaccess_stage|valid[73]               ; 0                 ; 6       ;
;      - dcache:memaccess_stage|valid[74]               ; 0                 ; 6       ;
;      - dcache:memaccess_stage|valid[75]               ; 0                 ; 6       ;
;      - dcache:memaccess_stage|valid[76]               ; 0                 ; 6       ;
;      - dcache:memaccess_stage|valid[77]               ; 0                 ; 6       ;
;      - dcache:memaccess_stage|valid[78]               ; 0                 ; 6       ;
;      - dcache:memaccess_stage|valid[79]               ; 0                 ; 6       ;
;      - dcache:memaccess_stage|valid[80]               ; 0                 ; 6       ;
;      - dcache:memaccess_stage|valid[81]               ; 0                 ; 6       ;
;      - dcache:memaccess_stage|valid[82]               ; 0                 ; 6       ;
;      - dcache:memaccess_stage|valid[83]               ; 0                 ; 6       ;
;      - dcache:memaccess_stage|valid[84]               ; 0                 ; 6       ;
;      - dcache:memaccess_stage|valid[85]               ; 0                 ; 6       ;
;      - dcache:memaccess_stage|valid[86]               ; 0                 ; 6       ;
;      - dcache:memaccess_stage|valid[87]               ; 0                 ; 6       ;
;      - dcache:memaccess_stage|valid[88]               ; 0                 ; 6       ;
;      - dcache:memaccess_stage|valid[89]               ; 0                 ; 6       ;
;      - dcache:memaccess_stage|valid[90]               ; 0                 ; 6       ;
;      - dcache:memaccess_stage|valid[91]               ; 0                 ; 6       ;
;      - dcache:memaccess_stage|valid[92]               ; 0                 ; 6       ;
;      - dcache:memaccess_stage|valid[93]               ; 0                 ; 6       ;
;      - dcache:memaccess_stage|valid[94]               ; 0                 ; 6       ;
;      - dcache:memaccess_stage|valid[95]               ; 0                 ; 6       ;
;      - dcache:memaccess_stage|valid[96]               ; 0                 ; 6       ;
;      - dcache:memaccess_stage|valid[97]               ; 0                 ; 6       ;
;      - dcache:memaccess_stage|valid[98]               ; 0                 ; 6       ;
;      - dcache:memaccess_stage|valid[99]               ; 0                 ; 6       ;
;      - dcache:memaccess_stage|valid[100]              ; 0                 ; 6       ;
;      - dcache:memaccess_stage|valid[101]              ; 0                 ; 6       ;
;      - dcache:memaccess_stage|valid[102]              ; 0                 ; 6       ;
;      - dcache:memaccess_stage|valid[103]              ; 0                 ; 6       ;
;      - dcache:memaccess_stage|valid[104]              ; 0                 ; 6       ;
;      - dcache:memaccess_stage|valid[105]              ; 0                 ; 6       ;
;      - dcache:memaccess_stage|valid[106]              ; 0                 ; 6       ;
;      - dcache:memaccess_stage|valid[107]              ; 0                 ; 6       ;
;      - dcache:memaccess_stage|valid[108]              ; 0                 ; 6       ;
;      - dcache:memaccess_stage|valid[109]              ; 0                 ; 6       ;
;      - dcache:memaccess_stage|valid[110]              ; 0                 ; 6       ;
;      - dcache:memaccess_stage|valid[111]              ; 0                 ; 6       ;
;      - dcache:memaccess_stage|valid[112]              ; 0                 ; 6       ;
;      - dcache:memaccess_stage|valid[113]              ; 0                 ; 6       ;
;      - dcache:memaccess_stage|valid[114]              ; 0                 ; 6       ;
;      - dcache:memaccess_stage|valid[115]              ; 0                 ; 6       ;
;      - dcache:memaccess_stage|valid[116]              ; 0                 ; 6       ;
;      - dcache:memaccess_stage|valid[117]              ; 0                 ; 6       ;
;      - dcache:memaccess_stage|valid[118]              ; 0                 ; 6       ;
;      - dcache:memaccess_stage|valid[119]              ; 0                 ; 6       ;
;      - dcache:memaccess_stage|valid[120]              ; 0                 ; 6       ;
;      - dcache:memaccess_stage|valid[121]              ; 0                 ; 6       ;
;      - dcache:memaccess_stage|valid[122]              ; 0                 ; 6       ;
;      - dcache:memaccess_stage|valid[123]              ; 0                 ; 6       ;
;      - dcache:memaccess_stage|valid[124]              ; 0                 ; 6       ;
;      - dcache:memaccess_stage|valid[125]              ; 0                 ; 6       ;
;      - dcache:memaccess_stage|valid[126]              ; 0                 ; 6       ;
;      - dcache:memaccess_stage|valid[127]              ; 0                 ; 6       ;
;      - dcache:memaccess_stage|valid[128]              ; 0                 ; 6       ;
;      - dcache:memaccess_stage|valid[129]              ; 0                 ; 6       ;
;      - dcache:memaccess_stage|valid[130]              ; 0                 ; 6       ;
;      - dcache:memaccess_stage|valid[131]              ; 0                 ; 6       ;
;      - dcache:memaccess_stage|valid[132]              ; 0                 ; 6       ;
;      - dcache:memaccess_stage|valid[133]              ; 0                 ; 6       ;
;      - dcache:memaccess_stage|valid[134]              ; 0                 ; 6       ;
;      - dcache:memaccess_stage|valid[135]              ; 0                 ; 6       ;
;      - dcache:memaccess_stage|valid[136]              ; 0                 ; 6       ;
;      - dcache:memaccess_stage|valid[137]              ; 0                 ; 6       ;
;      - dcache:memaccess_stage|valid[138]              ; 0                 ; 6       ;
;      - dcache:memaccess_stage|valid[139]              ; 0                 ; 6       ;
;      - dcache:memaccess_stage|valid[140]              ; 0                 ; 6       ;
;      - dcache:memaccess_stage|valid[141]              ; 0                 ; 6       ;
;      - dcache:memaccess_stage|valid[142]              ; 0                 ; 6       ;
;      - dcache:memaccess_stage|valid[143]              ; 0                 ; 6       ;
;      - dcache:memaccess_stage|valid[144]              ; 0                 ; 6       ;
;      - dcache:memaccess_stage|valid[145]              ; 0                 ; 6       ;
;      - dcache:memaccess_stage|valid[146]              ; 0                 ; 6       ;
;      - dcache:memaccess_stage|valid[147]              ; 0                 ; 6       ;
;      - dcache:memaccess_stage|valid[148]              ; 0                 ; 6       ;
;      - dcache:memaccess_stage|valid[149]              ; 0                 ; 6       ;
;      - dcache:memaccess_stage|valid[150]              ; 0                 ; 6       ;
;      - dcache:memaccess_stage|valid[151]              ; 0                 ; 6       ;
;      - dcache:memaccess_stage|valid[152]              ; 0                 ; 6       ;
;      - dcache:memaccess_stage|valid[153]              ; 0                 ; 6       ;
;      - dcache:memaccess_stage|valid[154]              ; 0                 ; 6       ;
;      - dcache:memaccess_stage|valid[155]              ; 0                 ; 6       ;
;      - dcache:memaccess_stage|valid[156]              ; 0                 ; 6       ;
;      - dcache:memaccess_stage|valid[157]              ; 0                 ; 6       ;
;      - dcache:memaccess_stage|valid[158]              ; 0                 ; 6       ;
;      - dcache:memaccess_stage|valid[159]              ; 0                 ; 6       ;
;      - dcache:memaccess_stage|valid[160]              ; 0                 ; 6       ;
;      - dcache:memaccess_stage|valid[161]              ; 0                 ; 6       ;
;      - dcache:memaccess_stage|valid[162]              ; 0                 ; 6       ;
;      - dcache:memaccess_stage|valid[163]              ; 0                 ; 6       ;
;      - dcache:memaccess_stage|valid[164]              ; 0                 ; 6       ;
;      - dcache:memaccess_stage|valid[165]              ; 0                 ; 6       ;
;      - dcache:memaccess_stage|valid[166]              ; 0                 ; 6       ;
;      - dcache:memaccess_stage|valid[167]              ; 0                 ; 6       ;
;      - dcache:memaccess_stage|valid[168]              ; 0                 ; 6       ;
;      - dcache:memaccess_stage|valid[169]              ; 0                 ; 6       ;
;      - dcache:memaccess_stage|valid[170]              ; 0                 ; 6       ;
;      - dcache:memaccess_stage|valid[171]              ; 0                 ; 6       ;
;      - dcache:memaccess_stage|valid[172]              ; 0                 ; 6       ;
;      - dcache:memaccess_stage|valid[173]              ; 0                 ; 6       ;
;      - dcache:memaccess_stage|valid[174]              ; 0                 ; 6       ;
;      - dcache:memaccess_stage|valid[175]              ; 0                 ; 6       ;
;      - dcache:memaccess_stage|valid[176]              ; 0                 ; 6       ;
;      - dcache:memaccess_stage|valid[177]              ; 0                 ; 6       ;
;      - dcache:memaccess_stage|valid[178]              ; 0                 ; 6       ;
;      - dcache:memaccess_stage|valid[179]              ; 0                 ; 6       ;
;      - dcache:memaccess_stage|valid[180]              ; 0                 ; 6       ;
;      - dcache:memaccess_stage|valid[181]              ; 0                 ; 6       ;
;      - dcache:memaccess_stage|valid[182]              ; 0                 ; 6       ;
;      - dcache:memaccess_stage|valid[183]              ; 0                 ; 6       ;
;      - dcache:memaccess_stage|valid[184]              ; 0                 ; 6       ;
;      - dcache:memaccess_stage|valid[185]              ; 0                 ; 6       ;
;      - dcache:memaccess_stage|valid[186]              ; 0                 ; 6       ;
;      - dcache:memaccess_stage|valid[187]              ; 0                 ; 6       ;
;      - dcache:memaccess_stage|valid[188]              ; 0                 ; 6       ;
;      - dcache:memaccess_stage|valid[189]              ; 0                 ; 6       ;
;      - dcache:memaccess_stage|valid[190]              ; 0                 ; 6       ;
;      - dcache:memaccess_stage|valid[191]              ; 0                 ; 6       ;
;      - dcache:memaccess_stage|valid[192]              ; 0                 ; 6       ;
;      - dcache:memaccess_stage|valid[193]              ; 0                 ; 6       ;
;      - dcache:memaccess_stage|valid[194]              ; 0                 ; 6       ;
;      - dcache:memaccess_stage|valid[195]              ; 0                 ; 6       ;
;      - dcache:memaccess_stage|valid[196]              ; 0                 ; 6       ;
;      - dcache:memaccess_stage|valid[197]              ; 0                 ; 6       ;
;      - dcache:memaccess_stage|valid[198]              ; 0                 ; 6       ;
;      - dcache:memaccess_stage|valid[199]              ; 0                 ; 6       ;
;      - dcache:memaccess_stage|valid[200]              ; 0                 ; 6       ;
;      - dcache:memaccess_stage|valid[201]              ; 0                 ; 6       ;
;      - dcache:memaccess_stage|valid[202]              ; 0                 ; 6       ;
;      - dcache:memaccess_stage|valid[203]              ; 0                 ; 6       ;
;      - dcache:memaccess_stage|valid[204]              ; 0                 ; 6       ;
;      - dcache:memaccess_stage|valid[205]              ; 0                 ; 6       ;
;      - dcache:memaccess_stage|valid[206]              ; 0                 ; 6       ;
;      - dcache:memaccess_stage|valid[207]              ; 0                 ; 6       ;
;      - dcache:memaccess_stage|valid[208]              ; 0                 ; 6       ;
;      - dcache:memaccess_stage|valid[209]              ; 0                 ; 6       ;
;      - dcache:memaccess_stage|valid[210]              ; 0                 ; 6       ;
;      - dcache:memaccess_stage|valid[211]              ; 0                 ; 6       ;
;      - dcache:memaccess_stage|valid[212]              ; 0                 ; 6       ;
;      - dcache:memaccess_stage|valid[213]              ; 0                 ; 6       ;
;      - dcache:memaccess_stage|valid[214]              ; 0                 ; 6       ;
;      - dcache:memaccess_stage|valid[215]              ; 0                 ; 6       ;
;      - dcache:memaccess_stage|valid[216]              ; 0                 ; 6       ;
;      - dcache:memaccess_stage|valid[217]              ; 0                 ; 6       ;
;      - dcache:memaccess_stage|valid[218]              ; 0                 ; 6       ;
;      - dcache:memaccess_stage|valid[219]              ; 0                 ; 6       ;
;      - dcache:memaccess_stage|valid[220]              ; 0                 ; 6       ;
;      - dcache:memaccess_stage|valid[221]              ; 0                 ; 6       ;
;      - dcache:memaccess_stage|valid[222]              ; 0                 ; 6       ;
;      - dcache:memaccess_stage|valid[223]              ; 0                 ; 6       ;
;      - dcache:memaccess_stage|valid[224]              ; 0                 ; 6       ;
;      - dcache:memaccess_stage|valid[225]              ; 0                 ; 6       ;
;      - dcache:memaccess_stage|valid[226]              ; 0                 ; 6       ;
;      - dcache:memaccess_stage|valid[227]              ; 0                 ; 6       ;
;      - dcache:memaccess_stage|valid[228]              ; 0                 ; 6       ;
;      - dcache:memaccess_stage|valid[229]              ; 0                 ; 6       ;
;      - dcache:memaccess_stage|valid[230]              ; 0                 ; 6       ;
;      - dcache:memaccess_stage|valid[231]              ; 0                 ; 6       ;
;      - dcache:memaccess_stage|valid[232]              ; 0                 ; 6       ;
;      - dcache:memaccess_stage|valid[233]              ; 0                 ; 6       ;
;      - dcache:memaccess_stage|valid[234]              ; 0                 ; 6       ;
;      - dcache:memaccess_stage|valid[235]              ; 0                 ; 6       ;
;      - dcache:memaccess_stage|valid[236]              ; 0                 ; 6       ;
;      - dcache:memaccess_stage|valid[237]              ; 0                 ; 6       ;
;      - dcache:memaccess_stage|valid[238]              ; 0                 ; 6       ;
;      - dcache:memaccess_stage|valid[239]              ; 0                 ; 6       ;
;      - dcache:memaccess_stage|valid[240]              ; 0                 ; 6       ;
;      - dcache:memaccess_stage|valid[241]              ; 0                 ; 6       ;
;      - dcache:memaccess_stage|valid[242]              ; 0                 ; 6       ;
;      - dcache:memaccess_stage|valid[243]              ; 0                 ; 6       ;
;      - dcache:memaccess_stage|valid[244]              ; 0                 ; 6       ;
;      - dcache:memaccess_stage|valid[245]              ; 0                 ; 6       ;
;      - dcache:memaccess_stage|valid[246]              ; 0                 ; 6       ;
;      - dcache:memaccess_stage|valid[247]              ; 0                 ; 6       ;
;      - dcache:memaccess_stage|valid[248]              ; 0                 ; 6       ;
;      - dcache:memaccess_stage|valid[249]              ; 0                 ; 6       ;
;      - dcache:memaccess_stage|valid[250]              ; 0                 ; 6       ;
;      - dcache:memaccess_stage|valid[251]              ; 0                 ; 6       ;
;      - dcache:memaccess_stage|valid[252]              ; 0                 ; 6       ;
;      - dcache:memaccess_stage|valid[253]              ; 0                 ; 6       ;
;      - dcache:memaccess_stage|valid[254]              ; 0                 ; 6       ;
;      - dcache:memaccess_stage|valid[255]              ; 0                 ; 6       ;
;      - memwb_latch:memwb_latch1|mem_dato_o[0]         ; 0                 ; 6       ;
;      - memwb_latch:memwb_latch1|mem_dato_o[1]         ; 0                 ; 6       ;
;      - memwb_latch:memwb_latch1|mem_dato_o[2]         ; 0                 ; 6       ;
;      - memwb_latch:memwb_latch1|mem_dato_o[3]         ; 0                 ; 6       ;
;      - memwb_latch:memwb_latch1|mem_dato_o[4]         ; 0                 ; 6       ;
;      - memwb_latch:memwb_latch1|mem_dato_o[5]         ; 0                 ; 6       ;
;      - memwb_latch:memwb_latch1|mem_dato_o[6]         ; 0                 ; 6       ;
;      - memwb_latch:memwb_latch1|mem_dato_o[7]         ; 0                 ; 6       ;
;      - memwb_latch:memwb_latch1|mem_dato_o[8]         ; 0                 ; 6       ;
;      - memwb_latch:memwb_latch1|mem_dato_o[9]         ; 0                 ; 6       ;
;      - memwb_latch:memwb_latch1|mem_dato_o[10]        ; 0                 ; 6       ;
;      - memwb_latch:memwb_latch1|mem_dato_o[11]        ; 0                 ; 6       ;
;      - memwb_latch:memwb_latch1|mem_dato_o[12]        ; 0                 ; 6       ;
;      - memwb_latch:memwb_latch1|mem_dato_o[13]        ; 0                 ; 6       ;
;      - memwb_latch:memwb_latch1|mem_dato_o[14]        ; 0                 ; 6       ;
;      - memwb_latch:memwb_latch1|mem_dato_o[15]        ; 0                 ; 6       ;
;      - memwb_latch:memwb_latch1|mem_dato_o[16]        ; 0                 ; 6       ;
;      - memwb_latch:memwb_latch1|mem_dato_o[17]        ; 0                 ; 6       ;
;      - memwb_latch:memwb_latch1|mem_dato_o[18]        ; 0                 ; 6       ;
;      - memwb_latch:memwb_latch1|mem_dato_o[19]        ; 0                 ; 6       ;
;      - memwb_latch:memwb_latch1|mem_dato_o[20]        ; 0                 ; 6       ;
;      - memwb_latch:memwb_latch1|mem_dato_o[21]        ; 0                 ; 6       ;
;      - memwb_latch:memwb_latch1|mem_dato_o[22]        ; 0                 ; 6       ;
;      - memwb_latch:memwb_latch1|mem_dato_o[23]        ; 0                 ; 6       ;
;      - memwb_latch:memwb_latch1|mem_dato_o[24]        ; 0                 ; 6       ;
;      - memwb_latch:memwb_latch1|mem_dato_o[25]        ; 0                 ; 6       ;
;      - memwb_latch:memwb_latch1|mem_dato_o[26]        ; 0                 ; 6       ;
;      - memwb_latch:memwb_latch1|mem_dato_o[27]        ; 0                 ; 6       ;
;      - memwb_latch:memwb_latch1|mem_dato_o[28]        ; 0                 ; 6       ;
;      - memwb_latch:memwb_latch1|mem_dato_o[29]        ; 0                 ; 6       ;
;      - memwb_latch:memwb_latch1|mem_dato_o[30]        ; 0                 ; 6       ;
;      - memwb_latch:memwb_latch1|mem_dato_o[31]        ; 0                 ; 6       ;
;      - memwb_latch:memwb_latch1|ex_dato_o[0]          ; 0                 ; 6       ;
;      - memwb_latch:memwb_latch1|ex_dato_o[1]          ; 0                 ; 6       ;
;      - memwb_latch:memwb_latch1|ex_dato_o[2]          ; 0                 ; 6       ;
;      - memwb_latch:memwb_latch1|ex_dato_o[3]          ; 0                 ; 6       ;
;      - memwb_latch:memwb_latch1|ex_dato_o[4]          ; 0                 ; 6       ;
;      - memwb_latch:memwb_latch1|ex_dato_o[5]          ; 0                 ; 6       ;
;      - memwb_latch:memwb_latch1|ex_dato_o[6]          ; 0                 ; 6       ;
;      - memwb_latch:memwb_latch1|ex_dato_o[7]          ; 0                 ; 6       ;
;      - memwb_latch:memwb_latch1|ex_dato_o[8]          ; 0                 ; 6       ;
;      - memwb_latch:memwb_latch1|ex_dato_o[9]          ; 0                 ; 6       ;
;      - memwb_latch:memwb_latch1|ex_dato_o[10]         ; 0                 ; 6       ;
;      - memwb_latch:memwb_latch1|ex_dato_o[11]         ; 0                 ; 6       ;
;      - memwb_latch:memwb_latch1|ex_dato_o[12]         ; 0                 ; 6       ;
;      - memwb_latch:memwb_latch1|ex_dato_o[13]         ; 0                 ; 6       ;
;      - memwb_latch:memwb_latch1|ex_dato_o[14]         ; 0                 ; 6       ;
;      - memwb_latch:memwb_latch1|ex_dato_o[15]         ; 0                 ; 6       ;
;      - memwb_latch:memwb_latch1|ex_dato_o[16]         ; 0                 ; 6       ;
;      - memwb_latch:memwb_latch1|ex_dato_o[17]         ; 0                 ; 6       ;
;      - memwb_latch:memwb_latch1|ex_dato_o[18]         ; 0                 ; 6       ;
;      - memwb_latch:memwb_latch1|ex_dato_o[19]         ; 0                 ; 6       ;
;      - memwb_latch:memwb_latch1|ex_dato_o[20]         ; 0                 ; 6       ;
;      - memwb_latch:memwb_latch1|ex_dato_o[21]         ; 0                 ; 6       ;
;      - memwb_latch:memwb_latch1|ex_dato_o[22]         ; 0                 ; 6       ;
;      - memwb_latch:memwb_latch1|ex_dato_o[23]         ; 0                 ; 6       ;
;      - memwb_latch:memwb_latch1|ex_dato_o[24]         ; 0                 ; 6       ;
;      - memwb_latch:memwb_latch1|ex_dato_o[25]         ; 0                 ; 6       ;
;      - memwb_latch:memwb_latch1|ex_dato_o[26]         ; 0                 ; 6       ;
;      - memwb_latch:memwb_latch1|ex_dato_o[27]         ; 0                 ; 6       ;
;      - memwb_latch:memwb_latch1|ex_dato_o[28]         ; 0                 ; 6       ;
;      - memwb_latch:memwb_latch1|ex_dato_o[29]         ; 0                 ; 6       ;
;      - memwb_latch:memwb_latch1|ex_dato_o[30]         ; 0                 ; 6       ;
;      - memwb_latch:memwb_latch1|ex_dato_o[31]         ; 0                 ; 6       ;
;      - memwb_latch:memwb_latch1|ex_dato_o[32]         ; 0                 ; 6       ;
;      - memwb_latch:memwb_latch1|ex_dato_o[33]         ; 0                 ; 6       ;
;      - memwb_latch:memwb_latch1|ex_dato_o[34]         ; 0                 ; 6       ;
;      - memwb_latch:memwb_latch1|ex_dato_o[35]         ; 0                 ; 6       ;
;      - memwb_latch:memwb_latch1|ex_dato_o[36]         ; 0                 ; 6       ;
;      - memwb_latch:memwb_latch1|ex_dato_o[37]         ; 0                 ; 6       ;
;      - memwb_latch:memwb_latch1|ex_dato_o[38]         ; 0                 ; 6       ;
;      - memwb_latch:memwb_latch1|ex_dato_o[39]         ; 0                 ; 6       ;
;      - memwb_latch:memwb_latch1|ex_dato_o[40]         ; 0                 ; 6       ;
;      - memwb_latch:memwb_latch1|ex_dato_o[41]         ; 0                 ; 6       ;
;      - memwb_latch:memwb_latch1|ex_dato_o[42]         ; 0                 ; 6       ;
;      - memwb_latch:memwb_latch1|ex_dato_o[43]         ; 0                 ; 6       ;
;      - memwb_latch:memwb_latch1|ex_dato_o[44]         ; 0                 ; 6       ;
;      - memwb_latch:memwb_latch1|ex_dato_o[45]         ; 0                 ; 6       ;
;      - memwb_latch:memwb_latch1|ex_dato_o[46]         ; 0                 ; 6       ;
;      - memwb_latch:memwb_latch1|ex_dato_o[47]         ; 0                 ; 6       ;
;      - memwb_latch:memwb_latch1|ex_dato_o[48]         ; 0                 ; 6       ;
;      - memwb_latch:memwb_latch1|ex_dato_o[49]         ; 0                 ; 6       ;
;      - memwb_latch:memwb_latch1|ex_dato_o[50]         ; 0                 ; 6       ;
;      - memwb_latch:memwb_latch1|ex_dato_o[51]         ; 0                 ; 6       ;
;      - memwb_latch:memwb_latch1|ex_dato_o[52]         ; 0                 ; 6       ;
;      - memwb_latch:memwb_latch1|ex_dato_o[53]         ; 0                 ; 6       ;
;      - memwb_latch:memwb_latch1|ex_dato_o[54]         ; 0                 ; 6       ;
;      - memwb_latch:memwb_latch1|ex_dato_o[55]         ; 0                 ; 6       ;
;      - memwb_latch:memwb_latch1|ex_dato_o[56]         ; 0                 ; 6       ;
;      - memwb_latch:memwb_latch1|ex_dato_o[57]         ; 0                 ; 6       ;
;      - memwb_latch:memwb_latch1|ex_dato_o[58]         ; 0                 ; 6       ;
;      - memwb_latch:memwb_latch1|ex_dato_o[59]         ; 0                 ; 6       ;
;      - memwb_latch:memwb_latch1|ex_dato_o[60]         ; 0                 ; 6       ;
;      - memwb_latch:memwb_latch1|ex_dato_o[61]         ; 0                 ; 6       ;
;      - memwb_latch:memwb_latch1|ex_dato_o[62]         ; 0                 ; 6       ;
;      - memwb_latch:memwb_latch1|ex_dato_o[63]         ; 0                 ; 6       ;
;      - fetch:fetch_stg|pc_next_o[2]                   ; 0                 ; 6       ;
;      - fetch:fetch_stg|pc_next_o[3]                   ; 0                 ; 6       ;
;      - fetch:fetch_stg|pc_next_o[4]                   ; 0                 ; 6       ;
;      - fetch:fetch_stg|pc_next_o[5]                   ; 0                 ; 6       ;
;      - fetch:fetch_stg|pc_next_o[6]                   ; 0                 ; 6       ;
;      - fetch:fetch_stg|pc_next_o[7]                   ; 0                 ; 6       ;
;      - fetch:fetch_stg|pc_next_o[8]                   ; 0                 ; 6       ;
;      - fetch:fetch_stg|pc_next_o[9]                   ; 0                 ; 6       ;
;      - fetch:fetch_stg|pc_next_o[10]                  ; 0                 ; 6       ;
;      - fetch:fetch_stg|pc_next_o[11]                  ; 0                 ; 6       ;
;      - fetch:fetch_stg|pc_next_o[12]                  ; 0                 ; 6       ;
;      - fetch:fetch_stg|pc_next_o[13]                  ; 0                 ; 6       ;
;      - fetch:fetch_stg|pc_next_o[14]                  ; 0                 ; 6       ;
;      - fetch:fetch_stg|pc_next_o[15]                  ; 0                 ; 6       ;
;      - fetch:fetch_stg|pc_next_o[16]                  ; 0                 ; 6       ;
;      - fetch:fetch_stg|pc_next_o[17]                  ; 0                 ; 6       ;
;      - fetch:fetch_stg|pc_next_o[18]                  ; 0                 ; 6       ;
;      - fetch:fetch_stg|pc_next_o[19]                  ; 0                 ; 6       ;
;      - fetch:fetch_stg|pc_next_o[20]                  ; 0                 ; 6       ;
;      - fetch:fetch_stg|pc_next_o[21]                  ; 0                 ; 6       ;
;      - fetch:fetch_stg|pc_next_o[22]                  ; 0                 ; 6       ;
;      - fetch:fetch_stg|pc_next_o[23]                  ; 0                 ; 6       ;
;      - fetch:fetch_stg|pc_next_o[24]                  ; 0                 ; 6       ;
;      - fetch:fetch_stg|pc_next_o[25]                  ; 0                 ; 6       ;
;      - fetch:fetch_stg|pc_next_o[26]                  ; 0                 ; 6       ;
;      - fetch:fetch_stg|pc_next_o[27]                  ; 0                 ; 6       ;
;      - fetch:fetch_stg|pc_next_o[28]                  ; 0                 ; 6       ;
;      - fetch:fetch_stg|pc_next_o[29]                  ; 0                 ; 6       ;
;      - fetch:fetch_stg|pc_next_o[30]                  ; 0                 ; 6       ;
;      - fetch:fetch_stg|pc_next_o[31]                  ; 0                 ; 6       ;
;      - fetch:fetch_stg|pc_next_o[32]                  ; 0                 ; 6       ;
;      - fetch:fetch_stg|pc_next_o[33]                  ; 0                 ; 6       ;
;      - fetch:fetch_stg|pc_next_o[34]                  ; 0                 ; 6       ;
;      - fetch:fetch_stg|pc_next_o[35]                  ; 0                 ; 6       ;
;      - fetch:fetch_stg|pc_next_o[36]                  ; 0                 ; 6       ;
;      - fetch:fetch_stg|pc_next_o[37]                  ; 0                 ; 6       ;
;      - fetch:fetch_stg|pc_next_o[38]                  ; 0                 ; 6       ;
;      - fetch:fetch_stg|pc_next_o[39]                  ; 0                 ; 6       ;
;      - fetch:fetch_stg|pc_next_o[40]                  ; 0                 ; 6       ;
;      - exmem_latch:exmem_latch1|exmem_res_o[0]        ; 0                 ; 6       ;
;      - rfex_latch:rfex_latch1|rfex_MEM_Read_o         ; 0                 ; 6       ;
;      - exmem_latch:exmem_latch1|exmem_res_o[1]        ; 0                 ; 6       ;
;      - exmem_latch:exmem_latch1|exmem_res_o[2]        ; 0                 ; 6       ;
;      - exmem_latch:exmem_latch1|exmem_res_o[11]       ; 0                 ; 6       ;
;      - exmem_latch:exmem_latch1|exmem_res_o[41]       ; 0                 ; 6       ;
;      - exmem_latch:exmem_latch1|exmem_res_o[42]       ; 0                 ; 6       ;
;      - exmem_latch:exmem_latch1|exmem_res_o[43]       ; 0                 ; 6       ;
;      - exmem_latch:exmem_latch1|exmem_res_o[44]       ; 0                 ; 6       ;
;      - exmem_latch:exmem_latch1|exmem_res_o[45]       ; 0                 ; 6       ;
;      - exmem_latch:exmem_latch1|exmem_res_o[46]       ; 0                 ; 6       ;
;      - exmem_latch:exmem_latch1|exmem_res_o[47]       ; 0                 ; 6       ;
;      - exmem_latch:exmem_latch1|exmem_res_o[48]       ; 0                 ; 6       ;
;      - exmem_latch:exmem_latch1|exmem_res_o[49]       ; 0                 ; 6       ;
;      - exmem_latch:exmem_latch1|exmem_res_o[50]       ; 0                 ; 6       ;
;      - exmem_latch:exmem_latch1|exmem_res_o[51]       ; 0                 ; 6       ;
;      - exmem_latch:exmem_latch1|exmem_res_o[52]       ; 0                 ; 6       ;
;      - exmem_latch:exmem_latch1|exmem_res_o[53]       ; 0                 ; 6       ;
;      - exmem_latch:exmem_latch1|exmem_res_o[54]       ; 0                 ; 6       ;
;      - exmem_latch:exmem_latch1|exmem_res_o[55]       ; 0                 ; 6       ;
;      - exmem_latch:exmem_latch1|exmem_res_o[56]       ; 0                 ; 6       ;
;      - exmem_latch:exmem_latch1|exmem_res_o[57]       ; 0                 ; 6       ;
;      - exmem_latch:exmem_latch1|exmem_res_o[58]       ; 0                 ; 6       ;
;      - exmem_latch:exmem_latch1|exmem_res_o[59]       ; 0                 ; 6       ;
;      - exmem_latch:exmem_latch1|exmem_res_o[60]       ; 0                 ; 6       ;
;      - exmem_latch:exmem_latch1|exmem_res_o[61]       ; 0                 ; 6       ;
;      - exmem_latch:exmem_latch1|exmem_res_o[62]       ; 0                 ; 6       ;
;      - exmem_latch:exmem_latch1|exmem_res_o[63]       ; 0                 ; 6       ;
;      - exmem_latch:exmem_latch1|exmem_dators2_o[0]    ; 0                 ; 6       ;
;      - exmem_latch:exmem_latch1|exmem_MEM_Write_o     ; 0                 ; 6       ;
;      - dcache:memaccess_stage|memoria~13634           ; 0                 ; 6       ;
;      - rfex_latch:rfex_latch1|rfex_dators1_o[7]       ; 0                 ; 6       ;
;      - rfex_latch:rfex_latch1|rfex_rs1_o[0]           ; 0                 ; 6       ;
;      - rfex_latch:rfex_latch1|rfex_rs1_o[1]           ; 0                 ; 6       ;
;      - exmem_latch:exmem_latch1|exmem_rd_o[1]         ; 0                 ; 6       ;
;      - exmem_latch:exmem_latch1|exmem_rd_o[0]         ; 0                 ; 6       ;
;      - rfex_latch:rfex_latch1|rfex_rs1_o[2]           ; 0                 ; 6       ;
;      - rfex_latch:rfex_latch1|rfex_rs1_o[3]           ; 0                 ; 6       ;
;      - exmem_latch:exmem_latch1|exmem_rd_o[3]         ; 0                 ; 6       ;
;      - exmem_latch:exmem_latch1|exmem_rd_o[2]         ; 0                 ; 6       ;
;      - rfex_latch:rfex_latch1|rfex_rs1_o[4]           ; 0                 ; 6       ;
;      - exmem_latch:exmem_latch1|exmem_rd_o[4]         ; 0                 ; 6       ;
;      - rfex_latch:rfex_latch1|rfex_se_dato_o[7]       ; 0                 ; 6       ;
;      - rfex_latch:rfex_latch1|rfex_dators2_o[7]       ; 0                 ; 6       ;
;      - rfex_latch:rfex_latch1|rfex_ALU_Src_o          ; 0                 ; 6       ;
;      - rfex_latch:rfex_latch1|rfex_rs2_o[1]           ; 0                 ; 6       ;
;      - rfex_latch:rfex_latch1|rfex_rs2_o[0]           ; 0                 ; 6       ;
;      - rfex_latch:rfex_latch1|rfex_rs2_o[3]           ; 0                 ; 6       ;
;      - rfex_latch:rfex_latch1|rfex_rs2_o[2]           ; 0                 ; 6       ;
;      - rfex_latch:rfex_latch1|rfex_rs2_o[4]           ; 0                 ; 6       ;
;      - rfex_latch:rfex_latch1|rfex_dators1_o[6]       ; 0                 ; 6       ;
;      - rfex_latch:rfex_latch1|rfex_se_dato_o[6]       ; 0                 ; 6       ;
;      - rfex_latch:rfex_latch1|rfex_dators2_o[6]       ; 0                 ; 6       ;
;      - rfex_latch:rfex_latch1|rfex_dators1_o[5]       ; 0                 ; 6       ;
;      - rfex_latch:rfex_latch1|rfex_se_dato_o[5]       ; 0                 ; 6       ;
;      - rfex_latch:rfex_latch1|rfex_dators2_o[5]       ; 0                 ; 6       ;
;      - rfex_latch:rfex_latch1|rfex_dators1_o[4]       ; 0                 ; 6       ;
;      - rfex_latch:rfex_latch1|rfex_se_dato_o[4]       ; 0                 ; 6       ;
;      - rfex_latch:rfex_latch1|rfex_dators2_o[4]       ; 0                 ; 6       ;
;      - rfex_latch:rfex_latch1|rfex_dators1_o[3]       ; 0                 ; 6       ;
;      - rfex_latch:rfex_latch1|rfex_se_dato_o[3]       ; 0                 ; 6       ;
;      - rfex_latch:rfex_latch1|rfex_dators2_o[3]       ; 0                 ; 6       ;
;      - rfex_latch:rfex_latch1|rfex_dators1_o[2]       ; 0                 ; 6       ;
;      - rfex_latch:rfex_latch1|rfex_se_dato_o[2]       ; 0                 ; 6       ;
;      - rfex_latch:rfex_latch1|rfex_dators2_o[2]       ; 0                 ; 6       ;
;      - rfex_latch:rfex_latch1|rfex_dators1_o[1]       ; 0                 ; 6       ;
;      - rfex_latch:rfex_latch1|rfex_se_dato_o[1]       ; 0                 ; 6       ;
;      - rfex_latch:rfex_latch1|rfex_dators2_o[1]       ; 0                 ; 6       ;
;      - rfex_latch:rfex_latch1|rfex_dators1_o[0]       ; 0                 ; 6       ;
;      - rfex_latch:rfex_latch1|rfex_se_dato_o[0]       ; 0                 ; 6       ;
;      - rfex_latch:rfex_latch1|rfex_dators2_o[0]       ; 0                 ; 6       ;
;      - IDRF_Latch:idrf_latch1|ifid_inst_o[13]         ; 0                 ; 6       ;
;      - IDRF_Latch:idrf_latch1|ifid_inst_o[30]         ; 0                 ; 6       ;
;      - IDRF_Latch:idrf_latch1|ifid_inst_o[12]         ; 0                 ; 6       ;
;      - IDRF_Latch:idrf_latch1|ifid_inst_o[14]         ; 0                 ; 6       ;
;      - rfex_latch:rfex_latch1|rfex_ALU_Op_o[1]        ; 0                 ; 6       ;
;      - rfex_latch:rfex_latch1|rfex_ALU_Op_o[0]        ; 0                 ; 6       ;
;      - rfex_latch:rfex_latch1|rfex_ALU_Op_o[2]        ; 0                 ; 6       ;
;      - rfex_latch:rfex_latch1|rfex_dators1_o[14]      ; 0                 ; 6       ;
;      - rfex_latch:rfex_latch1|rfex_dators1_o[12]      ; 0                 ; 6       ;
;      - rfex_latch:rfex_latch1|rfex_dators1_o[13]      ; 0                 ; 6       ;
;      - rfex_latch:rfex_latch1|rfex_dators1_o[11]      ; 0                 ; 6       ;
;      - rfex_latch:rfex_latch1|rfex_dators1_o[22]      ; 0                 ; 6       ;
;      - rfex_latch:rfex_latch1|rfex_dators1_o[20]      ; 0                 ; 6       ;
;      - rfex_latch:rfex_latch1|rfex_dators1_o[21]      ; 0                 ; 6       ;
;      - rfex_latch:rfex_latch1|rfex_dators1_o[19]      ; 0                 ; 6       ;
;      - rfex_latch:rfex_latch1|rfex_dators1_o[18]      ; 0                 ; 6       ;
;      - rfex_latch:rfex_latch1|rfex_dators1_o[16]      ; 0                 ; 6       ;
;      - rfex_latch:rfex_latch1|rfex_dators1_o[17]      ; 0                 ; 6       ;
;      - rfex_latch:rfex_latch1|rfex_dators1_o[15]      ; 0                 ; 6       ;
;      - rfex_latch:rfex_latch1|rfex_dators1_o[10]      ; 0                 ; 6       ;
;      - rfex_latch:rfex_latch1|rfex_dators1_o[8]       ; 0                 ; 6       ;
;      - rfex_latch:rfex_latch1|rfex_dators1_o[9]       ; 0                 ; 6       ;
;      - rfex_latch:rfex_latch1|rfex_dators1_o[31]      ; 0                 ; 6       ;
;      - rfex_latch:rfex_latch1|rfex_dators1_o[30]      ; 0                 ; 6       ;
;      - rfex_latch:rfex_latch1|rfex_dators1_o[28]      ; 0                 ; 6       ;
;      - rfex_latch:rfex_latch1|rfex_dators1_o[29]      ; 0                 ; 6       ;
;      - rfex_latch:rfex_latch1|rfex_dators1_o[27]      ; 0                 ; 6       ;
;      - rfex_latch:rfex_latch1|rfex_dators1_o[26]      ; 0                 ; 6       ;
;      - rfex_latch:rfex_latch1|rfex_dators1_o[24]      ; 0                 ; 6       ;
;      - rfex_latch:rfex_latch1|rfex_dators1_o[25]      ; 0                 ; 6       ;
;      - rfex_latch:rfex_latch1|rfex_dators1_o[23]      ; 0                 ; 6       ;
;      - dcache:memaccess_stage|memoria~13636           ; 0                 ; 6       ;
;      - rfex_latch:rfex_latch1|rfex_se_dato_o[8]       ; 0                 ; 6       ;
;      - rfex_latch:rfex_latch1|rfex_dators2_o[8]       ; 0                 ; 6       ;
;      - dcache:memaccess_stage|memoria~13638           ; 0                 ; 6       ;
;      - dcache:memaccess_stage|memoria~13640           ; 0                 ; 6       ;
;      - dcache:memaccess_stage|memoria~13642           ; 0                 ; 6       ;
;      - dcache:memaccess_stage|memoria~13643           ; 0                 ; 6       ;
;      - dcache:memaccess_stage|memoria~13644           ; 0                 ; 6       ;
;      - dcache:memaccess_stage|memoria~13645           ; 0                 ; 6       ;
;      - dcache:memaccess_stage|memoria~13647           ; 0                 ; 6       ;
;      - dcache:memaccess_stage|memoria~13648           ; 0                 ; 6       ;
;      - dcache:memaccess_stage|memoria~13649           ; 0                 ; 6       ;
;      - dcache:memaccess_stage|memoria~13650           ; 0                 ; 6       ;
;      - dcache:memaccess_stage|memoria~13652           ; 0                 ; 6       ;
;      - dcache:memaccess_stage|memoria~13653           ; 0                 ; 6       ;
;      - dcache:memaccess_stage|memoria~13654           ; 0                 ; 6       ;
;      - dcache:memaccess_stage|memoria~13655           ; 0                 ; 6       ;
;      - dcache:memaccess_stage|memoria~13657           ; 0                 ; 6       ;
;      - dcache:memaccess_stage|memoria~13658           ; 0                 ; 6       ;
;      - dcache:memaccess_stage|memoria~13659           ; 0                 ; 6       ;
;      - dcache:memaccess_stage|memoria~13660           ; 0                 ; 6       ;
;      - dcache:memaccess_stage|memoria~13662           ; 0                 ; 6       ;
;      - dcache:memaccess_stage|memoria~13663           ; 0                 ; 6       ;
;      - dcache:memaccess_stage|memoria~13664           ; 0                 ; 6       ;
;      - dcache:memaccess_stage|memoria~13665           ; 0                 ; 6       ;
;      - dcache:memaccess_stage|memoria~13667           ; 0                 ; 6       ;
;      - dcache:memaccess_stage|memoria~13668           ; 0                 ; 6       ;
;      - dcache:memaccess_stage|memoria~13669           ; 0                 ; 6       ;
;      - dcache:memaccess_stage|memoria~13670           ; 0                 ; 6       ;
;      - dcache:memaccess_stage|memoria~13672           ; 0                 ; 6       ;
;      - dcache:memaccess_stage|memoria~13673           ; 0                 ; 6       ;
;      - dcache:memaccess_stage|memoria~13674           ; 0                 ; 6       ;
;      - dcache:memaccess_stage|memoria~13675           ; 0                 ; 6       ;
;      - dcache:memaccess_stage|memoria~13677           ; 0                 ; 6       ;
;      - dcache:memaccess_stage|memoria~13678           ; 0                 ; 6       ;
;      - dcache:memaccess_stage|memoria~13679           ; 0                 ; 6       ;
;      - dcache:memaccess_stage|memoria~13680           ; 0                 ; 6       ;
;      - dcache:memaccess_stage|memoria~13682           ; 0                 ; 6       ;
;      - dcache:memaccess_stage|memoria~13683           ; 0                 ; 6       ;
;      - dcache:memaccess_stage|memoria~13684           ; 0                 ; 6       ;
;      - dcache:memaccess_stage|memoria~13685           ; 0                 ; 6       ;
;      - dcache:memaccess_stage|memoria~13687           ; 0                 ; 6       ;
;      - dcache:memaccess_stage|memoria~13688           ; 0                 ; 6       ;
;      - dcache:memaccess_stage|memoria~13689           ; 0                 ; 6       ;
;      - dcache:memaccess_stage|memoria~13690           ; 0                 ; 6       ;
;      - dcache:memaccess_stage|memoria~13692           ; 0                 ; 6       ;
;      - dcache:memaccess_stage|memoria~13693           ; 0                 ; 6       ;
;      - dcache:memaccess_stage|memoria~13694           ; 0                 ; 6       ;
;      - dcache:memaccess_stage|memoria~13695           ; 0                 ; 6       ;
;      - dcache:memaccess_stage|memoria~13697           ; 0                 ; 6       ;
;      - dcache:memaccess_stage|memoria~13699           ; 0                 ; 6       ;
;      - dcache:memaccess_stage|memoria~13700           ; 0                 ; 6       ;
;      - dcache:memaccess_stage|memoria~13701           ; 0                 ; 6       ;
;      - dcache:memaccess_stage|memoria~13703           ; 0                 ; 6       ;
;      - dcache:memaccess_stage|memoria~13705           ; 0                 ; 6       ;
;      - dcache:memaccess_stage|memoria~13706           ; 0                 ; 6       ;
;      - dcache:memaccess_stage|memoria~13707           ; 0                 ; 6       ;
;      - dcache:memaccess_stage|memoria~13708           ; 0                 ; 6       ;
;      - dcache:memaccess_stage|memoria~13709           ; 0                 ; 6       ;
;      - dcache:memaccess_stage|memoria~13710           ; 0                 ; 6       ;
;      - dcache:memaccess_stage|memoria~13711           ; 0                 ; 6       ;
;      - dcache:memaccess_stage|memoria~13712           ; 0                 ; 6       ;
;      - dcache:memaccess_stage|memoria~13713           ; 0                 ; 6       ;
;      - dcache:memaccess_stage|memoria~13714           ; 0                 ; 6       ;
;      - dcache:memaccess_stage|memoria~13715           ; 0                 ; 6       ;
;      - rfex_latch:rfex_latch1|rfex_se_dato_o[10]      ; 0                 ; 6       ;
;      - rfex_latch:rfex_latch1|rfex_dators2_o[10]      ; 0                 ; 6       ;
;      - rfex_latch:rfex_latch1|rfex_se_dato_o[9]       ; 0                 ; 6       ;
;      - rfex_latch:rfex_latch1|rfex_dators2_o[9]       ; 0                 ; 6       ;
;      - dcache:memaccess_stage|memoria~13717           ; 0                 ; 6       ;
;      - dcache:memaccess_stage|memoria~13718           ; 0                 ; 6       ;
;      - dcache:memaccess_stage|memoria~13719           ; 0                 ; 6       ;
;      - dcache:memaccess_stage|memoria~13720           ; 0                 ; 6       ;
;      - dcache:memaccess_stage|memoria~13721           ; 0                 ; 6       ;
;      - dcache:memaccess_stage|memoria~13722           ; 0                 ; 6       ;
;      - dcache:memaccess_stage|memoria~13723           ; 0                 ; 6       ;
;      - dcache:memaccess_stage|memoria~13724           ; 0                 ; 6       ;
;      - dcache:memaccess_stage|memoria~13725           ; 0                 ; 6       ;
;      - dcache:memaccess_stage|memoria~13726           ; 0                 ; 6       ;
;      - dcache:memaccess_stage|memoria~13727           ; 0                 ; 6       ;
;      - dcache:memaccess_stage|memoria~13728           ; 0                 ; 6       ;
;      - dcache:memaccess_stage|memoria~13729           ; 0                 ; 6       ;
;      - dcache:memaccess_stage|memoria~13730           ; 0                 ; 6       ;
;      - dcache:memaccess_stage|memoria~13731           ; 0                 ; 6       ;
;      - dcache:memaccess_stage|memoria~13732           ; 0                 ; 6       ;
;      - dcache:memaccess_stage|memoria~13734           ; 0                 ; 6       ;
;      - dcache:memaccess_stage|memoria~13735           ; 0                 ; 6       ;
;      - dcache:memaccess_stage|memoria~13736           ; 0                 ; 6       ;
;      - dcache:memaccess_stage|memoria~13737           ; 0                 ; 6       ;
;      - dcache:memaccess_stage|memoria~13738           ; 0                 ; 6       ;
;      - dcache:memaccess_stage|memoria~13739           ; 0                 ; 6       ;
;      - dcache:memaccess_stage|memoria~13740           ; 0                 ; 6       ;
;      - dcache:memaccess_stage|memoria~13741           ; 0                 ; 6       ;
;      - dcache:memaccess_stage|memoria~13742           ; 0                 ; 6       ;
;      - dcache:memaccess_stage|memoria~13743           ; 0                 ; 6       ;
;      - dcache:memaccess_stage|memoria~13744           ; 0                 ; 6       ;
;      - dcache:memaccess_stage|memoria~13745           ; 0                 ; 6       ;
;      - dcache:memaccess_stage|memoria~13746           ; 0                 ; 6       ;
;      - dcache:memaccess_stage|memoria~13747           ; 0                 ; 6       ;
;      - dcache:memaccess_stage|memoria~13748           ; 0                 ; 6       ;
;      - dcache:memaccess_stage|memoria~13749           ; 0                 ; 6       ;
;      - dcache:memaccess_stage|memoria~13751           ; 0                 ; 6       ;
;      - dcache:memaccess_stage|memoria~13752           ; 0                 ; 6       ;
;      - dcache:memaccess_stage|memoria~13753           ; 0                 ; 6       ;
;      - dcache:memaccess_stage|memoria~13754           ; 0                 ; 6       ;
;      - dcache:memaccess_stage|memoria~13755           ; 0                 ; 6       ;
;      - dcache:memaccess_stage|memoria~13756           ; 0                 ; 6       ;
;      - dcache:memaccess_stage|memoria~13757           ; 0                 ; 6       ;
;      - dcache:memaccess_stage|memoria~13758           ; 0                 ; 6       ;
;      - dcache:memaccess_stage|memoria~13759           ; 0                 ; 6       ;
;      - dcache:memaccess_stage|memoria~13760           ; 0                 ; 6       ;
;      - dcache:memaccess_stage|memoria~13761           ; 0                 ; 6       ;
;      - dcache:memaccess_stage|memoria~13762           ; 0                 ; 6       ;
;      - dcache:memaccess_stage|memoria~13763           ; 0                 ; 6       ;
;      - dcache:memaccess_stage|memoria~13764           ; 0                 ; 6       ;
;      - dcache:memaccess_stage|memoria~13765           ; 0                 ; 6       ;
;      - dcache:memaccess_stage|memoria~13766           ; 0                 ; 6       ;
;      - dcache:memaccess_stage|memoria~13768           ; 0                 ; 6       ;
;      - dcache:memaccess_stage|memoria~13769           ; 0                 ; 6       ;
;      - dcache:memaccess_stage|memoria~13770           ; 0                 ; 6       ;
;      - dcache:memaccess_stage|memoria~13771           ; 0                 ; 6       ;
;      - dcache:memaccess_stage|memoria~13772           ; 0                 ; 6       ;
;      - dcache:memaccess_stage|memoria~13773           ; 0                 ; 6       ;
;      - dcache:memaccess_stage|memoria~13774           ; 0                 ; 6       ;
;      - dcache:memaccess_stage|memoria~13775           ; 0                 ; 6       ;
;      - dcache:memaccess_stage|memoria~13776           ; 0                 ; 6       ;
;      - dcache:memaccess_stage|memoria~13777           ; 0                 ; 6       ;
;      - dcache:memaccess_stage|memoria~13778           ; 0                 ; 6       ;
;      - dcache:memaccess_stage|memoria~13779           ; 0                 ; 6       ;
;      - dcache:memaccess_stage|memoria~13780           ; 0                 ; 6       ;
;      - dcache:memaccess_stage|memoria~13781           ; 0                 ; 6       ;
;      - dcache:memaccess_stage|memoria~13782           ; 0                 ; 6       ;
;      - dcache:memaccess_stage|memoria~13783           ; 0                 ; 6       ;
;      - dcache:memaccess_stage|memoria~13785           ; 0                 ; 6       ;
;      - dcache:memaccess_stage|memoria~13787           ; 0                 ; 6       ;
;      - dcache:memaccess_stage|memoria~13788           ; 0                 ; 6       ;
;      - dcache:memaccess_stage|memoria~13789           ; 0                 ; 6       ;
;      - dcache:memaccess_stage|memoria~13791           ; 0                 ; 6       ;
;      - dcache:memaccess_stage|memoria~13793           ; 0                 ; 6       ;
;      - dcache:memaccess_stage|memoria~13794           ; 0                 ; 6       ;
;      - dcache:memaccess_stage|memoria~13795           ; 0                 ; 6       ;
;      - dcache:memaccess_stage|memoria~13796           ; 0                 ; 6       ;
;      - dcache:memaccess_stage|memoria~13797           ; 0                 ; 6       ;
;      - dcache:memaccess_stage|memoria~13798           ; 0                 ; 6       ;
;      - dcache:memaccess_stage|memoria~13799           ; 0                 ; 6       ;
;      - dcache:memaccess_stage|memoria~13800           ; 0                 ; 6       ;
;      - dcache:memaccess_stage|memoria~13801           ; 0                 ; 6       ;
;      - dcache:memaccess_stage|memoria~13802           ; 0                 ; 6       ;
;      - dcache:memaccess_stage|memoria~13803           ; 0                 ; 6       ;
;      - dcache:memaccess_stage|memoria~13804           ; 0                 ; 6       ;
;      - dcache:memaccess_stage|memoria~13805           ; 0                 ; 6       ;
;      - dcache:memaccess_stage|memoria~13806           ; 0                 ; 6       ;
;      - dcache:memaccess_stage|memoria~13807           ; 0                 ; 6       ;
;      - dcache:memaccess_stage|memoria~13808           ; 0                 ; 6       ;
;      - dcache:memaccess_stage|memoria~13809           ; 0                 ; 6       ;
;      - dcache:memaccess_stage|memoria~13810           ; 0                 ; 6       ;
;      - dcache:memaccess_stage|memoria~13811           ; 0                 ; 6       ;
;      - dcache:memaccess_stage|memoria~13812           ; 0                 ; 6       ;
;      - dcache:memaccess_stage|memoria~13813           ; 0                 ; 6       ;
;      - dcache:memaccess_stage|memoria~13814           ; 0                 ; 6       ;
;      - dcache:memaccess_stage|memoria~13815           ; 0                 ; 6       ;
;      - dcache:memaccess_stage|memoria~13816           ; 0                 ; 6       ;
;      - dcache:memaccess_stage|memoria~13817           ; 0                 ; 6       ;
;      - dcache:memaccess_stage|memoria~13818           ; 0                 ; 6       ;
;      - dcache:memaccess_stage|memoria~13819           ; 0                 ; 6       ;
;      - dcache:memaccess_stage|memoria~13820           ; 0                 ; 6       ;
;      - dcache:memaccess_stage|memoria~13821           ; 0                 ; 6       ;
;      - dcache:memaccess_stage|memoria~13822           ; 0                 ; 6       ;
;      - dcache:memaccess_stage|memoria~13823           ; 0                 ; 6       ;
;      - dcache:memaccess_stage|memoria~13824           ; 0                 ; 6       ;
;      - dcache:memaccess_stage|memoria~13825           ; 0                 ; 6       ;
;      - dcache:memaccess_stage|memoria~13826           ; 0                 ; 6       ;
;      - dcache:memaccess_stage|memoria~13827           ; 0                 ; 6       ;
;      - dcache:memaccess_stage|memoria~13828           ; 0                 ; 6       ;
;      - dcache:memaccess_stage|memoria~13829           ; 0                 ; 6       ;
;      - dcache:memaccess_stage|memoria~13830           ; 0                 ; 6       ;
;      - dcache:memaccess_stage|memoria~13831           ; 0                 ; 6       ;
;      - dcache:memaccess_stage|memoria~13832           ; 0                 ; 6       ;
;      - dcache:memaccess_stage|memoria~13833           ; 0                 ; 6       ;
;      - dcache:memaccess_stage|memoria~13834           ; 0                 ; 6       ;
;      - dcache:memaccess_stage|memoria~13835           ; 0                 ; 6       ;
;      - dcache:memaccess_stage|memoria~13836           ; 0                 ; 6       ;
;      - dcache:memaccess_stage|memoria~13837           ; 0                 ; 6       ;
;      - dcache:memaccess_stage|memoria~13838           ; 0                 ; 6       ;
;      - dcache:memaccess_stage|memoria~13839           ; 0                 ; 6       ;
;      - dcache:memaccess_stage|memoria~13840           ; 0                 ; 6       ;
;      - dcache:memaccess_stage|memoria~13841           ; 0                 ; 6       ;
;      - dcache:memaccess_stage|memoria~13842           ; 0                 ; 6       ;
;      - dcache:memaccess_stage|memoria~13843           ; 0                 ; 6       ;
;      - dcache:memaccess_stage|memoria~13844           ; 0                 ; 6       ;
;      - dcache:memaccess_stage|memoria~13845           ; 0                 ; 6       ;
;      - dcache:memaccess_stage|memoria~13846           ; 0                 ; 6       ;
;      - dcache:memaccess_stage|memoria~13847           ; 0                 ; 6       ;
;      - dcache:memaccess_stage|memoria~13848           ; 0                 ; 6       ;
;      - dcache:memaccess_stage|memoria~13849           ; 0                 ; 6       ;
;      - dcache:memaccess_stage|memoria~13850           ; 0                 ; 6       ;
;      - dcache:memaccess_stage|memoria~13851           ; 0                 ; 6       ;
;      - dcache:memaccess_stage|memoria~13853           ; 0                 ; 6       ;
;      - dcache:memaccess_stage|memoria~13854           ; 0                 ; 6       ;
;      - dcache:memaccess_stage|memoria~13855           ; 0                 ; 6       ;
;      - dcache:memaccess_stage|memoria~13856           ; 0                 ; 6       ;
;      - dcache:memaccess_stage|memoria~13858           ; 0                 ; 6       ;
;      - dcache:memaccess_stage|memoria~13859           ; 0                 ; 6       ;
;      - dcache:memaccess_stage|memoria~13860           ; 0                 ; 6       ;
;      - dcache:memaccess_stage|memoria~13861           ; 0                 ; 6       ;
;      - dcache:memaccess_stage|memoria~13863           ; 0                 ; 6       ;
;      - dcache:memaccess_stage|memoria~13864           ; 0                 ; 6       ;
;      - dcache:memaccess_stage|memoria~13865           ; 0                 ; 6       ;
;      - dcache:memaccess_stage|memoria~13866           ; 0                 ; 6       ;
;      - dcache:memaccess_stage|memoria~13868           ; 0                 ; 6       ;
;      - dcache:memaccess_stage|memoria~13869           ; 0                 ; 6       ;
;      - dcache:memaccess_stage|memoria~13870           ; 0                 ; 6       ;
;      - dcache:memaccess_stage|memoria~13871           ; 0                 ; 6       ;
;      - dcache:memaccess_stage|memoria~13872           ; 0                 ; 6       ;
;      - dcache:memaccess_stage|memoria~13873           ; 0                 ; 6       ;
;      - dcache:memaccess_stage|memoria~13874           ; 0                 ; 6       ;
;      - dcache:memaccess_stage|memoria~13875           ; 0                 ; 6       ;
;      - dcache:memaccess_stage|memoria~13876           ; 0                 ; 6       ;
;      - dcache:memaccess_stage|memoria~13877           ; 0                 ; 6       ;
;      - dcache:memaccess_stage|memoria~13878           ; 0                 ; 6       ;
;      - dcache:memaccess_stage|memoria~13879           ; 0                 ; 6       ;
;      - dcache:memaccess_stage|memoria~13880           ; 0                 ; 6       ;
;      - dcache:memaccess_stage|memoria~13881           ; 0                 ; 6       ;
;      - dcache:memaccess_stage|memoria~13882           ; 0                 ; 6       ;
;      - dcache:memaccess_stage|memoria~13883           ; 0                 ; 6       ;
;      - dcache:memaccess_stage|memoria~13884           ; 0                 ; 6       ;
;      - dcache:memaccess_stage|memoria~13885           ; 0                 ; 6       ;
;      - dcache:memaccess_stage|memoria~13886           ; 0                 ; 6       ;
;      - dcache:memaccess_stage|memoria~13887           ; 0                 ; 6       ;
;      - dcache:memaccess_stage|memoria~13888           ; 0                 ; 6       ;
;      - dcache:memaccess_stage|memoria~13889           ; 0                 ; 6       ;
;      - dcache:memaccess_stage|memoria~13890           ; 0                 ; 6       ;
;      - dcache:memaccess_stage|memoria~13891           ; 0                 ; 6       ;
;      - dcache:memaccess_stage|memoria~13892           ; 0                 ; 6       ;
;      - dcache:memaccess_stage|memoria~13893           ; 0                 ; 6       ;
;      - dcache:memaccess_stage|memoria~13894           ; 0                 ; 6       ;
;      - dcache:memaccess_stage|memoria~13895           ; 0                 ; 6       ;
;      - dcache:memaccess_stage|memoria~13896           ; 0                 ; 6       ;
;      - dcache:memaccess_stage|memoria~13897           ; 0                 ; 6       ;
;      - dcache:memaccess_stage|memoria~13898           ; 0                 ; 6       ;
;      - dcache:memaccess_stage|memoria~13899           ; 0                 ; 6       ;
;      - dcache:memaccess_stage|memoria~13900           ; 0                 ; 6       ;
;      - dcache:memaccess_stage|memoria~13901           ; 0                 ; 6       ;
;      - dcache:memaccess_stage|memoria~13902           ; 0                 ; 6       ;
;      - dcache:memaccess_stage|memoria~13903           ; 0                 ; 6       ;
;      - dcache:memaccess_stage|memoria~13904           ; 0                 ; 6       ;
;      - dcache:memaccess_stage|memoria~13905           ; 0                 ; 6       ;
;      - dcache:memaccess_stage|memoria~13906           ; 0                 ; 6       ;
;      - dcache:memaccess_stage|memoria~13907           ; 0                 ; 6       ;
;      - dcache:memaccess_stage|memoria~13908           ; 0                 ; 6       ;
;      - dcache:memaccess_stage|memoria~13909           ; 0                 ; 6       ;
;      - dcache:memaccess_stage|memoria~13910           ; 0                 ; 6       ;
;      - dcache:memaccess_stage|memoria~13911           ; 0                 ; 6       ;
;      - dcache:memaccess_stage|memoria~13912           ; 0                 ; 6       ;
;      - dcache:memaccess_stage|memoria~13913           ; 0                 ; 6       ;
;      - dcache:memaccess_stage|memoria~13914           ; 0                 ; 6       ;
;      - dcache:memaccess_stage|memoria~13915           ; 0                 ; 6       ;
;      - dcache:memaccess_stage|memoria~13916           ; 0                 ; 6       ;
;      - dcache:memaccess_stage|memoria~13917           ; 0                 ; 6       ;
;      - dcache:memaccess_stage|memoria~13918           ; 0                 ; 6       ;
;      - dcache:memaccess_stage|memoria~13919           ; 0                 ; 6       ;
;      - rfex_latch:rfex_latch1|rfex_se_dato_o[12]      ; 0                 ; 6       ;
;      - rfex_latch:rfex_latch1|rfex_dators2_o[12]      ; 0                 ; 6       ;
;      - rfex_latch:rfex_latch1|rfex_se_dato_o[11]      ; 0                 ; 6       ;
;      - rfex_latch:rfex_latch1|rfex_dators2_o[11]      ; 0                 ; 6       ;
;      - rfex_latch:rfex_latch1|rfex_se_dato_o[13]      ; 0                 ; 6       ;
;      - rfex_latch:rfex_latch1|rfex_dators2_o[13]      ; 0                 ; 6       ;
;      - rfex_latch:rfex_latch1|rfex_se_dato_o[14]      ; 0                 ; 6       ;
;      - rfex_latch:rfex_latch1|rfex_dators2_o[14]      ; 0                 ; 6       ;
;      - rfex_latch:rfex_latch1|rfex_se_dato_o[15]      ; 0                 ; 6       ;
;      - rfex_latch:rfex_latch1|rfex_dators2_o[15]      ; 0                 ; 6       ;
;      - rfex_latch:rfex_latch1|rfex_se_dato_o[16]      ; 0                 ; 6       ;
;      - rfex_latch:rfex_latch1|rfex_dators2_o[16]      ; 0                 ; 6       ;
;      - rfex_latch:rfex_latch1|rfex_se_dato_o[17]      ; 0                 ; 6       ;
;      - rfex_latch:rfex_latch1|rfex_dators2_o[17]      ; 0                 ; 6       ;
;      - rfex_latch:rfex_latch1|rfex_se_dato_o[18]      ; 0                 ; 6       ;
;      - rfex_latch:rfex_latch1|rfex_dators2_o[18]      ; 0                 ; 6       ;
;      - rfex_latch:rfex_latch1|rfex_se_dato_o[19]      ; 0                 ; 6       ;
;      - rfex_latch:rfex_latch1|rfex_dators2_o[19]      ; 0                 ; 6       ;
;      - rfex_latch:rfex_latch1|rfex_dators2_o[20]      ; 0                 ; 6       ;
;      - rfex_latch:rfex_latch1|rfex_dators2_o[21]      ; 0                 ; 6       ;
;      - rfex_latch:rfex_latch1|rfex_dators2_o[22]      ; 0                 ; 6       ;
;      - rfex_latch:rfex_latch1|rfex_dators2_o[23]      ; 0                 ; 6       ;
;      - rfex_latch:rfex_latch1|rfex_dators2_o[24]      ; 0                 ; 6       ;
;      - rfex_latch:rfex_latch1|rfex_dators2_o[25]      ; 0                 ; 6       ;
;      - rfex_latch:rfex_latch1|rfex_dators2_o[26]      ; 0                 ; 6       ;
;      - rfex_latch:rfex_latch1|rfex_dators2_o[27]      ; 0                 ; 6       ;
;      - rfex_latch:rfex_latch1|rfex_dators2_o[28]      ; 0                 ; 6       ;
;      - rfex_latch:rfex_latch1|rfex_dators2_o[29]      ; 0                 ; 6       ;
;      - rfex_latch:rfex_latch1|rfex_dators2_o[30]      ; 0                 ; 6       ;
;      - rfex_latch:rfex_latch1|rfex_dators2_o[31]      ; 0                 ; 6       ;
;      - IDRF_Latch:idrf_latch1|MEM_Read_o              ; 0                 ; 6       ;
;      - IDRF_Latch:idrf_latch1|ifid_inst_o[15]         ; 0                 ; 6       ;
;      - IDRF_Latch:idrf_latch1|ifid_inst_o[16]         ; 0                 ; 6       ;
;      - rfex_latch:rfex_latch1|rfex_rd_o[1]            ; 0                 ; 6       ;
;      - rfex_latch:rfex_latch1|rfex_rd_o[0]            ; 0                 ; 6       ;
;      - IDRF_Latch:idrf_latch1|ifid_inst_o[17]         ; 0                 ; 6       ;
;      - IDRF_Latch:idrf_latch1|ifid_inst_o[18]         ; 0                 ; 6       ;
;      - rfex_latch:rfex_latch1|rfex_rd_o[3]            ; 0                 ; 6       ;
;      - rfex_latch:rfex_latch1|rfex_rd_o[2]            ; 0                 ; 6       ;
;      - IDRF_Latch:idrf_latch1|ifid_inst_o[19]         ; 0                 ; 6       ;
;      - rfex_latch:rfex_latch1|rfex_rd_o[4]            ; 0                 ; 6       ;
;      - IDRF_Latch:idrf_latch1|ifid_inst_o[21]         ; 0                 ; 6       ;
;      - IDRF_Latch:idrf_latch1|ifid_inst_o[20]         ; 0                 ; 6       ;
;      - IDRF_Latch:idrf_latch1|ifid_inst_o[23]         ; 0                 ; 6       ;
;      - IDRF_Latch:idrf_latch1|ifid_inst_o[22]         ; 0                 ; 6       ;
;      - IDRF_Latch:idrf_latch1|ifid_inst_o[24]         ; 0                 ; 6       ;
;      - exmem_latch:exmem_latch1|exmem_dators2_o[1]    ; 0                 ; 6       ;
;      - exmem_latch:exmem_latch1|exmem_dators2_o[2]    ; 0                 ; 6       ;
;      - exmem_latch:exmem_latch1|exmem_dators2_o[3]    ; 0                 ; 6       ;
;      - exmem_latch:exmem_latch1|exmem_dators2_o[4]    ; 0                 ; 6       ;
;      - exmem_latch:exmem_latch1|exmem_dators2_o[5]    ; 0                 ; 6       ;
;      - exmem_latch:exmem_latch1|exmem_dators2_o[6]    ; 0                 ; 6       ;
;      - exmem_latch:exmem_latch1|exmem_dators2_o[7]    ; 0                 ; 6       ;
;      - exmem_latch:exmem_latch1|exmem_dators2_o[8]    ; 0                 ; 6       ;
;      - exmem_latch:exmem_latch1|exmem_dators2_o[9]    ; 0                 ; 6       ;
;      - exmem_latch:exmem_latch1|exmem_dators2_o[10]   ; 0                 ; 6       ;
;      - exmem_latch:exmem_latch1|exmem_dators2_o[11]   ; 0                 ; 6       ;
;      - exmem_latch:exmem_latch1|exmem_dators2_o[12]   ; 0                 ; 6       ;
;      - exmem_latch:exmem_latch1|exmem_dators2_o[13]   ; 0                 ; 6       ;
;      - exmem_latch:exmem_latch1|exmem_dators2_o[14]   ; 0                 ; 6       ;
;      - exmem_latch:exmem_latch1|exmem_dators2_o[15]   ; 0                 ; 6       ;
;      - exmem_latch:exmem_latch1|exmem_dators2_o[16]   ; 0                 ; 6       ;
;      - exmem_latch:exmem_latch1|exmem_dators2_o[17]   ; 0                 ; 6       ;
;      - exmem_latch:exmem_latch1|exmem_dators2_o[18]   ; 0                 ; 6       ;
;      - exmem_latch:exmem_latch1|exmem_dators2_o[19]   ; 0                 ; 6       ;
;      - exmem_latch:exmem_latch1|exmem_dators2_o[20]   ; 0                 ; 6       ;
;      - exmem_latch:exmem_latch1|exmem_dators2_o[21]   ; 0                 ; 6       ;
;      - exmem_latch:exmem_latch1|exmem_dators2_o[22]   ; 0                 ; 6       ;
;      - exmem_latch:exmem_latch1|exmem_dators2_o[23]   ; 0                 ; 6       ;
;      - exmem_latch:exmem_latch1|exmem_dators2_o[24]   ; 0                 ; 6       ;
;      - exmem_latch:exmem_latch1|exmem_dators2_o[25]   ; 0                 ; 6       ;
;      - exmem_latch:exmem_latch1|exmem_dators2_o[26]   ; 0                 ; 6       ;
;      - exmem_latch:exmem_latch1|exmem_dators2_o[27]   ; 0                 ; 6       ;
;      - exmem_latch:exmem_latch1|exmem_dators2_o[28]   ; 0                 ; 6       ;
;      - exmem_latch:exmem_latch1|exmem_dators2_o[29]   ; 0                 ; 6       ;
;      - exmem_latch:exmem_latch1|exmem_dators2_o[30]   ; 0                 ; 6       ;
;      - exmem_latch:exmem_latch1|exmem_dators2_o[31]   ; 0                 ; 6       ;
;      - rfex_latch:rfex_latch1|rfex_Reg_Write_o        ; 0                 ; 6       ;
;      - regfile:register_read_stg|GPR_rtl_0_bypass[4]  ; 0                 ; 6       ;
;      - regfile:register_read_stg|GPR_rtl_0_bypass[2]  ; 0                 ; 6       ;
;      - regfile:register_read_stg|GPR_rtl_0_bypass[8]  ; 0                 ; 6       ;
;      - regfile:register_read_stg|GPR_rtl_0_bypass[6]  ; 0                 ; 6       ;
;      - regfile:register_read_stg|GPR_rtl_0_bypass[10] ; 0                 ; 6       ;
;      - regfile:register_read_stg|GPR~0                ; 0                 ; 6       ;
;      - IDRF_Latch:idrf_latch1|ifid_inst_o[27]         ; 0                 ; 6       ;
;      - IDRF_Latch:idrf_latch1|ifid_inst_o[1]          ; 0                 ; 6       ;
;      - IDRF_Latch:idrf_latch1|ifid_inst_o[4]          ; 0                 ; 6       ;
;      - IDRF_Latch:idrf_latch1|ifid_inst_o[6]          ; 0                 ; 6       ;
;      - IDRF_Latch:idrf_latch1|ifid_inst_o[5]          ; 0                 ; 6       ;
;      - IDRF_Latch:idrf_latch1|ifid_inst_o[2]          ; 0                 ; 6       ;
;      - regfile:register_read_stg|GPR_rtl_1_bypass[4]  ; 0                 ; 6       ;
;      - regfile:register_read_stg|GPR_rtl_1_bypass[2]  ; 0                 ; 6       ;
;      - regfile:register_read_stg|GPR_rtl_1_bypass[8]  ; 0                 ; 6       ;
;      - regfile:register_read_stg|GPR_rtl_1_bypass[6]  ; 0                 ; 6       ;
;      - regfile:register_read_stg|GPR_rtl_1_bypass[10] ; 0                 ; 6       ;
;      - regfile:register_read_stg|GPR~65               ; 0                 ; 6       ;
;      - IDRF_Latch:idrf_latch1|ALU_Src_o               ; 0                 ; 6       ;
;      - IDRF_Latch:idrf_latch1|ifid_inst_o[26]         ; 0                 ; 6       ;
;      - IDRF_Latch:idrf_latch1|ifid_inst_o[25]         ; 0                 ; 6       ;
;      - IDRF_Latch:idrf_latch1|ifid_inst_o[11]         ; 0                 ; 6       ;
;      - IDRF_Latch:idrf_latch1|ifid_inst_o[10]         ; 0                 ; 6       ;
;      - IDRF_Latch:idrf_latch1|ifid_inst_o[9]          ; 0                 ; 6       ;
;      - IDRF_Latch:idrf_latch1|ifid_inst_o[8]          ; 0                 ; 6       ;
;      - IDRF_Latch:idrf_latch1|ifid_inst_o[7]          ; 0                 ; 6       ;
;      - IFID_Latch:ifid_latch1|inst_o[13]              ; 0                 ; 6       ;
;      - IFID_Latch:ifid_latch1|inst_o[30]              ; 0                 ; 6       ;
;      - IFID_Latch:ifid_latch1|inst_o[12]              ; 0                 ; 6       ;
;      - IFID_Latch:ifid_latch1|inst_o[14]              ; 0                 ; 6       ;
;      - IDRF_Latch:idrf_latch1|ALU_Op_o[1]             ; 0                 ; 6       ;
;      - IDRF_Latch:idrf_latch1|ALU_Op_o[0]             ; 0                 ; 6       ;
;      - IDRF_Latch:idrf_latch1|ALU_Op_o[2]             ; 0                 ; 6       ;
;      - IFID_Latch:ifid_latch1|inst_o[1]               ; 0                 ; 6       ;
;      - IFID_Latch:ifid_latch1|inst_o[6]               ; 0                 ; 6       ;
;      - IFID_Latch:ifid_latch1|inst_o[3]               ; 0                 ; 6       ;
;      - IFID_Latch:ifid_latch1|inst_o[4]               ; 0                 ; 6       ;
;      - IFID_Latch:ifid_latch1|inst_o[5]               ; 0                 ; 6       ;
;      - IFID_Latch:ifid_latch1|inst_o[15]              ; 0                 ; 6       ;
;      - IFID_Latch:ifid_latch1|inst_o[16]              ; 0                 ; 6       ;
;      - IFID_Latch:ifid_latch1|inst_o[17]              ; 0                 ; 6       ;
;      - IFID_Latch:ifid_latch1|inst_o[18]              ; 0                 ; 6       ;
;      - IFID_Latch:ifid_latch1|inst_o[19]              ; 0                 ; 6       ;
;      - IFID_Latch:ifid_latch1|inst_o[21]              ; 0                 ; 6       ;
;      - IFID_Latch:ifid_latch1|inst_o[20]              ; 0                 ; 6       ;
;      - IFID_Latch:ifid_latch1|inst_o[23]              ; 0                 ; 6       ;
;      - IFID_Latch:ifid_latch1|inst_o[22]              ; 0                 ; 6       ;
;      - IFID_Latch:ifid_latch1|inst_o[24]              ; 0                 ; 6       ;
;      - IDRF_Latch:idrf_latch1|Reg_Write_o             ; 0                 ; 6       ;
;      - rfex_latch:rfex_latch1|rfex_J_Type_o           ; 0                 ; 6       ;
;      - memwb_latch:memwb_latch1|rd_o[0]               ; 0                 ; 6       ;
;      - memwb_latch:memwb_latch1|rd_o[1]               ; 0                 ; 6       ;
;      - memwb_latch:memwb_latch1|rd_o[2]               ; 0                 ; 6       ;
;      - memwb_latch:memwb_latch1|rd_o[3]               ; 0                 ; 6       ;
;      - memwb_latch:memwb_latch1|ctrl_regwrite_o       ; 0                 ; 6       ;
;      - memwb_latch:memwb_latch1|rd_o[4]               ; 0                 ; 6       ;
;      - IFID_Latch:ifid_latch1|inst_o[27]              ; 0                 ; 6       ;
;      - IFID_Latch:ifid_latch1|inst_o[26]              ; 0                 ; 6       ;
;      - IFID_Latch:ifid_latch1|inst_o[25]              ; 0                 ; 6       ;
;      - IFID_Latch:ifid_latch1|inst_o[11]              ; 0                 ; 6       ;
;      - IFID_Latch:ifid_latch1|inst_o[10]              ; 0                 ; 6       ;
;      - IFID_Latch:ifid_latch1|inst_o[9]               ; 0                 ; 6       ;
;      - fetch:fetch_stg|pc_next_o[1]                   ; 0                 ; 6       ;
;      - IFID_Latch:ifid_latch1|inst_o[8]               ; 0                 ; 6       ;
;      - IFID_Latch:ifid_latch1|inst_o[7]               ; 0                 ; 6       ;
;      - IDRF_Latch:idrf_latch1|Inst_Branch_o           ; 0                 ; 6       ;
;      - rfex_latch:rfex_latch1|rfex_Inst_Branch_o      ; 0                 ; 6       ;
;      - IDRF_Latch:idrf_latch1|J_Type_o                ; 0                 ; 6       ;
;      - exmem_latch:exmem_latch1|exmem_Reg_Write_o     ; 0                 ; 6       ;
;      - rfex_latch:rfex_latch1|rfex_MEM_Write_o        ; 0                 ; 6       ;
;      - IDRF_Latch:idrf_latch1|MEM_Write_o             ; 0                 ; 6       ;
+-------------------------------------------------------+-------------------+---------+


+-------------------------------------------------------------------------------------------------------------------------------------------------------------------+
; Control Signals                                                                                                                                                   ;
+--------------------------------------+--------------------+---------+--------------+--------+----------------------+------------------+---------------------------+
; Name                                 ; Location           ; Fan-Out ; Usage        ; Global ; Global Resource Used ; Global Line Name ; Enable Signal Source Name ;
+--------------------------------------+--------------------+---------+--------------+--------+----------------------+------------------+---------------------------+
; br_taken~3                           ; LCCOMB_X54_Y47_N26 ; 40      ; Sync. load   ; no     ; --                   ; --               ; --                        ;
; clk_i                                ; PIN_Y2             ; 16443   ; Clock        ; yes    ; Global Clock         ; GCLK4            ; --                        ;
; dcache:memaccess_stage|memoria~13634 ; LCCOMB_X56_Y38_N8  ; 61      ; Clock enable ; no     ; --                   ; --               ; --                        ;
; dcache:memaccess_stage|memoria~13636 ; LCCOMB_X58_Y37_N2  ; 61      ; Clock enable ; no     ; --                   ; --               ; --                        ;
; dcache:memaccess_stage|memoria~13638 ; LCCOMB_X58_Y37_N28 ; 61      ; Clock enable ; no     ; --                   ; --               ; --                        ;
; dcache:memaccess_stage|memoria~13640 ; LCCOMB_X56_Y38_N14 ; 61      ; Clock enable ; no     ; --                   ; --               ; --                        ;
; dcache:memaccess_stage|memoria~13642 ; LCCOMB_X45_Y34_N30 ; 61      ; Clock enable ; no     ; --                   ; --               ; --                        ;
; dcache:memaccess_stage|memoria~13643 ; LCCOMB_X45_Y34_N20 ; 61      ; Clock enable ; no     ; --                   ; --               ; --                        ;
; dcache:memaccess_stage|memoria~13644 ; LCCOMB_X45_Y34_N6  ; 61      ; Clock enable ; no     ; --                   ; --               ; --                        ;
; dcache:memaccess_stage|memoria~13645 ; LCCOMB_X45_Y34_N28 ; 61      ; Clock enable ; no     ; --                   ; --               ; --                        ;
; dcache:memaccess_stage|memoria~13647 ; LCCOMB_X45_Y35_N2  ; 61      ; Clock enable ; no     ; --                   ; --               ; --                        ;
; dcache:memaccess_stage|memoria~13648 ; LCCOMB_X45_Y35_N20 ; 61      ; Clock enable ; no     ; --                   ; --               ; --                        ;
; dcache:memaccess_stage|memoria~13649 ; LCCOMB_X45_Y37_N18 ; 61      ; Clock enable ; no     ; --                   ; --               ; --                        ;
; dcache:memaccess_stage|memoria~13650 ; LCCOMB_X45_Y35_N22 ; 61      ; Clock enable ; no     ; --                   ; --               ; --                        ;
; dcache:memaccess_stage|memoria~13652 ; LCCOMB_X45_Y36_N30 ; 61      ; Clock enable ; no     ; --                   ; --               ; --                        ;
; dcache:memaccess_stage|memoria~13653 ; LCCOMB_X47_Y34_N26 ; 61      ; Clock enable ; no     ; --                   ; --               ; --                        ;
; dcache:memaccess_stage|memoria~13654 ; LCCOMB_X47_Y34_N28 ; 61      ; Clock enable ; no     ; --                   ; --               ; --                        ;
; dcache:memaccess_stage|memoria~13655 ; LCCOMB_X45_Y36_N0  ; 61      ; Clock enable ; no     ; --                   ; --               ; --                        ;
; dcache:memaccess_stage|memoria~13657 ; LCCOMB_X45_Y39_N24 ; 61      ; Clock enable ; no     ; --                   ; --               ; --                        ;
; dcache:memaccess_stage|memoria~13658 ; LCCOMB_X43_Y38_N30 ; 61      ; Clock enable ; no     ; --                   ; --               ; --                        ;
; dcache:memaccess_stage|memoria~13659 ; LCCOMB_X43_Y38_N28 ; 61      ; Clock enable ; no     ; --                   ; --               ; --                        ;
; dcache:memaccess_stage|memoria~13660 ; LCCOMB_X43_Y38_N2  ; 61      ; Clock enable ; no     ; --                   ; --               ; --                        ;
; dcache:memaccess_stage|memoria~13662 ; LCCOMB_X45_Y39_N22 ; 61      ; Clock enable ; no     ; --                   ; --               ; --                        ;
; dcache:memaccess_stage|memoria~13663 ; LCCOMB_X50_Y42_N4  ; 61      ; Clock enable ; no     ; --                   ; --               ; --                        ;
; dcache:memaccess_stage|memoria~13664 ; LCCOMB_X45_Y39_N12 ; 61      ; Clock enable ; no     ; --                   ; --               ; --                        ;
; dcache:memaccess_stage|memoria~13665 ; LCCOMB_X45_Y39_N14 ; 61      ; Clock enable ; no     ; --                   ; --               ; --                        ;
; dcache:memaccess_stage|memoria~13667 ; LCCOMB_X45_Y39_N4  ; 61      ; Clock enable ; no     ; --                   ; --               ; --                        ;
; dcache:memaccess_stage|memoria~13668 ; LCCOMB_X45_Y39_N26 ; 61      ; Clock enable ; no     ; --                   ; --               ; --                        ;
; dcache:memaccess_stage|memoria~13669 ; LCCOMB_X45_Y39_N20 ; 61      ; Clock enable ; no     ; --                   ; --               ; --                        ;
; dcache:memaccess_stage|memoria~13670 ; LCCOMB_X45_Y38_N28 ; 61      ; Clock enable ; no     ; --                   ; --               ; --                        ;
; dcache:memaccess_stage|memoria~13672 ; LCCOMB_X43_Y38_N12 ; 61      ; Clock enable ; no     ; --                   ; --               ; --                        ;
; dcache:memaccess_stage|memoria~13673 ; LCCOMB_X45_Y37_N0  ; 61      ; Clock enable ; no     ; --                   ; --               ; --                        ;
; dcache:memaccess_stage|memoria~13674 ; LCCOMB_X43_Y38_N6  ; 61      ; Clock enable ; no     ; --                   ; --               ; --                        ;
; dcache:memaccess_stage|memoria~13675 ; LCCOMB_X43_Y38_N0  ; 61      ; Clock enable ; no     ; --                   ; --               ; --                        ;
; dcache:memaccess_stage|memoria~13677 ; LCCOMB_X45_Y36_N18 ; 61      ; Clock enable ; no     ; --                   ; --               ; --                        ;
; dcache:memaccess_stage|memoria~13678 ; LCCOMB_X45_Y36_N4  ; 61      ; Clock enable ; no     ; --                   ; --               ; --                        ;
; dcache:memaccess_stage|memoria~13679 ; LCCOMB_X58_Y37_N18 ; 61      ; Clock enable ; no     ; --                   ; --               ; --                        ;
; dcache:memaccess_stage|memoria~13680 ; LCCOMB_X45_Y36_N6  ; 61      ; Clock enable ; no     ; --                   ; --               ; --                        ;
; dcache:memaccess_stage|memoria~13682 ; LCCOMB_X45_Y36_N28 ; 61      ; Clock enable ; no     ; --                   ; --               ; --                        ;
; dcache:memaccess_stage|memoria~13683 ; LCCOMB_X45_Y35_N28 ; 61      ; Clock enable ; no     ; --                   ; --               ; --                        ;
; dcache:memaccess_stage|memoria~13684 ; LCCOMB_X45_Y37_N14 ; 61      ; Clock enable ; no     ; --                   ; --               ; --                        ;
; dcache:memaccess_stage|memoria~13685 ; LCCOMB_X45_Y35_N30 ; 61      ; Clock enable ; no     ; --                   ; --               ; --                        ;
; dcache:memaccess_stage|memoria~13687 ; LCCOMB_X45_Y34_N26 ; 61      ; Clock enable ; no     ; --                   ; --               ; --                        ;
; dcache:memaccess_stage|memoria~13688 ; LCCOMB_X45_Y34_N12 ; 61      ; Clock enable ; no     ; --                   ; --               ; --                        ;
; dcache:memaccess_stage|memoria~13689 ; LCCOMB_X45_Y34_N14 ; 61      ; Clock enable ; no     ; --                   ; --               ; --                        ;
; dcache:memaccess_stage|memoria~13690 ; LCCOMB_X45_Y34_N8  ; 61      ; Clock enable ; no     ; --                   ; --               ; --                        ;
; dcache:memaccess_stage|memoria~13692 ; LCCOMB_X45_Y34_N2  ; 61      ; Clock enable ; no     ; --                   ; --               ; --                        ;
; dcache:memaccess_stage|memoria~13693 ; LCCOMB_X45_Y35_N0  ; 61      ; Clock enable ; no     ; --                   ; --               ; --                        ;
; dcache:memaccess_stage|memoria~13694 ; LCCOMB_X47_Y34_N30 ; 61      ; Clock enable ; no     ; --                   ; --               ; --                        ;
; dcache:memaccess_stage|memoria~13695 ; LCCOMB_X45_Y37_N4  ; 61      ; Clock enable ; no     ; --                   ; --               ; --                        ;
; dcache:memaccess_stage|memoria~13697 ; LCCOMB_X50_Y42_N26 ; 61      ; Clock enable ; no     ; --                   ; --               ; --                        ;
; dcache:memaccess_stage|memoria~13699 ; LCCOMB_X50_Y42_N28 ; 61      ; Clock enable ; no     ; --                   ; --               ; --                        ;
; dcache:memaccess_stage|memoria~13700 ; LCCOMB_X45_Y39_N18 ; 61      ; Clock enable ; no     ; --                   ; --               ; --                        ;
; dcache:memaccess_stage|memoria~13701 ; LCCOMB_X50_Y42_N18 ; 61      ; Clock enable ; no     ; --                   ; --               ; --                        ;
; dcache:memaccess_stage|memoria~13703 ; LCCOMB_X45_Y37_N10 ; 61      ; Clock enable ; no     ; --                   ; --               ; --                        ;
; dcache:memaccess_stage|memoria~13705 ; LCCOMB_X50_Y42_N24 ; 61      ; Clock enable ; no     ; --                   ; --               ; --                        ;
; dcache:memaccess_stage|memoria~13706 ; LCCOMB_X43_Y38_N10 ; 61      ; Clock enable ; no     ; --                   ; --               ; --                        ;
; dcache:memaccess_stage|memoria~13707 ; LCCOMB_X45_Y37_N24 ; 61      ; Clock enable ; no     ; --                   ; --               ; --                        ;
; dcache:memaccess_stage|memoria~13708 ; LCCOMB_X50_Y42_N10 ; 61      ; Clock enable ; no     ; --                   ; --               ; --                        ;
; dcache:memaccess_stage|memoria~13709 ; LCCOMB_X52_Y40_N2  ; 61      ; Clock enable ; no     ; --                   ; --               ; --                        ;
; dcache:memaccess_stage|memoria~13710 ; LCCOMB_X45_Y37_N30 ; 61      ; Clock enable ; no     ; --                   ; --               ; --                        ;
; dcache:memaccess_stage|memoria~13711 ; LCCOMB_X50_Y42_N20 ; 61      ; Clock enable ; no     ; --                   ; --               ; --                        ;
; dcache:memaccess_stage|memoria~13712 ; LCCOMB_X50_Y42_N22 ; 61      ; Clock enable ; no     ; --                   ; --               ; --                        ;
; dcache:memaccess_stage|memoria~13713 ; LCCOMB_X45_Y39_N8  ; 61      ; Clock enable ; no     ; --                   ; --               ; --                        ;
; dcache:memaccess_stage|memoria~13714 ; LCCOMB_X43_Y38_N16 ; 61      ; Clock enable ; no     ; --                   ; --               ; --                        ;
; dcache:memaccess_stage|memoria~13715 ; LCCOMB_X50_Y42_N8  ; 61      ; Clock enable ; no     ; --                   ; --               ; --                        ;
; dcache:memaccess_stage|memoria~13717 ; LCCOMB_X65_Y43_N20 ; 61      ; Clock enable ; no     ; --                   ; --               ; --                        ;
; dcache:memaccess_stage|memoria~13718 ; LCCOMB_X65_Y43_N22 ; 61      ; Clock enable ; no     ; --                   ; --               ; --                        ;
; dcache:memaccess_stage|memoria~13719 ; LCCOMB_X65_Y43_N0  ; 61      ; Clock enable ; no     ; --                   ; --               ; --                        ;
; dcache:memaccess_stage|memoria~13720 ; LCCOMB_X65_Y43_N10 ; 61      ; Clock enable ; no     ; --                   ; --               ; --                        ;
; dcache:memaccess_stage|memoria~13721 ; LCCOMB_X67_Y43_N8  ; 61      ; Clock enable ; no     ; --                   ; --               ; --                        ;
; dcache:memaccess_stage|memoria~13722 ; LCCOMB_X65_Y43_N28 ; 61      ; Clock enable ; no     ; --                   ; --               ; --                        ;
; dcache:memaccess_stage|memoria~13723 ; LCCOMB_X65_Y43_N18 ; 61      ; Clock enable ; no     ; --                   ; --               ; --                        ;
; dcache:memaccess_stage|memoria~13724 ; LCCOMB_X65_Y43_N4  ; 61      ; Clock enable ; no     ; --                   ; --               ; --                        ;
; dcache:memaccess_stage|memoria~13725 ; LCCOMB_X65_Y43_N2  ; 61      ; Clock enable ; no     ; --                   ; --               ; --                        ;
; dcache:memaccess_stage|memoria~13726 ; LCCOMB_X65_Y43_N8  ; 61      ; Clock enable ; no     ; --                   ; --               ; --                        ;
; dcache:memaccess_stage|memoria~13727 ; LCCOMB_X65_Y43_N26 ; 61      ; Clock enable ; no     ; --                   ; --               ; --                        ;
; dcache:memaccess_stage|memoria~13728 ; LCCOMB_X65_Y43_N16 ; 61      ; Clock enable ; no     ; --                   ; --               ; --                        ;
; dcache:memaccess_stage|memoria~13729 ; LCCOMB_X67_Y42_N30 ; 61      ; Clock enable ; no     ; --                   ; --               ; --                        ;
; dcache:memaccess_stage|memoria~13730 ; LCCOMB_X67_Y43_N30 ; 61      ; Clock enable ; no     ; --                   ; --               ; --                        ;
; dcache:memaccess_stage|memoria~13731 ; LCCOMB_X61_Y39_N22 ; 61      ; Clock enable ; no     ; --                   ; --               ; --                        ;
; dcache:memaccess_stage|memoria~13732 ; LCCOMB_X58_Y40_N22 ; 61      ; Clock enable ; no     ; --                   ; --               ; --                        ;
; dcache:memaccess_stage|memoria~13734 ; LCCOMB_X68_Y42_N30 ; 61      ; Clock enable ; no     ; --                   ; --               ; --                        ;
; dcache:memaccess_stage|memoria~13735 ; LCCOMB_X68_Y42_N0  ; 61      ; Clock enable ; no     ; --                   ; --               ; --                        ;
; dcache:memaccess_stage|memoria~13736 ; LCCOMB_X68_Y42_N2  ; 61      ; Clock enable ; no     ; --                   ; --               ; --                        ;
; dcache:memaccess_stage|memoria~13737 ; LCCOMB_X68_Y42_N16 ; 61      ; Clock enable ; no     ; --                   ; --               ; --                        ;
; dcache:memaccess_stage|memoria~13738 ; LCCOMB_X70_Y42_N20 ; 61      ; Clock enable ; no     ; --                   ; --               ; --                        ;
; dcache:memaccess_stage|memoria~13739 ; LCCOMB_X70_Y42_N6  ; 61      ; Clock enable ; no     ; --                   ; --               ; --                        ;
; dcache:memaccess_stage|memoria~13740 ; LCCOMB_X68_Y42_N10 ; 61      ; Clock enable ; no     ; --                   ; --               ; --                        ;
; dcache:memaccess_stage|memoria~13741 ; LCCOMB_X70_Y43_N2  ; 61      ; Clock enable ; no     ; --                   ; --               ; --                        ;
; dcache:memaccess_stage|memoria~13742 ; LCCOMB_X68_Y42_N28 ; 61      ; Clock enable ; no     ; --                   ; --               ; --                        ;
; dcache:memaccess_stage|memoria~13743 ; LCCOMB_X67_Y43_N4  ; 61      ; Clock enable ; no     ; --                   ; --               ; --                        ;
; dcache:memaccess_stage|memoria~13744 ; LCCOMB_X67_Y43_N18 ; 61      ; Clock enable ; no     ; --                   ; --               ; --                        ;
; dcache:memaccess_stage|memoria~13745 ; LCCOMB_X70_Y41_N18 ; 61      ; Clock enable ; no     ; --                   ; --               ; --                        ;
; dcache:memaccess_stage|memoria~13746 ; LCCOMB_X67_Y42_N6  ; 61      ; Clock enable ; no     ; --                   ; --               ; --                        ;
; dcache:memaccess_stage|memoria~13747 ; LCCOMB_X70_Y42_N28 ; 61      ; Clock enable ; no     ; --                   ; --               ; --                        ;
; dcache:memaccess_stage|memoria~13748 ; LCCOMB_X70_Y42_N30 ; 61      ; Clock enable ; no     ; --                   ; --               ; --                        ;
; dcache:memaccess_stage|memoria~13749 ; LCCOMB_X70_Y41_N0  ; 61      ; Clock enable ; no     ; --                   ; --               ; --                        ;
; dcache:memaccess_stage|memoria~13751 ; LCCOMB_X68_Y42_N14 ; 61      ; Clock enable ; no     ; --                   ; --               ; --                        ;
; dcache:memaccess_stage|memoria~13752 ; LCCOMB_X68_Y42_N20 ; 61      ; Clock enable ; no     ; --                   ; --               ; --                        ;
; dcache:memaccess_stage|memoria~13753 ; LCCOMB_X68_Y42_N18 ; 61      ; Clock enable ; no     ; --                   ; --               ; --                        ;
; dcache:memaccess_stage|memoria~13754 ; LCCOMB_X68_Y42_N24 ; 61      ; Clock enable ; no     ; --                   ; --               ; --                        ;
; dcache:memaccess_stage|memoria~13755 ; LCCOMB_X70_Y40_N18 ; 61      ; Clock enable ; no     ; --                   ; --               ; --                        ;
; dcache:memaccess_stage|memoria~13756 ; LCCOMB_X70_Y42_N24 ; 61      ; Clock enable ; no     ; --                   ; --               ; --                        ;
; dcache:memaccess_stage|memoria~13757 ; LCCOMB_X68_Y42_N26 ; 61      ; Clock enable ; no     ; --                   ; --               ; --                        ;
; dcache:memaccess_stage|memoria~13758 ; LCCOMB_X70_Y42_N10 ; 61      ; Clock enable ; no     ; --                   ; --               ; --                        ;
; dcache:memaccess_stage|memoria~13759 ; LCCOMB_X67_Y42_N0  ; 61      ; Clock enable ; no     ; --                   ; --               ; --                        ;
; dcache:memaccess_stage|memoria~13760 ; LCCOMB_X68_Y41_N22 ; 61      ; Clock enable ; no     ; --                   ; --               ; --                        ;
; dcache:memaccess_stage|memoria~13761 ; LCCOMB_X68_Y41_N8  ; 61      ; Clock enable ; no     ; --                   ; --               ; --                        ;
; dcache:memaccess_stage|memoria~13762 ; LCCOMB_X70_Y42_N0  ; 61      ; Clock enable ; no     ; --                   ; --               ; --                        ;
; dcache:memaccess_stage|memoria~13763 ; LCCOMB_X70_Y42_N14 ; 61      ; Clock enable ; no     ; --                   ; --               ; --                        ;
; dcache:memaccess_stage|memoria~13764 ; LCCOMB_X70_Y42_N8  ; 61      ; Clock enable ; no     ; --                   ; --               ; --                        ;
; dcache:memaccess_stage|memoria~13765 ; LCCOMB_X68_Y42_N8  ; 61      ; Clock enable ; no     ; --                   ; --               ; --                        ;
; dcache:memaccess_stage|memoria~13766 ; LCCOMB_X70_Y41_N22 ; 61      ; Clock enable ; no     ; --                   ; --               ; --                        ;
; dcache:memaccess_stage|memoria~13768 ; LCCOMB_X65_Y43_N14 ; 61      ; Clock enable ; no     ; --                   ; --               ; --                        ;
; dcache:memaccess_stage|memoria~13769 ; LCCOMB_X67_Y43_N16 ; 61      ; Clock enable ; no     ; --                   ; --               ; --                        ;
; dcache:memaccess_stage|memoria~13770 ; LCCOMB_X67_Y43_N6  ; 61      ; Clock enable ; no     ; --                   ; --               ; --                        ;
; dcache:memaccess_stage|memoria~13771 ; LCCOMB_X67_Y43_N20 ; 61      ; Clock enable ; no     ; --                   ; --               ; --                        ;
; dcache:memaccess_stage|memoria~13772 ; LCCOMB_X70_Y41_N8  ; 61      ; Clock enable ; no     ; --                   ; --               ; --                        ;
; dcache:memaccess_stage|memoria~13773 ; LCCOMB_X67_Y43_N26 ; 61      ; Clock enable ; no     ; --                   ; --               ; --                        ;
; dcache:memaccess_stage|memoria~13774 ; LCCOMB_X65_Y43_N24 ; 61      ; Clock enable ; no     ; --                   ; --               ; --                        ;
; dcache:memaccess_stage|memoria~13775 ; LCCOMB_X70_Y42_N26 ; 61      ; Clock enable ; no     ; --                   ; --               ; --                        ;
; dcache:memaccess_stage|memoria~13776 ; LCCOMB_X67_Y43_N12 ; 61      ; Clock enable ; no     ; --                   ; --               ; --                        ;
; dcache:memaccess_stage|memoria~13777 ; LCCOMB_X67_Y43_N14 ; 61      ; Clock enable ; no     ; --                   ; --               ; --                        ;
; dcache:memaccess_stage|memoria~13778 ; LCCOMB_X67_Y43_N28 ; 61      ; Clock enable ; no     ; --                   ; --               ; --                        ;
; dcache:memaccess_stage|memoria~13779 ; LCCOMB_X70_Y42_N4  ; 61      ; Clock enable ; no     ; --                   ; --               ; --                        ;
; dcache:memaccess_stage|memoria~13780 ; LCCOMB_X68_Y42_N22 ; 61      ; Clock enable ; no     ; --                   ; --               ; --                        ;
; dcache:memaccess_stage|memoria~13781 ; LCCOMB_X67_Y43_N2  ; 61      ; Clock enable ; no     ; --                   ; --               ; --                        ;
; dcache:memaccess_stage|memoria~13782 ; LCCOMB_X68_Y42_N4  ; 61      ; Clock enable ; no     ; --                   ; --               ; --                        ;
; dcache:memaccess_stage|memoria~13783 ; LCCOMB_X70_Y41_N26 ; 61      ; Clock enable ; no     ; --                   ; --               ; --                        ;
; dcache:memaccess_stage|memoria~13785 ; LCCOMB_X61_Y39_N4  ; 61      ; Clock enable ; no     ; --                   ; --               ; --                        ;
; dcache:memaccess_stage|memoria~13787 ; LCCOMB_X70_Y40_N12 ; 61      ; Clock enable ; no     ; --                   ; --               ; --                        ;
; dcache:memaccess_stage|memoria~13788 ; LCCOMB_X67_Y38_N24 ; 61      ; Clock enable ; no     ; --                   ; --               ; --                        ;
; dcache:memaccess_stage|memoria~13789 ; LCCOMB_X70_Y40_N6  ; 61      ; Clock enable ; no     ; --                   ; --               ; --                        ;
; dcache:memaccess_stage|memoria~13791 ; LCCOMB_X70_Y38_N22 ; 61      ; Clock enable ; no     ; --                   ; --               ; --                        ;
; dcache:memaccess_stage|memoria~13793 ; LCCOMB_X67_Y38_N26 ; 61      ; Clock enable ; no     ; --                   ; --               ; --                        ;
; dcache:memaccess_stage|memoria~13794 ; LCCOMB_X61_Y39_N2  ; 61      ; Clock enable ; no     ; --                   ; --               ; --                        ;
; dcache:memaccess_stage|memoria~13795 ; LCCOMB_X61_Y39_N12 ; 61      ; Clock enable ; no     ; --                   ; --               ; --                        ;
; dcache:memaccess_stage|memoria~13796 ; LCCOMB_X70_Y38_N8  ; 61      ; Clock enable ; no     ; --                   ; --               ; --                        ;
; dcache:memaccess_stage|memoria~13797 ; LCCOMB_X67_Y38_N8  ; 61      ; Clock enable ; no     ; --                   ; --               ; --                        ;
; dcache:memaccess_stage|memoria~13798 ; LCCOMB_X70_Y38_N18 ; 61      ; Clock enable ; no     ; --                   ; --               ; --                        ;
; dcache:memaccess_stage|memoria~13799 ; LCCOMB_X67_Y38_N22 ; 61      ; Clock enable ; no     ; --                   ; --               ; --                        ;
; dcache:memaccess_stage|memoria~13800 ; LCCOMB_X58_Y37_N10 ; 61      ; Clock enable ; no     ; --                   ; --               ; --                        ;
; dcache:memaccess_stage|memoria~13801 ; LCCOMB_X70_Y40_N20 ; 61      ; Clock enable ; no     ; --                   ; --               ; --                        ;
; dcache:memaccess_stage|memoria~13802 ; LCCOMB_X58_Y37_N24 ; 61      ; Clock enable ; no     ; --                   ; --               ; --                        ;
; dcache:memaccess_stage|memoria~13803 ; LCCOMB_X61_Y39_N6  ; 61      ; Clock enable ; no     ; --                   ; --               ; --                        ;
; dcache:memaccess_stage|memoria~13804 ; LCCOMB_X67_Y38_N4  ; 61      ; Clock enable ; no     ; --                   ; --               ; --                        ;
; dcache:memaccess_stage|memoria~13805 ; LCCOMB_X70_Y40_N30 ; 61      ; Clock enable ; no     ; --                   ; --               ; --                        ;
; dcache:memaccess_stage|memoria~13806 ; LCCOMB_X67_Y38_N2  ; 61      ; Clock enable ; no     ; --                   ; --               ; --                        ;
; dcache:memaccess_stage|memoria~13807 ; LCCOMB_X70_Y40_N28 ; 61      ; Clock enable ; no     ; --                   ; --               ; --                        ;
; dcache:memaccess_stage|memoria~13808 ; LCCOMB_X67_Y38_N0  ; 61      ; Clock enable ; no     ; --                   ; --               ; --                        ;
; dcache:memaccess_stage|memoria~13809 ; LCCOMB_X67_Y38_N6  ; 61      ; Clock enable ; no     ; --                   ; --               ; --                        ;
; dcache:memaccess_stage|memoria~13810 ; LCCOMB_X67_Y38_N20 ; 61      ; Clock enable ; no     ; --                   ; --               ; --                        ;
; dcache:memaccess_stage|memoria~13811 ; LCCOMB_X65_Y39_N16 ; 61      ; Clock enable ; no     ; --                   ; --               ; --                        ;
; dcache:memaccess_stage|memoria~13812 ; LCCOMB_X70_Y38_N0  ; 61      ; Clock enable ; no     ; --                   ; --               ; --                        ;
; dcache:memaccess_stage|memoria~13813 ; LCCOMB_X70_Y38_N6  ; 61      ; Clock enable ; no     ; --                   ; --               ; --                        ;
; dcache:memaccess_stage|memoria~13814 ; LCCOMB_X61_Y39_N16 ; 61      ; Clock enable ; no     ; --                   ; --               ; --                        ;
; dcache:memaccess_stage|memoria~13815 ; LCCOMB_X70_Y38_N24 ; 61      ; Clock enable ; no     ; --                   ; --               ; --                        ;
; dcache:memaccess_stage|memoria~13816 ; LCCOMB_X61_Y39_N30 ; 61      ; Clock enable ; no     ; --                   ; --               ; --                        ;
; dcache:memaccess_stage|memoria~13817 ; LCCOMB_X58_Y37_N14 ; 61      ; Clock enable ; no     ; --                   ; --               ; --                        ;
; dcache:memaccess_stage|memoria~13818 ; LCCOMB_X61_Y39_N0  ; 61      ; Clock enable ; no     ; --                   ; --               ; --                        ;
; dcache:memaccess_stage|memoria~13819 ; LCCOMB_X70_Y40_N14 ; 61      ; Clock enable ; no     ; --                   ; --               ; --                        ;
; dcache:memaccess_stage|memoria~13820 ; LCCOMB_X70_Y40_N4  ; 61      ; Clock enable ; no     ; --                   ; --               ; --                        ;
; dcache:memaccess_stage|memoria~13821 ; LCCOMB_X70_Y40_N22 ; 61      ; Clock enable ; no     ; --                   ; --               ; --                        ;
; dcache:memaccess_stage|memoria~13822 ; LCCOMB_X70_Y40_N16 ; 61      ; Clock enable ; no     ; --                   ; --               ; --                        ;
; dcache:memaccess_stage|memoria~13823 ; LCCOMB_X61_Y39_N26 ; 61      ; Clock enable ; no     ; --                   ; --               ; --                        ;
; dcache:memaccess_stage|memoria~13824 ; LCCOMB_X70_Y38_N26 ; 61      ; Clock enable ; no     ; --                   ; --               ; --                        ;
; dcache:memaccess_stage|memoria~13825 ; LCCOMB_X66_Y39_N10 ; 61      ; Clock enable ; no     ; --                   ; --               ; --                        ;
; dcache:memaccess_stage|memoria~13826 ; LCCOMB_X70_Y38_N16 ; 61      ; Clock enable ; no     ; --                   ; --               ; --                        ;
; dcache:memaccess_stage|memoria~13827 ; LCCOMB_X67_Y38_N30 ; 61      ; Clock enable ; no     ; --                   ; --               ; --                        ;
; dcache:memaccess_stage|memoria~13828 ; LCCOMB_X61_Y39_N20 ; 61      ; Clock enable ; no     ; --                   ; --               ; --                        ;
; dcache:memaccess_stage|memoria~13829 ; LCCOMB_X70_Y38_N30 ; 61      ; Clock enable ; no     ; --                   ; --               ; --                        ;
; dcache:memaccess_stage|memoria~13830 ; LCCOMB_X70_Y38_N12 ; 61      ; Clock enable ; no     ; --                   ; --               ; --                        ;
; dcache:memaccess_stage|memoria~13831 ; LCCOMB_X67_Y38_N28 ; 61      ; Clock enable ; no     ; --                   ; --               ; --                        ;
; dcache:memaccess_stage|memoria~13832 ; LCCOMB_X61_Y39_N18 ; 61      ; Clock enable ; no     ; --                   ; --               ; --                        ;
; dcache:memaccess_stage|memoria~13833 ; LCCOMB_X70_Y40_N10 ; 61      ; Clock enable ; no     ; --                   ; --               ; --                        ;
; dcache:memaccess_stage|memoria~13834 ; LCCOMB_X70_Y40_N24 ; 61      ; Clock enable ; no     ; --                   ; --               ; --                        ;
; dcache:memaccess_stage|memoria~13835 ; LCCOMB_X67_Y38_N10 ; 61      ; Clock enable ; no     ; --                   ; --               ; --                        ;
; dcache:memaccess_stage|memoria~13836 ; LCCOMB_X61_Y39_N28 ; 61      ; Clock enable ; no     ; --                   ; --               ; --                        ;
; dcache:memaccess_stage|memoria~13837 ; LCCOMB_X70_Y38_N10 ; 61      ; Clock enable ; no     ; --                   ; --               ; --                        ;
; dcache:memaccess_stage|memoria~13838 ; LCCOMB_X61_Y39_N14 ; 61      ; Clock enable ; no     ; --                   ; --               ; --                        ;
; dcache:memaccess_stage|memoria~13839 ; LCCOMB_X70_Y40_N2  ; 61      ; Clock enable ; no     ; --                   ; --               ; --                        ;
; dcache:memaccess_stage|memoria~13840 ; LCCOMB_X61_Y39_N8  ; 61      ; Clock enable ; no     ; --                   ; --               ; --                        ;
; dcache:memaccess_stage|memoria~13841 ; LCCOMB_X67_Y38_N16 ; 61      ; Clock enable ; no     ; --                   ; --               ; --                        ;
; dcache:memaccess_stage|memoria~13842 ; LCCOMB_X70_Y40_N0  ; 61      ; Clock enable ; no     ; --                   ; --               ; --                        ;
; dcache:memaccess_stage|memoria~13843 ; LCCOMB_X67_Y38_N14 ; 61      ; Clock enable ; no     ; --                   ; --               ; --                        ;
; dcache:memaccess_stage|memoria~13844 ; LCCOMB_X70_Y40_N26 ; 61      ; Clock enable ; no     ; --                   ; --               ; --                        ;
; dcache:memaccess_stage|memoria~13845 ; LCCOMB_X70_Y38_N4  ; 61      ; Clock enable ; no     ; --                   ; --               ; --                        ;
; dcache:memaccess_stage|memoria~13846 ; LCCOMB_X68_Y42_N6  ; 61      ; Clock enable ; no     ; --                   ; --               ; --                        ;
; dcache:memaccess_stage|memoria~13847 ; LCCOMB_X67_Y38_N12 ; 61      ; Clock enable ; no     ; --                   ; --               ; --                        ;
; dcache:memaccess_stage|memoria~13848 ; LCCOMB_X61_Y39_N10 ; 61      ; Clock enable ; no     ; --                   ; --               ; --                        ;
; dcache:memaccess_stage|memoria~13849 ; LCCOMB_X67_Y38_N18 ; 61      ; Clock enable ; no     ; --                   ; --               ; --                        ;
; dcache:memaccess_stage|memoria~13850 ; LCCOMB_X65_Y39_N2  ; 61      ; Clock enable ; no     ; --                   ; --               ; --                        ;
; dcache:memaccess_stage|memoria~13851 ; LCCOMB_X58_Y40_N0  ; 61      ; Clock enable ; no     ; --                   ; --               ; --                        ;
; dcache:memaccess_stage|memoria~13853 ; LCCOMB_X45_Y34_N16 ; 61      ; Clock enable ; no     ; --                   ; --               ; --                        ;
; dcache:memaccess_stage|memoria~13854 ; LCCOMB_X43_Y38_N26 ; 61      ; Clock enable ; no     ; --                   ; --               ; --                        ;
; dcache:memaccess_stage|memoria~13855 ; LCCOMB_X45_Y35_N18 ; 61      ; Clock enable ; no     ; --                   ; --               ; --                        ;
; dcache:memaccess_stage|memoria~13856 ; LCCOMB_X43_Y38_N4  ; 61      ; Clock enable ; no     ; --                   ; --               ; --                        ;
; dcache:memaccess_stage|memoria~13858 ; LCCOMB_X43_Y38_N18 ; 61      ; Clock enable ; no     ; --                   ; --               ; --                        ;
; dcache:memaccess_stage|memoria~13859 ; LCCOMB_X45_Y34_N10 ; 61      ; Clock enable ; no     ; --                   ; --               ; --                        ;
; dcache:memaccess_stage|memoria~13860 ; LCCOMB_X45_Y36_N22 ; 61      ; Clock enable ; no     ; --                   ; --               ; --                        ;
; dcache:memaccess_stage|memoria~13861 ; LCCOMB_X45_Y37_N12 ; 61      ; Clock enable ; no     ; --                   ; --               ; --                        ;
; dcache:memaccess_stage|memoria~13863 ; LCCOMB_X45_Y39_N10 ; 61      ; Clock enable ; no     ; --                   ; --               ; --                        ;
; dcache:memaccess_stage|memoria~13864 ; LCCOMB_X45_Y34_N4  ; 61      ; Clock enable ; no     ; --                   ; --               ; --                        ;
; dcache:memaccess_stage|memoria~13865 ; LCCOMB_X45_Y35_N24 ; 61      ; Clock enable ; no     ; --                   ; --               ; --                        ;
; dcache:memaccess_stage|memoria~13866 ; LCCOMB_X45_Y39_N28 ; 61      ; Clock enable ; no     ; --                   ; --               ; --                        ;
; dcache:memaccess_stage|memoria~13868 ; LCCOMB_X45_Y36_N12 ; 61      ; Clock enable ; no     ; --                   ; --               ; --                        ;
; dcache:memaccess_stage|memoria~13869 ; LCCOMB_X43_Y38_N8  ; 61      ; Clock enable ; no     ; --                   ; --               ; --                        ;
; dcache:memaccess_stage|memoria~13870 ; LCCOMB_X45_Y36_N14 ; 61      ; Clock enable ; no     ; --                   ; --               ; --                        ;
; dcache:memaccess_stage|memoria~13871 ; LCCOMB_X45_Y37_N22 ; 61      ; Clock enable ; no     ; --                   ; --               ; --                        ;
; dcache:memaccess_stage|memoria~13872 ; LCCOMB_X56_Y38_N26 ; 61      ; Clock enable ; no     ; --                   ; --               ; --                        ;
; dcache:memaccess_stage|memoria~13873 ; LCCOMB_X45_Y38_N6  ; 61      ; Clock enable ; no     ; --                   ; --               ; --                        ;
; dcache:memaccess_stage|memoria~13874 ; LCCOMB_X45_Y38_N4  ; 61      ; Clock enable ; no     ; --                   ; --               ; --                        ;
; dcache:memaccess_stage|memoria~13875 ; LCCOMB_X50_Y42_N30 ; 61      ; Clock enable ; no     ; --                   ; --               ; --                        ;
; dcache:memaccess_stage|memoria~13876 ; LCCOMB_X45_Y38_N2  ; 61      ; Clock enable ; no     ; --                   ; --               ; --                        ;
; dcache:memaccess_stage|memoria~13877 ; LCCOMB_X58_Y37_N4  ; 61      ; Clock enable ; no     ; --                   ; --               ; --                        ;
; dcache:memaccess_stage|memoria~13878 ; LCCOMB_X58_Y37_N30 ; 61      ; Clock enable ; no     ; --                   ; --               ; --                        ;
; dcache:memaccess_stage|memoria~13879 ; LCCOMB_X52_Y40_N0  ; 61      ; Clock enable ; no     ; --                   ; --               ; --                        ;
; dcache:memaccess_stage|memoria~13880 ; LCCOMB_X45_Y38_N0  ; 61      ; Clock enable ; no     ; --                   ; --               ; --                        ;
; dcache:memaccess_stage|memoria~13881 ; LCCOMB_X58_Y37_N8  ; 61      ; Clock enable ; no     ; --                   ; --               ; --                        ;
; dcache:memaccess_stage|memoria~13882 ; LCCOMB_X58_Y37_N26 ; 61      ; Clock enable ; no     ; --                   ; --               ; --                        ;
; dcache:memaccess_stage|memoria~13883 ; LCCOMB_X52_Y40_N6  ; 61      ; Clock enable ; no     ; --                   ; --               ; --                        ;
; dcache:memaccess_stage|memoria~13884 ; LCCOMB_X56_Y38_N28 ; 61      ; Clock enable ; no     ; --                   ; --               ; --                        ;
; dcache:memaccess_stage|memoria~13885 ; LCCOMB_X45_Y38_N14 ; 61      ; Clock enable ; no     ; --                   ; --               ; --                        ;
; dcache:memaccess_stage|memoria~13886 ; LCCOMB_X45_Y36_N20 ; 61      ; Clock enable ; no     ; --                   ; --               ; --                        ;
; dcache:memaccess_stage|memoria~13887 ; LCCOMB_X53_Y39_N24 ; 61      ; Clock enable ; no     ; --                   ; --               ; --                        ;
; dcache:memaccess_stage|memoria~13888 ; LCCOMB_X45_Y38_N20 ; 61      ; Clock enable ; no     ; --                   ; --               ; --                        ;
; dcache:memaccess_stage|memoria~13889 ; LCCOMB_X45_Y39_N30 ; 61      ; Clock enable ; no     ; --                   ; --               ; --                        ;
; dcache:memaccess_stage|memoria~13890 ; LCCOMB_X45_Y34_N22 ; 61      ; Clock enable ; no     ; --                   ; --               ; --                        ;
; dcache:memaccess_stage|memoria~13891 ; LCCOMB_X45_Y39_N0  ; 61      ; Clock enable ; no     ; --                   ; --               ; --                        ;
; dcache:memaccess_stage|memoria~13892 ; LCCOMB_X45_Y38_N18 ; 61      ; Clock enable ; no     ; --                   ; --               ; --                        ;
; dcache:memaccess_stage|memoria~13893 ; LCCOMB_X45_Y38_N8  ; 61      ; Clock enable ; no     ; --                   ; --               ; --                        ;
; dcache:memaccess_stage|memoria~13894 ; LCCOMB_X45_Y34_N24 ; 61      ; Clock enable ; no     ; --                   ; --               ; --                        ;
; dcache:memaccess_stage|memoria~13895 ; LCCOMB_X45_Y37_N16 ; 61      ; Clock enable ; no     ; --                   ; --               ; --                        ;
; dcache:memaccess_stage|memoria~13896 ; LCCOMB_X45_Y38_N10 ; 61      ; Clock enable ; no     ; --                   ; --               ; --                        ;
; dcache:memaccess_stage|memoria~13897 ; LCCOMB_X56_Y38_N30 ; 61      ; Clock enable ; no     ; --                   ; --               ; --                        ;
; dcache:memaccess_stage|memoria~13898 ; LCCOMB_X45_Y35_N14 ; 61      ; Clock enable ; no     ; --                   ; --               ; --                        ;
; dcache:memaccess_stage|memoria~13899 ; LCCOMB_X45_Y37_N2  ; 61      ; Clock enable ; no     ; --                   ; --               ; --                        ;
; dcache:memaccess_stage|memoria~13900 ; LCCOMB_X45_Y38_N12 ; 61      ; Clock enable ; no     ; --                   ; --               ; --                        ;
; dcache:memaccess_stage|memoria~13901 ; LCCOMB_X45_Y38_N22 ; 61      ; Clock enable ; no     ; --                   ; --               ; --                        ;
; dcache:memaccess_stage|memoria~13902 ; LCCOMB_X45_Y35_N8  ; 61      ; Clock enable ; no     ; --                   ; --               ; --                        ;
; dcache:memaccess_stage|memoria~13903 ; LCCOMB_X45_Y37_N20 ; 61      ; Clock enable ; no     ; --                   ; --               ; --                        ;
; dcache:memaccess_stage|memoria~13904 ; LCCOMB_X47_Y34_N12 ; 61      ; Clock enable ; no     ; --                   ; --               ; --                        ;
; dcache:memaccess_stage|memoria~13905 ; LCCOMB_X45_Y35_N26 ; 61      ; Clock enable ; no     ; --                   ; --               ; --                        ;
; dcache:memaccess_stage|memoria~13906 ; LCCOMB_X47_Y34_N22 ; 61      ; Clock enable ; no     ; --                   ; --               ; --                        ;
; dcache:memaccess_stage|memoria~13907 ; LCCOMB_X45_Y35_N4  ; 61      ; Clock enable ; no     ; --                   ; --               ; --                        ;
; dcache:memaccess_stage|memoria~13908 ; LCCOMB_X43_Y38_N22 ; 61      ; Clock enable ; no     ; --                   ; --               ; --                        ;
; dcache:memaccess_stage|memoria~13909 ; LCCOMB_X45_Y35_N10 ; 61      ; Clock enable ; no     ; --                   ; --               ; --                        ;
; dcache:memaccess_stage|memoria~13910 ; LCCOMB_X45_Y34_N18 ; 61      ; Clock enable ; no     ; --                   ; --               ; --                        ;
; dcache:memaccess_stage|memoria~13911 ; LCCOMB_X43_Y38_N24 ; 61      ; Clock enable ; no     ; --                   ; --               ; --                        ;
; dcache:memaccess_stage|memoria~13912 ; LCCOMB_X45_Y37_N26 ; 61      ; Clock enable ; no     ; --                   ; --               ; --                        ;
; dcache:memaccess_stage|memoria~13913 ; LCCOMB_X47_Y34_N20 ; 61      ; Clock enable ; no     ; --                   ; --               ; --                        ;
; dcache:memaccess_stage|memoria~13914 ; LCCOMB_X45_Y37_N8  ; 61      ; Clock enable ; no     ; --                   ; --               ; --                        ;
; dcache:memaccess_stage|memoria~13915 ; LCCOMB_X43_Y38_N14 ; 61      ; Clock enable ; no     ; --                   ; --               ; --                        ;
; dcache:memaccess_stage|memoria~13916 ; LCCOMB_X45_Y38_N16 ; 61      ; Clock enable ; no     ; --                   ; --               ; --                        ;
; dcache:memaccess_stage|memoria~13917 ; LCCOMB_X45_Y36_N26 ; 61      ; Clock enable ; no     ; --                   ; --               ; --                        ;
; dcache:memaccess_stage|memoria~13918 ; LCCOMB_X45_Y36_N8  ; 61      ; Clock enable ; no     ; --                   ; --               ; --                        ;
; dcache:memaccess_stage|memoria~13919 ; LCCOMB_X53_Y39_N30 ; 61      ; Clock enable ; no     ; --                   ; --               ; --                        ;
; lock_w~6                             ; LCCOMB_X53_Y52_N26 ; 224     ; Clock enable ; no     ; --                   ; --               ; --                        ;
; regfile:register_read_stg|always0~1  ; LCCOMB_X53_Y55_N8  ; 4       ; Write enable ; no     ; --                   ; --               ; --                        ;
; rst_ni                               ; PIN_Y23            ; 941     ; Async. clear ; no     ; --                   ; --               ; --                        ;
+--------------------------------------+--------------------+---------+--------------+--------+----------------------+------------------+---------------------------+


+-----------------------------------------------------------------------------------------------------------------------------------------+
; Global & Other Fast Signals                                                                                                             ;
+-------+----------+---------+--------------------------------------+----------------------+------------------+---------------------------+
; Name  ; Location ; Fan-Out ; Fan-Out Using Intentional Clock Skew ; Global Resource Used ; Global Line Name ; Enable Signal Source Name ;
+-------+----------+---------+--------------------------------------+----------------------+------------------+---------------------------+
; clk_i ; PIN_Y2   ; 16443   ; 183                                  ; Global Clock         ; GCLK4            ; --                        ;
+-------+----------+---------+--------------------------------------+----------------------+------------------+---------------------------+


+---------------------------------------------------+
; Non-Global High Fan-Out Signals                   ;
+-----------------------------------------+---------+
; Name                                    ; Fan-Out ;
+-----------------------------------------+---------+
; exmem_latch:exmem_latch1|exmem_res_o[7] ; 2279    ;
; exmem_latch:exmem_latch1|exmem_res_o[6] ; 2279    ;
; exmem_latch:exmem_latch1|exmem_res_o[8] ; 2278    ;
; exmem_latch:exmem_latch1|exmem_res_o[4] ; 2277    ;
; exmem_latch:exmem_latch1|exmem_res_o[9] ; 2274    ;
; exmem_latch:exmem_latch1|exmem_res_o[5] ; 2266    ;
; exmem_latch:exmem_latch1|exmem_res_o[3] ; 2264    ;
; rst_ni~input                            ; 941     ;
+-----------------------------------------+---------+


+------------------------------------------------------------------------------------------------------------------------------------------------------------------------------------------------------------------------------------------------------------------------------------------------------------------------------------------------------------------------------------------------------------------------------------------------------------------------------------------------------------------------------------------------------------------------------------------------------------------------------------------------------------+
; Fitter RAM Summary                                                                                                                                                                                                                                                                                                                                                                                                                                                                                                                                                                                                                                         ;
+------------------------------------------------------------------------------------------+------+------------------+--------------+--------------+--------------+--------------+--------------+------------------------+-------------------------+------------------------+-------------------------+------+-----------------------------+-----------------------------+-----------------------------+-----------------------------+---------------------+------+--------------------------------------------+----------------+----------------------+------------------------+------------------------+----------+------------------------+---------------+
; Name                                                                                     ; Type ; Mode             ; Clock Mode   ; Port A Depth ; Port A Width ; Port B Depth ; Port B Width ; Port A Input Registers ; Port A Output Registers ; Port B Input Registers ; Port B Output Registers ; Size ; Implementation Port A Depth ; Implementation Port A Width ; Implementation Port B Depth ; Implementation Port B Width ; Implementation Bits ; M9Ks ; MIF                                        ; Location       ; Mixed Width RDW Mode ; Port A RDW Mode        ; Port B RDW Mode        ; ECC Mode ; ECC Pipeline Registers ; Fits in MLABs ;
+------------------------------------------------------------------------------------------+------+------------------+--------------+--------------+--------------+--------------+--------------+------------------------+-------------------------+------------------------+-------------------------+------+-----------------------------+-----------------------------+-----------------------------+-----------------------------+---------------------+------+--------------------------------------------+----------------+----------------------+------------------------+------------------------+----------+------------------------+---------------+
; regfile:register_read_stg|altsyncram:GPR_rtl_0|altsyncram_uni1:auto_generated|ALTSYNCRAM ; AUTO ; Simple Dual Port ; Single Clock ; 32           ; 64           ; 32           ; 64           ; yes                    ; no                      ; yes                    ; no                      ; 2048 ; 32                          ; 32                          ; 32                          ; 32                          ; 1024                ; 1    ; db/monociclo.ram0_regfile_4c9f4da2.hdl.mif ; M9K_X51_Y53_N0 ; Don't care           ; New data with NBE Read ; New data with NBE Read ; Off      ; No                     ; No - Unknown  ;
; regfile:register_read_stg|altsyncram:GPR_rtl_1|altsyncram_uni1:auto_generated|ALTSYNCRAM ; AUTO ; Simple Dual Port ; Single Clock ; 32           ; 64           ; 32           ; 64           ; yes                    ; no                      ; yes                    ; no                      ; 2048 ; 32                          ; 32                          ; 32                          ; 32                          ; 1024                ; 1    ; db/monociclo.ram0_regfile_4c9f4da2.hdl.mif ; M9K_X51_Y52_N0 ; Don't care           ; New data with NBE Read ; New data with NBE Read ; Off      ; No                     ; No - Unknown  ;
+------------------------------------------------------------------------------------------+------+------------------+--------------+--------------+--------------+--------------+--------------+------------------------+-------------------------+------------------------+-------------------------+------+-----------------------------+-----------------------------+-----------------------------+-----------------------------+---------------------+------+--------------------------------------------+----------------+----------------------+------------------------+------------------------+----------+------------------------+---------------+
Note: Fitter may spread logical memories into multiple blocks to improve timing. The actual required RAM blocks can be found in the Fitter Resource Usage section.


RAM content values are presented in the following format: (Binary) (Octal) (Decimal) (Hexadecimal) 
+------------------------------------------------------------------------------------------------------------------------------------------------------------------------------------------------------------------------------------------------------------------+
; |segmentado|regfile:register_read_stg|altsyncram:GPR_rtl_0|altsyncram_uni1:auto_generated|ALTSYNCRAM                                                                                                                                                             ;
+------------------------------------------------------------------------------------------------------------------------------------------------------------------------------------------------------------------------------------------------------------------+
;   Addr   ;              +0              ;              +1              ;              +2              ;              +3              ;              +4              ;              +5              ;              +6              ;              +7              ;
+----------+------------------------------+------------------------------+------------------------------+------------------------------+------------------------------+------------------------------+------------------------------+------------------------------+
;0;(0000000000000000000000000000000000000000000000000000000000000000) (0) (0) (00)    ;(0000000000000000000000000000000000000000000000000000000000000000) (0) (0) (00)   ;(0000000000000000000000000000000000000000000000000000000000000000) (0) (0) (00)   ;(0000000000000000000000000000000000000000000000000000000000000000) (0) (0) (00)   ;(0000000000000000000000000000000000000000000000000000000000000000) (0) (0) (00)   ;(0000000000000000000000000000000000000000000000000000000000000000) (0) (0) (00)   ;(0000000000000000000000000000000000000000000000000000000000000000) (0) (0) (00)   ;(0000000000000000000000000000000000000000000000000000000000000000) (0) (0) (00)   ;
;8;(0000000000000000000000000000000000000000000000000000000000000000) (0) (0) (00)    ;(0000000000000000000000000000000000000000000000000000000000000000) (0) (0) (00)   ;(0000000000000000000000000000000000000000000000000000000000000000) (0) (0) (00)   ;(0000000000000000000000000000000000000000000000000000000000000000) (0) (0) (00)   ;(0000000000000000000000000000000000000000000000000000000000000000) (0) (0) (00)   ;(0000000000000000000000000000000000000000000000000000000000000000) (0) (0) (00)   ;(0000000000000000000000000000000000000000000000000000000000000000) (0) (0) (00)   ;(0000000000000000000000000000000000000000000000000000000000000000) (0) (0) (00)   ;
;16;(0000000000000000000000000000000000000000000000000000000000000000) (0) (0) (00)    ;(0000000000000000000000000000000000000000000000000000000000000000) (0) (0) (00)   ;(0000000000000000000000000000000000000000000000000000000000000000) (0) (0) (00)   ;(0000000000000000000000000000000000000000000000000000000000000000) (0) (0) (00)   ;(0000000000000000000000000000000000000000000000000000000000000000) (0) (0) (00)   ;(0000000000000000000000000000000000000000000000000000000000000000) (0) (0) (00)   ;(0000000000000000000000000000000000000000000000000000000000000000) (0) (0) (00)   ;(0000000000000000000000000000000000000000000000000000000000000000) (0) (0) (00)   ;
;24;(0000000000000000000000000000000000000000000000000000000000000000) (0) (0) (00)    ;(0000000000000000000000000000000000000000000000000000000000000000) (0) (0) (00)   ;(0000000000000000000000000000000000000000000000000000000000000000) (0) (0) (00)   ;(0000000000000000000000000000000000000000000000000000000000000000) (0) (0) (00)   ;(0000000000000000000000000000000000000000000000000000000000000000) (0) (0) (00)   ;(0000000000000000000000000000000000000000000000000000000000000000) (0) (0) (00)   ;(0000000000000000000000000000000000000000000000000000000000000000) (0) (0) (00)   ;(0000000000000000000000000000000000000000000000000000000000000000) (0) (0) (00)   ;


RAM content values are presented in the following format: (Binary) (Octal) (Decimal) (Hexadecimal) 
+------------------------------------------------------------------------------------------------------------------------------------------------------------------------------------------------------------------------------------------------------------------+
; |segmentado|regfile:register_read_stg|altsyncram:GPR_rtl_1|altsyncram_uni1:auto_generated|ALTSYNCRAM                                                                                                                                                             ;
+------------------------------------------------------------------------------------------------------------------------------------------------------------------------------------------------------------------------------------------------------------------+
;   Addr   ;              +0              ;              +1              ;              +2              ;              +3              ;              +4              ;              +5              ;              +6              ;              +7              ;
+----------+------------------------------+------------------------------+------------------------------+------------------------------+------------------------------+------------------------------+------------------------------+------------------------------+
;0;(0000000000000000000000000000000000000000000000000000000000000000) (0) (0) (00)    ;(0000000000000000000000000000000000000000000000000000000000000000) (0) (0) (00)   ;(0000000000000000000000000000000000000000000000000000000000000000) (0) (0) (00)   ;(0000000000000000000000000000000000000000000000000000000000000000) (0) (0) (00)   ;(0000000000000000000000000000000000000000000000000000000000000000) (0) (0) (00)   ;(0000000000000000000000000000000000000000000000000000000000000000) (0) (0) (00)   ;(0000000000000000000000000000000000000000000000000000000000000000) (0) (0) (00)   ;(0000000000000000000000000000000000000000000000000000000000000000) (0) (0) (00)   ;
;8;(0000000000000000000000000000000000000000000000000000000000000000) (0) (0) (00)    ;(0000000000000000000000000000000000000000000000000000000000000000) (0) (0) (00)   ;(0000000000000000000000000000000000000000000000000000000000000000) (0) (0) (00)   ;(0000000000000000000000000000000000000000000000000000000000000000) (0) (0) (00)   ;(0000000000000000000000000000000000000000000000000000000000000000) (0) (0) (00)   ;(0000000000000000000000000000000000000000000000000000000000000000) (0) (0) (00)   ;(0000000000000000000000000000000000000000000000000000000000000000) (0) (0) (00)   ;(0000000000000000000000000000000000000000000000000000000000000000) (0) (0) (00)   ;
;16;(0000000000000000000000000000000000000000000000000000000000000000) (0) (0) (00)    ;(0000000000000000000000000000000000000000000000000000000000000000) (0) (0) (00)   ;(0000000000000000000000000000000000000000000000000000000000000000) (0) (0) (00)   ;(0000000000000000000000000000000000000000000000000000000000000000) (0) (0) (00)   ;(0000000000000000000000000000000000000000000000000000000000000000) (0) (0) (00)   ;(0000000000000000000000000000000000000000000000000000000000000000) (0) (0) (00)   ;(0000000000000000000000000000000000000000000000000000000000000000) (0) (0) (00)   ;(0000000000000000000000000000000000000000000000000000000000000000) (0) (0) (00)   ;
;24;(0000000000000000000000000000000000000000000000000000000000000000) (0) (0) (00)    ;(0000000000000000000000000000000000000000000000000000000000000000) (0) (0) (00)   ;(0000000000000000000000000000000000000000000000000000000000000000) (0) (0) (00)   ;(0000000000000000000000000000000000000000000000000000000000000000) (0) (0) (00)   ;(0000000000000000000000000000000000000000000000000000000000000000) (0) (0) (00)   ;(0000000000000000000000000000000000000000000000000000000000000000) (0) (0) (00)   ;(0000000000000000000000000000000000000000000000000000000000000000) (0) (0) (00)   ;(0000000000000000000000000000000000000000000000000000000000000000) (0) (0) (00)   ;


+---------------------------------------------------+
; Routing Usage Summary                             ;
+-----------------------+---------------------------+
; Routing Resource Type ; Usage                     ;
+-----------------------+---------------------------+
; Block interconnects   ; 37,990 / 342,891 ( 11 % ) ;
; C16 interconnects     ; 1,885 / 10,120 ( 19 % )   ;
; C4 interconnects      ; 25,180 / 209,544 ( 12 % ) ;
; Direct links          ; 2,365 / 342,891 ( < 1 % ) ;
; Global clocks         ; 1 / 20 ( 5 % )            ;
; Local interconnects   ; 8,465 / 119,088 ( 7 % )   ;
; R24 interconnects     ; 1,945 / 9,963 ( 20 % )    ;
; R4 interconnects      ; 27,294 / 289,782 ( 9 % )  ;
+-----------------------+---------------------------+


+-----------------------------------------------------------------------------+
; LAB Logic Elements                                                          ;
+--------------------------------------------+--------------------------------+
; Number of Logic Elements  (Average = 8.84) ; Number of LABs  (Total = 2413) ;
+--------------------------------------------+--------------------------------+
; 1                                          ; 51                             ;
; 2                                          ; 302                            ;
; 3                                          ; 208                            ;
; 4                                          ; 183                            ;
; 5                                          ; 119                            ;
; 6                                          ; 127                            ;
; 7                                          ; 111                            ;
; 8                                          ; 92                             ;
; 9                                          ; 92                             ;
; 10                                         ; 98                             ;
; 11                                         ; 114                            ;
; 12                                         ; 124                            ;
; 13                                         ; 132                            ;
; 14                                         ; 129                            ;
; 15                                         ; 122                            ;
; 16                                         ; 409                            ;
+--------------------------------------------+--------------------------------+


+---------------------------------------------------------------------+
; LAB-wide Signals                                                    ;
+------------------------------------+--------------------------------+
; LAB-wide Signals  (Average = 1.95) ; Number of LABs  (Total = 2413) ;
+------------------------------------+--------------------------------+
; 1 Async. clear                     ; 122                            ;
; 1 Clock                            ; 2333                           ;
; 1 Clock enable                     ; 147                            ;
; 1 Sync. load                       ; 3                              ;
; 2 Clock enables                    ; 2101                           ;
+------------------------------------+--------------------------------+


+-------------------------------------------------------------------------------+
; LAB Signals Sourced                                                           ;
+----------------------------------------------+--------------------------------+
; Number of Signals Sourced  (Average = 13.57) ; Number of LABs  (Total = 2413) ;
+----------------------------------------------+--------------------------------+
; 0                                            ; 6                              ;
; 1                                            ; 18                             ;
; 2                                            ; 47                             ;
; 3                                            ; 175                            ;
; 4                                            ; 163                            ;
; 5                                            ; 118                            ;
; 6                                            ; 138                            ;
; 7                                            ; 95                             ;
; 8                                            ; 89                             ;
; 9                                            ; 82                             ;
; 10                                           ; 75                             ;
; 11                                           ; 69                             ;
; 12                                           ; 75                             ;
; 13                                           ; 72                             ;
; 14                                           ; 71                             ;
; 15                                           ; 75                             ;
; 16                                           ; 117                            ;
; 17                                           ; 81                             ;
; 18                                           ; 101                            ;
; 19                                           ; 75                             ;
; 20                                           ; 95                             ;
; 21                                           ; 87                             ;
; 22                                           ; 69                             ;
; 23                                           ; 56                             ;
; 24                                           ; 87                             ;
; 25                                           ; 82                             ;
; 26                                           ; 83                             ;
; 27                                           ; 56                             ;
; 28                                           ; 26                             ;
; 29                                           ; 14                             ;
; 30                                           ; 10                             ;
; 31                                           ; 5                              ;
; 32                                           ; 1                              ;
+----------------------------------------------+--------------------------------+


+----------------------------------------------------------------------------------+
; LAB Signals Sourced Out                                                          ;
+-------------------------------------------------+--------------------------------+
; Number of Signals Sourced Out  (Average = 5.36) ; Number of LABs  (Total = 2413) ;
+-------------------------------------------------+--------------------------------+
; 0                                               ; 6                              ;
; 1                                               ; 311                            ;
; 2                                               ; 326                            ;
; 3                                               ; 275                            ;
; 4                                               ; 239                            ;
; 5                                               ; 189                            ;
; 6                                               ; 210                            ;
; 7                                               ; 178                            ;
; 8                                               ; 205                            ;
; 9                                               ; 162                            ;
; 10                                              ; 104                            ;
; 11                                              ; 86                             ;
; 12                                              ; 44                             ;
; 13                                              ; 29                             ;
; 14                                              ; 13                             ;
; 15                                              ; 14                             ;
; 16                                              ; 20                             ;
; 17                                              ; 1                              ;
; 18                                              ; 0                              ;
; 19                                              ; 1                              ;
+-------------------------------------------------+--------------------------------+


+-------------------------------------------------------------------------------+
; LAB Distinct Inputs                                                           ;
+----------------------------------------------+--------------------------------+
; Number of Distinct Inputs  (Average = 15.82) ; Number of LABs  (Total = 2413) ;
+----------------------------------------------+--------------------------------+
; 0                                            ; 0                              ;
; 1                                            ; 0                              ;
; 2                                            ; 0                              ;
; 3                                            ; 40                             ;
; 4                                            ; 40                             ;
; 5                                            ; 32                             ;
; 6                                            ; 235                            ;
; 7                                            ; 145                            ;
; 8                                            ; 123                            ;
; 9                                            ; 107                            ;
; 10                                           ; 103                            ;
; 11                                           ; 106                            ;
; 12                                           ; 86                             ;
; 13                                           ; 84                             ;
; 14                                           ; 102                            ;
; 15                                           ; 80                             ;
; 16                                           ; 82                             ;
; 17                                           ; 76                             ;
; 18                                           ; 83                             ;
; 19                                           ; 100                            ;
; 20                                           ; 104                            ;
; 21                                           ; 66                             ;
; 22                                           ; 63                             ;
; 23                                           ; 69                             ;
; 24                                           ; 58                             ;
; 25                                           ; 50                             ;
; 26                                           ; 53                             ;
; 27                                           ; 61                             ;
; 28                                           ; 47                             ;
; 29                                           ; 27                             ;
; 30                                           ; 41                             ;
; 31                                           ; 28                             ;
; 32                                           ; 35                             ;
; 33                                           ; 35                             ;
; 34                                           ; 15                             ;
; 35                                           ; 13                             ;
; 36                                           ; 13                             ;
; 37                                           ; 11                             ;
+----------------------------------------------+--------------------------------+


+------------------------------------------+
; I/O Rules Summary                        ;
+----------------------------------+-------+
; I/O Rules Statistic              ; Total ;
+----------------------------------+-------+
; Total I/O Rules                  ; 30    ;
; Number of I/O Rules Passed       ; 12    ;
; Number of I/O Rules Failed       ; 0     ;
; Number of I/O Rules Unchecked    ; 0     ;
; Number of I/O Rules Inapplicable ; 18    ;
+----------------------------------+-------+


+-----------------------------------------------------------------------------------------------------------------------------------------------------------------------------------------------------------------------------------------------------------------------------------------------------+
; I/O Rules Details                                                                                                                                                                                                                                                                                   ;
+--------------+-----------+-----------------------------------+------------------------------------------------------------------------------------------------------+----------+--------------------------------------------------------------------------+---------------------+-------------------+
; Status       ; ID        ; Category                          ; Rule Description                                                                                     ; Severity ; Information                                                              ; Area                ; Extra Information ;
+--------------+-----------+-----------------------------------+------------------------------------------------------------------------------------------------------+----------+--------------------------------------------------------------------------+---------------------+-------------------+
; Pass         ; IO_000001 ; Capacity Checks                   ; Number of pins in an I/O bank should not exceed the number of locations available.                   ; Critical ; 0 such failures found.                                                   ; I/O                 ;                   ;
; Inapplicable ; IO_000002 ; Capacity Checks                   ; Number of clocks in an I/O bank should not exceed the number of clocks available.                    ; Critical ; No Global Signal assignments found.                                      ; I/O                 ;                   ;
; Pass         ; IO_000003 ; Capacity Checks                   ; Number of pins in a Vrefgroup should not exceed the number of locations available.                   ; Critical ; 0 such failures found.                                                   ; I/O                 ;                   ;
; Inapplicable ; IO_000004 ; Voltage Compatibility Checks      ; The I/O bank should support the requested VCCIO.                                                     ; Critical ; No IOBANK_VCCIO assignments found.                                       ; I/O                 ;                   ;
; Inapplicable ; IO_000005 ; Voltage Compatibility Checks      ; The I/O bank should not have competing VREF values.                                                  ; Critical ; No VREF I/O Standard assignments found.                                  ; I/O                 ;                   ;
; Pass         ; IO_000006 ; Voltage Compatibility Checks      ; The I/O bank should not have competing VCCIO values.                                                 ; Critical ; 0 such failures found.                                                   ; I/O                 ;                   ;
; Pass         ; IO_000007 ; Valid Location Checks             ; Checks for unavailable locations.                                                                    ; Critical ; 0 such failures found.                                                   ; I/O                 ;                   ;
; Inapplicable ; IO_000008 ; Valid Location Checks             ; Checks for reserved locations.                                                                       ; Critical ; No reserved LogicLock region found.                                      ; I/O                 ;                   ;
; Pass         ; IO_000009 ; I/O Properties Checks for One I/O ; The location should support the requested I/O standard.                                              ; Critical ; 0 such failures found.                                                   ; I/O                 ;                   ;
; Pass         ; IO_000010 ; I/O Properties Checks for One I/O ; The location should support the requested I/O direction.                                             ; Critical ; 0 such failures found.                                                   ; I/O                 ;                   ;
; Inapplicable ; IO_000011 ; I/O Properties Checks for One I/O ; The location should support the requested Current Strength.                                          ; Critical ; No Current Strength assignments found.                                   ; I/O                 ;                   ;
; Pass         ; IO_000012 ; I/O Properties Checks for One I/O ; The location should support the requested On Chip Termination value.                                 ; Critical ; 0 such failures found.                                                   ; I/O                 ;                   ;
; Inapplicable ; IO_000013 ; I/O Properties Checks for One I/O ; The location should support the requested Bus Hold value.                                            ; Critical ; No Enable Bus-Hold Circuitry assignments found.                          ; I/O                 ;                   ;
; Inapplicable ; IO_000014 ; I/O Properties Checks for One I/O ; The location should support the requested Weak Pull Up value.                                        ; Critical ; No Weak Pull-Up Resistor assignments found.                              ; I/O                 ;                   ;
; Pass         ; IO_000015 ; I/O Properties Checks for One I/O ; The location should support the requested PCI Clamp Diode.                                           ; Critical ; 0 such failures found.                                                   ; I/O                 ;                   ;
; Inapplicable ; IO_000018 ; I/O Properties Checks for One I/O ; The I/O standard should support the requested Current Strength.                                      ; Critical ; No Current Strength assignments found.                                   ; I/O                 ;                   ;
; Pass         ; IO_000019 ; I/O Properties Checks for One I/O ; The I/O standard should support the requested On Chip Termination value.                             ; Critical ; 0 such failures found.                                                   ; I/O                 ;                   ;
; Pass         ; IO_000020 ; I/O Properties Checks for One I/O ; The I/O standard should support the requested PCI Clamp Diode.                                       ; Critical ; 0 such failures found.                                                   ; I/O                 ;                   ;
; Inapplicable ; IO_000021 ; I/O Properties Checks for One I/O ; The I/O standard should support the requested Weak Pull Up value.                                    ; Critical ; No Weak Pull-Up Resistor assignments found.                              ; I/O                 ;                   ;
; Inapplicable ; IO_000022 ; I/O Properties Checks for One I/O ; The I/O standard should support the requested Bus Hold value.                                        ; Critical ; No Enable Bus-Hold Circuitry assignments found.                          ; I/O                 ;                   ;
; Inapplicable ; IO_000023 ; I/O Properties Checks for One I/O ; The I/O standard should support the Open Drain value.                                                ; Critical ; No open drain assignments found.                                         ; I/O                 ;                   ;
; Pass         ; IO_000024 ; I/O Properties Checks for One I/O ; The I/O direction should support the On Chip Termination value.                                      ; Critical ; 0 such failures found.                                                   ; I/O                 ;                   ;
; Inapplicable ; IO_000026 ; I/O Properties Checks for One I/O ; On Chip Termination and Current Strength should not be used at the same time.                        ; Critical ; No Current Strength assignments found.                                   ; I/O                 ;                   ;
; Inapplicable ; IO_000027 ; I/O Properties Checks for One I/O ; Weak Pull Up and Bus Hold should not be used at the same time.                                       ; Critical ; No Enable Bus-Hold Circuitry or Weak Pull-Up Resistor assignments found. ; I/O                 ;                   ;
; Inapplicable ; IO_000045 ; I/O Properties Checks for One I/O ; The I/O standard should support the requested Slew Rate value.                                       ; Critical ; No Slew Rate assignments found.                                          ; I/O                 ;                   ;
; Inapplicable ; IO_000046 ; I/O Properties Checks for One I/O ; The location should support the requested Slew Rate value.                                           ; Critical ; No Slew Rate assignments found.                                          ; I/O                 ;                   ;
; Inapplicable ; IO_000047 ; I/O Properties Checks for One I/O ; On Chip Termination and Slew Rate should not be used at the same time.                               ; Critical ; No Slew Rate assignments found.                                          ; I/O                 ;                   ;
; Pass         ; IO_000033 ; Electromigration Checks           ; Current density for consecutive I/Os should not exceed 240mA for row I/Os and 240mA for column I/Os. ; Critical ; 0 such failures found.                                                   ; I/O                 ;                   ;
; Inapplicable ; IO_000034 ; SI Related Distance Checks        ; Single-ended outputs should be 5 LAB row(s) away from a differential I/O.                            ; High     ; No Differential I/O Standard assignments found.                          ; I/O                 ;                   ;
; Inapplicable ; IO_000042 ; SI Related SSO Limit Checks       ; No more than 20 outputs are allowed in a VREF group when VREF is being read from.                    ; High     ; No VREF I/O Standard assignments found.                                  ; I/O                 ;                   ;
; ----         ; ----      ; Disclaimer                        ; OCT rules are checked but not reported.                                                              ; None     ; ----                                                                     ; On Chip Termination ;                   ;
+--------------+-----------+-----------------------------------+------------------------------------------------------------------------------------------------------+----------+--------------------------------------------------------------------------+---------------------+-------------------+


+--------------------------------------------------------------------------------------------------------------------------------------------------------------------------------------------------------------------------------------------------------------------------------------------------------------------------------------------------------------------------------------------------------------------------------------------------------------------------+
; I/O Rules Matrix                                                                                                                                                                                                                                                                                                                                                                                                                                                         ;
+--------------------+--------------+--------------+--------------+--------------+--------------+-----------+--------------+--------------+-----------+-----------+--------------+--------------+--------------+--------------+--------------+--------------+--------------+--------------+--------------+--------------+--------------+--------------+--------------+--------------+--------------+--------------+--------------+-----------+--------------+--------------+
; Pin/Rules          ; IO_000001    ; IO_000002    ; IO_000003    ; IO_000004    ; IO_000005    ; IO_000006 ; IO_000007    ; IO_000008    ; IO_000009 ; IO_000010 ; IO_000011    ; IO_000012    ; IO_000013    ; IO_000014    ; IO_000015    ; IO_000018    ; IO_000019    ; IO_000020    ; IO_000021    ; IO_000022    ; IO_000023    ; IO_000024    ; IO_000026    ; IO_000027    ; IO_000045    ; IO_000046    ; IO_000047    ; IO_000033 ; IO_000034    ; IO_000042    ;
+--------------------+--------------+--------------+--------------+--------------+--------------+-----------+--------------+--------------+-----------+-----------+--------------+--------------+--------------+--------------+--------------+--------------+--------------+--------------+--------------+--------------+--------------+--------------+--------------+--------------+--------------+--------------+--------------+-----------+--------------+--------------+
; Total Pass         ; 2            ; 0            ; 2            ; 0            ; 0            ; 66        ; 2            ; 0            ; 66        ; 66        ; 0            ; 64           ; 0            ; 0            ; 2            ; 0            ; 64           ; 2            ; 0            ; 0            ; 0            ; 64           ; 0            ; 0            ; 0            ; 0            ; 0            ; 66        ; 0            ; 0            ;
; Total Unchecked    ; 0            ; 0            ; 0            ; 0            ; 0            ; 0         ; 0            ; 0            ; 0         ; 0         ; 0            ; 0            ; 0            ; 0            ; 0            ; 0            ; 0            ; 0            ; 0            ; 0            ; 0            ; 0            ; 0            ; 0            ; 0            ; 0            ; 0            ; 0         ; 0            ; 0            ;
; Total Inapplicable ; 64           ; 66           ; 64           ; 66           ; 66           ; 0         ; 64           ; 66           ; 0         ; 0         ; 66           ; 2            ; 66           ; 66           ; 64           ; 66           ; 2            ; 64           ; 66           ; 66           ; 66           ; 2            ; 66           ; 66           ; 66           ; 66           ; 66           ; 0         ; 66           ; 66           ;
; Total Fail         ; 0            ; 0            ; 0            ; 0            ; 0            ; 0         ; 0            ; 0            ; 0         ; 0         ; 0            ; 0            ; 0            ; 0            ; 0            ; 0            ; 0            ; 0            ; 0            ; 0            ; 0            ; 0            ; 0            ; 0            ; 0            ; 0            ; 0            ; 0         ; 0            ; 0            ;
; monitor_o[0]       ; Inapplicable ; Inapplicable ; Inapplicable ; Inapplicable ; Inapplicable ; Pass      ; Inapplicable ; Inapplicable ; Pass      ; Pass      ; Inapplicable ; Pass         ; Inapplicable ; Inapplicable ; Inapplicable ; Inapplicable ; Pass         ; Inapplicable ; Inapplicable ; Inapplicable ; Inapplicable ; Pass         ; Inapplicable ; Inapplicable ; Inapplicable ; Inapplicable ; Inapplicable ; Pass      ; Inapplicable ; Inapplicable ;
; monitor_o[1]       ; Inapplicable ; Inapplicable ; Inapplicable ; Inapplicable ; Inapplicable ; Pass      ; Inapplicable ; Inapplicable ; Pass      ; Pass      ; Inapplicable ; Pass         ; Inapplicable ; Inapplicable ; Inapplicable ; Inapplicable ; Pass         ; Inapplicable ; Inapplicable ; Inapplicable ; Inapplicable ; Pass         ; Inapplicable ; Inapplicable ; Inapplicable ; Inapplicable ; Inapplicable ; Pass      ; Inapplicable ; Inapplicable ;
; monitor_o[2]       ; Inapplicable ; Inapplicable ; Inapplicable ; Inapplicable ; Inapplicable ; Pass      ; Inapplicable ; Inapplicable ; Pass      ; Pass      ; Inapplicable ; Pass         ; Inapplicable ; Inapplicable ; Inapplicable ; Inapplicable ; Pass         ; Inapplicable ; Inapplicable ; Inapplicable ; Inapplicable ; Pass         ; Inapplicable ; Inapplicable ; Inapplicable ; Inapplicable ; Inapplicable ; Pass      ; Inapplicable ; Inapplicable ;
; monitor_o[3]       ; Inapplicable ; Inapplicable ; Inapplicable ; Inapplicable ; Inapplicable ; Pass      ; Inapplicable ; Inapplicable ; Pass      ; Pass      ; Inapplicable ; Pass         ; Inapplicable ; Inapplicable ; Inapplicable ; Inapplicable ; Pass         ; Inapplicable ; Inapplicable ; Inapplicable ; Inapplicable ; Pass         ; Inapplicable ; Inapplicable ; Inapplicable ; Inapplicable ; Inapplicable ; Pass      ; Inapplicable ; Inapplicable ;
; monitor_o[4]       ; Inapplicable ; Inapplicable ; Inapplicable ; Inapplicable ; Inapplicable ; Pass      ; Inapplicable ; Inapplicable ; Pass      ; Pass      ; Inapplicable ; Pass         ; Inapplicable ; Inapplicable ; Inapplicable ; Inapplicable ; Pass         ; Inapplicable ; Inapplicable ; Inapplicable ; Inapplicable ; Pass         ; Inapplicable ; Inapplicable ; Inapplicable ; Inapplicable ; Inapplicable ; Pass      ; Inapplicable ; Inapplicable ;
; monitor_o[5]       ; Inapplicable ; Inapplicable ; Inapplicable ; Inapplicable ; Inapplicable ; Pass      ; Inapplicable ; Inapplicable ; Pass      ; Pass      ; Inapplicable ; Pass         ; Inapplicable ; Inapplicable ; Inapplicable ; Inapplicable ; Pass         ; Inapplicable ; Inapplicable ; Inapplicable ; Inapplicable ; Pass         ; Inapplicable ; Inapplicable ; Inapplicable ; Inapplicable ; Inapplicable ; Pass      ; Inapplicable ; Inapplicable ;
; monitor_o[6]       ; Inapplicable ; Inapplicable ; Inapplicable ; Inapplicable ; Inapplicable ; Pass      ; Inapplicable ; Inapplicable ; Pass      ; Pass      ; Inapplicable ; Pass         ; Inapplicable ; Inapplicable ; Inapplicable ; Inapplicable ; Pass         ; Inapplicable ; Inapplicable ; Inapplicable ; Inapplicable ; Pass         ; Inapplicable ; Inapplicable ; Inapplicable ; Inapplicable ; Inapplicable ; Pass      ; Inapplicable ; Inapplicable ;
; monitor_o[7]       ; Inapplicable ; Inapplicable ; Inapplicable ; Inapplicable ; Inapplicable ; Pass      ; Inapplicable ; Inapplicable ; Pass      ; Pass      ; Inapplicable ; Pass         ; Inapplicable ; Inapplicable ; Inapplicable ; Inapplicable ; Pass         ; Inapplicable ; Inapplicable ; Inapplicable ; Inapplicable ; Pass         ; Inapplicable ; Inapplicable ; Inapplicable ; Inapplicable ; Inapplicable ; Pass      ; Inapplicable ; Inapplicable ;
; monitor_o[8]       ; Inapplicable ; Inapplicable ; Inapplicable ; Inapplicable ; Inapplicable ; Pass      ; Inapplicable ; Inapplicable ; Pass      ; Pass      ; Inapplicable ; Pass         ; Inapplicable ; Inapplicable ; Inapplicable ; Inapplicable ; Pass         ; Inapplicable ; Inapplicable ; Inapplicable ; Inapplicable ; Pass         ; Inapplicable ; Inapplicable ; Inapplicable ; Inapplicable ; Inapplicable ; Pass      ; Inapplicable ; Inapplicable ;
; monitor_o[9]       ; Inapplicable ; Inapplicable ; Inapplicable ; Inapplicable ; Inapplicable ; Pass      ; Inapplicable ; Inapplicable ; Pass      ; Pass      ; Inapplicable ; Pass         ; Inapplicable ; Inapplicable ; Inapplicable ; Inapplicable ; Pass         ; Inapplicable ; Inapplicable ; Inapplicable ; Inapplicable ; Pass         ; Inapplicable ; Inapplicable ; Inapplicable ; Inapplicable ; Inapplicable ; Pass      ; Inapplicable ; Inapplicable ;
; monitor_o[10]      ; Inapplicable ; Inapplicable ; Inapplicable ; Inapplicable ; Inapplicable ; Pass      ; Inapplicable ; Inapplicable ; Pass      ; Pass      ; Inapplicable ; Pass         ; Inapplicable ; Inapplicable ; Inapplicable ; Inapplicable ; Pass         ; Inapplicable ; Inapplicable ; Inapplicable ; Inapplicable ; Pass         ; Inapplicable ; Inapplicable ; Inapplicable ; Inapplicable ; Inapplicable ; Pass      ; Inapplicable ; Inapplicable ;
; monitor_o[11]      ; Inapplicable ; Inapplicable ; Inapplicable ; Inapplicable ; Inapplicable ; Pass      ; Inapplicable ; Inapplicable ; Pass      ; Pass      ; Inapplicable ; Pass         ; Inapplicable ; Inapplicable ; Inapplicable ; Inapplicable ; Pass         ; Inapplicable ; Inapplicable ; Inapplicable ; Inapplicable ; Pass         ; Inapplicable ; Inapplicable ; Inapplicable ; Inapplicable ; Inapplicable ; Pass      ; Inapplicable ; Inapplicable ;
; monitor_o[12]      ; Inapplicable ; Inapplicable ; Inapplicable ; Inapplicable ; Inapplicable ; Pass      ; Inapplicable ; Inapplicable ; Pass      ; Pass      ; Inapplicable ; Pass         ; Inapplicable ; Inapplicable ; Inapplicable ; Inapplicable ; Pass         ; Inapplicable ; Inapplicable ; Inapplicable ; Inapplicable ; Pass         ; Inapplicable ; Inapplicable ; Inapplicable ; Inapplicable ; Inapplicable ; Pass      ; Inapplicable ; Inapplicable ;
; monitor_o[13]      ; Inapplicable ; Inapplicable ; Inapplicable ; Inapplicable ; Inapplicable ; Pass      ; Inapplicable ; Inapplicable ; Pass      ; Pass      ; Inapplicable ; Pass         ; Inapplicable ; Inapplicable ; Inapplicable ; Inapplicable ; Pass         ; Inapplicable ; Inapplicable ; Inapplicable ; Inapplicable ; Pass         ; Inapplicable ; Inapplicable ; Inapplicable ; Inapplicable ; Inapplicable ; Pass      ; Inapplicable ; Inapplicable ;
; monitor_o[14]      ; Inapplicable ; Inapplicable ; Inapplicable ; Inapplicable ; Inapplicable ; Pass      ; Inapplicable ; Inapplicable ; Pass      ; Pass      ; Inapplicable ; Pass         ; Inapplicable ; Inapplicable ; Inapplicable ; Inapplicable ; Pass         ; Inapplicable ; Inapplicable ; Inapplicable ; Inapplicable ; Pass         ; Inapplicable ; Inapplicable ; Inapplicable ; Inapplicable ; Inapplicable ; Pass      ; Inapplicable ; Inapplicable ;
; monitor_o[15]      ; Inapplicable ; Inapplicable ; Inapplicable ; Inapplicable ; Inapplicable ; Pass      ; Inapplicable ; Inapplicable ; Pass      ; Pass      ; Inapplicable ; Pass         ; Inapplicable ; Inapplicable ; Inapplicable ; Inapplicable ; Pass         ; Inapplicable ; Inapplicable ; Inapplicable ; Inapplicable ; Pass         ; Inapplicable ; Inapplicable ; Inapplicable ; Inapplicable ; Inapplicable ; Pass      ; Inapplicable ; Inapplicable ;
; monitor_o[16]      ; Inapplicable ; Inapplicable ; Inapplicable ; Inapplicable ; Inapplicable ; Pass      ; Inapplicable ; Inapplicable ; Pass      ; Pass      ; Inapplicable ; Pass         ; Inapplicable ; Inapplicable ; Inapplicable ; Inapplicable ; Pass         ; Inapplicable ; Inapplicable ; Inapplicable ; Inapplicable ; Pass         ; Inapplicable ; Inapplicable ; Inapplicable ; Inapplicable ; Inapplicable ; Pass      ; Inapplicable ; Inapplicable ;
; monitor_o[17]      ; Inapplicable ; Inapplicable ; Inapplicable ; Inapplicable ; Inapplicable ; Pass      ; Inapplicable ; Inapplicable ; Pass      ; Pass      ; Inapplicable ; Pass         ; Inapplicable ; Inapplicable ; Inapplicable ; Inapplicable ; Pass         ; Inapplicable ; Inapplicable ; Inapplicable ; Inapplicable ; Pass         ; Inapplicable ; Inapplicable ; Inapplicable ; Inapplicable ; Inapplicable ; Pass      ; Inapplicable ; Inapplicable ;
; monitor_o[18]      ; Inapplicable ; Inapplicable ; Inapplicable ; Inapplicable ; Inapplicable ; Pass      ; Inapplicable ; Inapplicable ; Pass      ; Pass      ; Inapplicable ; Pass         ; Inapplicable ; Inapplicable ; Inapplicable ; Inapplicable ; Pass         ; Inapplicable ; Inapplicable ; Inapplicable ; Inapplicable ; Pass         ; Inapplicable ; Inapplicable ; Inapplicable ; Inapplicable ; Inapplicable ; Pass      ; Inapplicable ; Inapplicable ;
; monitor_o[19]      ; Inapplicable ; Inapplicable ; Inapplicable ; Inapplicable ; Inapplicable ; Pass      ; Inapplicable ; Inapplicable ; Pass      ; Pass      ; Inapplicable ; Pass         ; Inapplicable ; Inapplicable ; Inapplicable ; Inapplicable ; Pass         ; Inapplicable ; Inapplicable ; Inapplicable ; Inapplicable ; Pass         ; Inapplicable ; Inapplicable ; Inapplicable ; Inapplicable ; Inapplicable ; Pass      ; Inapplicable ; Inapplicable ;
; monitor_o[20]      ; Inapplicable ; Inapplicable ; Inapplicable ; Inapplicable ; Inapplicable ; Pass      ; Inapplicable ; Inapplicable ; Pass      ; Pass      ; Inapplicable ; Pass         ; Inapplicable ; Inapplicable ; Inapplicable ; Inapplicable ; Pass         ; Inapplicable ; Inapplicable ; Inapplicable ; Inapplicable ; Pass         ; Inapplicable ; Inapplicable ; Inapplicable ; Inapplicable ; Inapplicable ; Pass      ; Inapplicable ; Inapplicable ;
; monitor_o[21]      ; Inapplicable ; Inapplicable ; Inapplicable ; Inapplicable ; Inapplicable ; Pass      ; Inapplicable ; Inapplicable ; Pass      ; Pass      ; Inapplicable ; Pass         ; Inapplicable ; Inapplicable ; Inapplicable ; Inapplicable ; Pass         ; Inapplicable ; Inapplicable ; Inapplicable ; Inapplicable ; Pass         ; Inapplicable ; Inapplicable ; Inapplicable ; Inapplicable ; Inapplicable ; Pass      ; Inapplicable ; Inapplicable ;
; monitor_o[22]      ; Inapplicable ; Inapplicable ; Inapplicable ; Inapplicable ; Inapplicable ; Pass      ; Inapplicable ; Inapplicable ; Pass      ; Pass      ; Inapplicable ; Pass         ; Inapplicable ; Inapplicable ; Inapplicable ; Inapplicable ; Pass         ; Inapplicable ; Inapplicable ; Inapplicable ; Inapplicable ; Pass         ; Inapplicable ; Inapplicable ; Inapplicable ; Inapplicable ; Inapplicable ; Pass      ; Inapplicable ; Inapplicable ;
; monitor_o[23]      ; Inapplicable ; Inapplicable ; Inapplicable ; Inapplicable ; Inapplicable ; Pass      ; Inapplicable ; Inapplicable ; Pass      ; Pass      ; Inapplicable ; Pass         ; Inapplicable ; Inapplicable ; Inapplicable ; Inapplicable ; Pass         ; Inapplicable ; Inapplicable ; Inapplicable ; Inapplicable ; Pass         ; Inapplicable ; Inapplicable ; Inapplicable ; Inapplicable ; Inapplicable ; Pass      ; Inapplicable ; Inapplicable ;
; monitor_o[24]      ; Inapplicable ; Inapplicable ; Inapplicable ; Inapplicable ; Inapplicable ; Pass      ; Inapplicable ; Inapplicable ; Pass      ; Pass      ; Inapplicable ; Pass         ; Inapplicable ; Inapplicable ; Inapplicable ; Inapplicable ; Pass         ; Inapplicable ; Inapplicable ; Inapplicable ; Inapplicable ; Pass         ; Inapplicable ; Inapplicable ; Inapplicable ; Inapplicable ; Inapplicable ; Pass      ; Inapplicable ; Inapplicable ;
; monitor_o[25]      ; Inapplicable ; Inapplicable ; Inapplicable ; Inapplicable ; Inapplicable ; Pass      ; Inapplicable ; Inapplicable ; Pass      ; Pass      ; Inapplicable ; Pass         ; Inapplicable ; Inapplicable ; Inapplicable ; Inapplicable ; Pass         ; Inapplicable ; Inapplicable ; Inapplicable ; Inapplicable ; Pass         ; Inapplicable ; Inapplicable ; Inapplicable ; Inapplicable ; Inapplicable ; Pass      ; Inapplicable ; Inapplicable ;
; monitor_o[26]      ; Inapplicable ; Inapplicable ; Inapplicable ; Inapplicable ; Inapplicable ; Pass      ; Inapplicable ; Inapplicable ; Pass      ; Pass      ; Inapplicable ; Pass         ; Inapplicable ; Inapplicable ; Inapplicable ; Inapplicable ; Pass         ; Inapplicable ; Inapplicable ; Inapplicable ; Inapplicable ; Pass         ; Inapplicable ; Inapplicable ; Inapplicable ; Inapplicable ; Inapplicable ; Pass      ; Inapplicable ; Inapplicable ;
; monitor_o[27]      ; Inapplicable ; Inapplicable ; Inapplicable ; Inapplicable ; Inapplicable ; Pass      ; Inapplicable ; Inapplicable ; Pass      ; Pass      ; Inapplicable ; Pass         ; Inapplicable ; Inapplicable ; Inapplicable ; Inapplicable ; Pass         ; Inapplicable ; Inapplicable ; Inapplicable ; Inapplicable ; Pass         ; Inapplicable ; Inapplicable ; Inapplicable ; Inapplicable ; Inapplicable ; Pass      ; Inapplicable ; Inapplicable ;
; monitor_o[28]      ; Inapplicable ; Inapplicable ; Inapplicable ; Inapplicable ; Inapplicable ; Pass      ; Inapplicable ; Inapplicable ; Pass      ; Pass      ; Inapplicable ; Pass         ; Inapplicable ; Inapplicable ; Inapplicable ; Inapplicable ; Pass         ; Inapplicable ; Inapplicable ; Inapplicable ; Inapplicable ; Pass         ; Inapplicable ; Inapplicable ; Inapplicable ; Inapplicable ; Inapplicable ; Pass      ; Inapplicable ; Inapplicable ;
; monitor_o[29]      ; Inapplicable ; Inapplicable ; Inapplicable ; Inapplicable ; Inapplicable ; Pass      ; Inapplicable ; Inapplicable ; Pass      ; Pass      ; Inapplicable ; Pass         ; Inapplicable ; Inapplicable ; Inapplicable ; Inapplicable ; Pass         ; Inapplicable ; Inapplicable ; Inapplicable ; Inapplicable ; Pass         ; Inapplicable ; Inapplicable ; Inapplicable ; Inapplicable ; Inapplicable ; Pass      ; Inapplicable ; Inapplicable ;
; monitor_o[30]      ; Inapplicable ; Inapplicable ; Inapplicable ; Inapplicable ; Inapplicable ; Pass      ; Inapplicable ; Inapplicable ; Pass      ; Pass      ; Inapplicable ; Pass         ; Inapplicable ; Inapplicable ; Inapplicable ; Inapplicable ; Pass         ; Inapplicable ; Inapplicable ; Inapplicable ; Inapplicable ; Pass         ; Inapplicable ; Inapplicable ; Inapplicable ; Inapplicable ; Inapplicable ; Pass      ; Inapplicable ; Inapplicable ;
; monitor_o[31]      ; Inapplicable ; Inapplicable ; Inapplicable ; Inapplicable ; Inapplicable ; Pass      ; Inapplicable ; Inapplicable ; Pass      ; Pass      ; Inapplicable ; Pass         ; Inapplicable ; Inapplicable ; Inapplicable ; Inapplicable ; Pass         ; Inapplicable ; Inapplicable ; Inapplicable ; Inapplicable ; Pass         ; Inapplicable ; Inapplicable ; Inapplicable ; Inapplicable ; Inapplicable ; Pass      ; Inapplicable ; Inapplicable ;
; monitor_o[32]      ; Inapplicable ; Inapplicable ; Inapplicable ; Inapplicable ; Inapplicable ; Pass      ; Inapplicable ; Inapplicable ; Pass      ; Pass      ; Inapplicable ; Pass         ; Inapplicable ; Inapplicable ; Inapplicable ; Inapplicable ; Pass         ; Inapplicable ; Inapplicable ; Inapplicable ; Inapplicable ; Pass         ; Inapplicable ; Inapplicable ; Inapplicable ; Inapplicable ; Inapplicable ; Pass      ; Inapplicable ; Inapplicable ;
; monitor_o[33]      ; Inapplicable ; Inapplicable ; Inapplicable ; Inapplicable ; Inapplicable ; Pass      ; Inapplicable ; Inapplicable ; Pass      ; Pass      ; Inapplicable ; Pass         ; Inapplicable ; Inapplicable ; Inapplicable ; Inapplicable ; Pass         ; Inapplicable ; Inapplicable ; Inapplicable ; Inapplicable ; Pass         ; Inapplicable ; Inapplicable ; Inapplicable ; Inapplicable ; Inapplicable ; Pass      ; Inapplicable ; Inapplicable ;
; monitor_o[34]      ; Inapplicable ; Inapplicable ; Inapplicable ; Inapplicable ; Inapplicable ; Pass      ; Inapplicable ; Inapplicable ; Pass      ; Pass      ; Inapplicable ; Pass         ; Inapplicable ; Inapplicable ; Inapplicable ; Inapplicable ; Pass         ; Inapplicable ; Inapplicable ; Inapplicable ; Inapplicable ; Pass         ; Inapplicable ; Inapplicable ; Inapplicable ; Inapplicable ; Inapplicable ; Pass      ; Inapplicable ; Inapplicable ;
; monitor_o[35]      ; Inapplicable ; Inapplicable ; Inapplicable ; Inapplicable ; Inapplicable ; Pass      ; Inapplicable ; Inapplicable ; Pass      ; Pass      ; Inapplicable ; Pass         ; Inapplicable ; Inapplicable ; Inapplicable ; Inapplicable ; Pass         ; Inapplicable ; Inapplicable ; Inapplicable ; Inapplicable ; Pass         ; Inapplicable ; Inapplicable ; Inapplicable ; Inapplicable ; Inapplicable ; Pass      ; Inapplicable ; Inapplicable ;
; monitor_o[36]      ; Inapplicable ; Inapplicable ; Inapplicable ; Inapplicable ; Inapplicable ; Pass      ; Inapplicable ; Inapplicable ; Pass      ; Pass      ; Inapplicable ; Pass         ; Inapplicable ; Inapplicable ; Inapplicable ; Inapplicable ; Pass         ; Inapplicable ; Inapplicable ; Inapplicable ; Inapplicable ; Pass         ; Inapplicable ; Inapplicable ; Inapplicable ; Inapplicable ; Inapplicable ; Pass      ; Inapplicable ; Inapplicable ;
; monitor_o[37]      ; Inapplicable ; Inapplicable ; Inapplicable ; Inapplicable ; Inapplicable ; Pass      ; Inapplicable ; Inapplicable ; Pass      ; Pass      ; Inapplicable ; Pass         ; Inapplicable ; Inapplicable ; Inapplicable ; Inapplicable ; Pass         ; Inapplicable ; Inapplicable ; Inapplicable ; Inapplicable ; Pass         ; Inapplicable ; Inapplicable ; Inapplicable ; Inapplicable ; Inapplicable ; Pass      ; Inapplicable ; Inapplicable ;
; monitor_o[38]      ; Inapplicable ; Inapplicable ; Inapplicable ; Inapplicable ; Inapplicable ; Pass      ; Inapplicable ; Inapplicable ; Pass      ; Pass      ; Inapplicable ; Pass         ; Inapplicable ; Inapplicable ; Inapplicable ; Inapplicable ; Pass         ; Inapplicable ; Inapplicable ; Inapplicable ; Inapplicable ; Pass         ; Inapplicable ; Inapplicable ; Inapplicable ; Inapplicable ; Inapplicable ; Pass      ; Inapplicable ; Inapplicable ;
; monitor_o[39]      ; Inapplicable ; Inapplicable ; Inapplicable ; Inapplicable ; Inapplicable ; Pass      ; Inapplicable ; Inapplicable ; Pass      ; Pass      ; Inapplicable ; Pass         ; Inapplicable ; Inapplicable ; Inapplicable ; Inapplicable ; Pass         ; Inapplicable ; Inapplicable ; Inapplicable ; Inapplicable ; Pass         ; Inapplicable ; Inapplicable ; Inapplicable ; Inapplicable ; Inapplicable ; Pass      ; Inapplicable ; Inapplicable ;
; monitor_o[40]      ; Inapplicable ; Inapplicable ; Inapplicable ; Inapplicable ; Inapplicable ; Pass      ; Inapplicable ; Inapplicable ; Pass      ; Pass      ; Inapplicable ; Pass         ; Inapplicable ; Inapplicable ; Inapplicable ; Inapplicable ; Pass         ; Inapplicable ; Inapplicable ; Inapplicable ; Inapplicable ; Pass         ; Inapplicable ; Inapplicable ; Inapplicable ; Inapplicable ; Inapplicable ; Pass      ; Inapplicable ; Inapplicable ;
; monitor_o[41]      ; Inapplicable ; Inapplicable ; Inapplicable ; Inapplicable ; Inapplicable ; Pass      ; Inapplicable ; Inapplicable ; Pass      ; Pass      ; Inapplicable ; Pass         ; Inapplicable ; Inapplicable ; Inapplicable ; Inapplicable ; Pass         ; Inapplicable ; Inapplicable ; Inapplicable ; Inapplicable ; Pass         ; Inapplicable ; Inapplicable ; Inapplicable ; Inapplicable ; Inapplicable ; Pass      ; Inapplicable ; Inapplicable ;
; monitor_o[42]      ; Inapplicable ; Inapplicable ; Inapplicable ; Inapplicable ; Inapplicable ; Pass      ; Inapplicable ; Inapplicable ; Pass      ; Pass      ; Inapplicable ; Pass         ; Inapplicable ; Inapplicable ; Inapplicable ; Inapplicable ; Pass         ; Inapplicable ; Inapplicable ; Inapplicable ; Inapplicable ; Pass         ; Inapplicable ; Inapplicable ; Inapplicable ; Inapplicable ; Inapplicable ; Pass      ; Inapplicable ; Inapplicable ;
; monitor_o[43]      ; Inapplicable ; Inapplicable ; Inapplicable ; Inapplicable ; Inapplicable ; Pass      ; Inapplicable ; Inapplicable ; Pass      ; Pass      ; Inapplicable ; Pass         ; Inapplicable ; Inapplicable ; Inapplicable ; Inapplicable ; Pass         ; Inapplicable ; Inapplicable ; Inapplicable ; Inapplicable ; Pass         ; Inapplicable ; Inapplicable ; Inapplicable ; Inapplicable ; Inapplicable ; Pass      ; Inapplicable ; Inapplicable ;
; monitor_o[44]      ; Inapplicable ; Inapplicable ; Inapplicable ; Inapplicable ; Inapplicable ; Pass      ; Inapplicable ; Inapplicable ; Pass      ; Pass      ; Inapplicable ; Pass         ; Inapplicable ; Inapplicable ; Inapplicable ; Inapplicable ; Pass         ; Inapplicable ; Inapplicable ; Inapplicable ; Inapplicable ; Pass         ; Inapplicable ; Inapplicable ; Inapplicable ; Inapplicable ; Inapplicable ; Pass      ; Inapplicable ; Inapplicable ;
; monitor_o[45]      ; Inapplicable ; Inapplicable ; Inapplicable ; Inapplicable ; Inapplicable ; Pass      ; Inapplicable ; Inapplicable ; Pass      ; Pass      ; Inapplicable ; Pass         ; Inapplicable ; Inapplicable ; Inapplicable ; Inapplicable ; Pass         ; Inapplicable ; Inapplicable ; Inapplicable ; Inapplicable ; Pass         ; Inapplicable ; Inapplicable ; Inapplicable ; Inapplicable ; Inapplicable ; Pass      ; Inapplicable ; Inapplicable ;
; monitor_o[46]      ; Inapplicable ; Inapplicable ; Inapplicable ; Inapplicable ; Inapplicable ; Pass      ; Inapplicable ; Inapplicable ; Pass      ; Pass      ; Inapplicable ; Pass         ; Inapplicable ; Inapplicable ; Inapplicable ; Inapplicable ; Pass         ; Inapplicable ; Inapplicable ; Inapplicable ; Inapplicable ; Pass         ; Inapplicable ; Inapplicable ; Inapplicable ; Inapplicable ; Inapplicable ; Pass      ; Inapplicable ; Inapplicable ;
; monitor_o[47]      ; Inapplicable ; Inapplicable ; Inapplicable ; Inapplicable ; Inapplicable ; Pass      ; Inapplicable ; Inapplicable ; Pass      ; Pass      ; Inapplicable ; Pass         ; Inapplicable ; Inapplicable ; Inapplicable ; Inapplicable ; Pass         ; Inapplicable ; Inapplicable ; Inapplicable ; Inapplicable ; Pass         ; Inapplicable ; Inapplicable ; Inapplicable ; Inapplicable ; Inapplicable ; Pass      ; Inapplicable ; Inapplicable ;
; monitor_o[48]      ; Inapplicable ; Inapplicable ; Inapplicable ; Inapplicable ; Inapplicable ; Pass      ; Inapplicable ; Inapplicable ; Pass      ; Pass      ; Inapplicable ; Pass         ; Inapplicable ; Inapplicable ; Inapplicable ; Inapplicable ; Pass         ; Inapplicable ; Inapplicable ; Inapplicable ; Inapplicable ; Pass         ; Inapplicable ; Inapplicable ; Inapplicable ; Inapplicable ; Inapplicable ; Pass      ; Inapplicable ; Inapplicable ;
; monitor_o[49]      ; Inapplicable ; Inapplicable ; Inapplicable ; Inapplicable ; Inapplicable ; Pass      ; Inapplicable ; Inapplicable ; Pass      ; Pass      ; Inapplicable ; Pass         ; Inapplicable ; Inapplicable ; Inapplicable ; Inapplicable ; Pass         ; Inapplicable ; Inapplicable ; Inapplicable ; Inapplicable ; Pass         ; Inapplicable ; Inapplicable ; Inapplicable ; Inapplicable ; Inapplicable ; Pass      ; Inapplicable ; Inapplicable ;
; monitor_o[50]      ; Inapplicable ; Inapplicable ; Inapplicable ; Inapplicable ; Inapplicable ; Pass      ; Inapplicable ; Inapplicable ; Pass      ; Pass      ; Inapplicable ; Pass         ; Inapplicable ; Inapplicable ; Inapplicable ; Inapplicable ; Pass         ; Inapplicable ; Inapplicable ; Inapplicable ; Inapplicable ; Pass         ; Inapplicable ; Inapplicable ; Inapplicable ; Inapplicable ; Inapplicable ; Pass      ; Inapplicable ; Inapplicable ;
; monitor_o[51]      ; Inapplicable ; Inapplicable ; Inapplicable ; Inapplicable ; Inapplicable ; Pass      ; Inapplicable ; Inapplicable ; Pass      ; Pass      ; Inapplicable ; Pass         ; Inapplicable ; Inapplicable ; Inapplicable ; Inapplicable ; Pass         ; Inapplicable ; Inapplicable ; Inapplicable ; Inapplicable ; Pass         ; Inapplicable ; Inapplicable ; Inapplicable ; Inapplicable ; Inapplicable ; Pass      ; Inapplicable ; Inapplicable ;
; monitor_o[52]      ; Inapplicable ; Inapplicable ; Inapplicable ; Inapplicable ; Inapplicable ; Pass      ; Inapplicable ; Inapplicable ; Pass      ; Pass      ; Inapplicable ; Pass         ; Inapplicable ; Inapplicable ; Inapplicable ; Inapplicable ; Pass         ; Inapplicable ; Inapplicable ; Inapplicable ; Inapplicable ; Pass         ; Inapplicable ; Inapplicable ; Inapplicable ; Inapplicable ; Inapplicable ; Pass      ; Inapplicable ; Inapplicable ;
; monitor_o[53]      ; Inapplicable ; Inapplicable ; Inapplicable ; Inapplicable ; Inapplicable ; Pass      ; Inapplicable ; Inapplicable ; Pass      ; Pass      ; Inapplicable ; Pass         ; Inapplicable ; Inapplicable ; Inapplicable ; Inapplicable ; Pass         ; Inapplicable ; Inapplicable ; Inapplicable ; Inapplicable ; Pass         ; Inapplicable ; Inapplicable ; Inapplicable ; Inapplicable ; Inapplicable ; Pass      ; Inapplicable ; Inapplicable ;
; monitor_o[54]      ; Inapplicable ; Inapplicable ; Inapplicable ; Inapplicable ; Inapplicable ; Pass      ; Inapplicable ; Inapplicable ; Pass      ; Pass      ; Inapplicable ; Pass         ; Inapplicable ; Inapplicable ; Inapplicable ; Inapplicable ; Pass         ; Inapplicable ; Inapplicable ; Inapplicable ; Inapplicable ; Pass         ; Inapplicable ; Inapplicable ; Inapplicable ; Inapplicable ; Inapplicable ; Pass      ; Inapplicable ; Inapplicable ;
; monitor_o[55]      ; Inapplicable ; Inapplicable ; Inapplicable ; Inapplicable ; Inapplicable ; Pass      ; Inapplicable ; Inapplicable ; Pass      ; Pass      ; Inapplicable ; Pass         ; Inapplicable ; Inapplicable ; Inapplicable ; Inapplicable ; Pass         ; Inapplicable ; Inapplicable ; Inapplicable ; Inapplicable ; Pass         ; Inapplicable ; Inapplicable ; Inapplicable ; Inapplicable ; Inapplicable ; Pass      ; Inapplicable ; Inapplicable ;
; monitor_o[56]      ; Inapplicable ; Inapplicable ; Inapplicable ; Inapplicable ; Inapplicable ; Pass      ; Inapplicable ; Inapplicable ; Pass      ; Pass      ; Inapplicable ; Pass         ; Inapplicable ; Inapplicable ; Inapplicable ; Inapplicable ; Pass         ; Inapplicable ; Inapplicable ; Inapplicable ; Inapplicable ; Pass         ; Inapplicable ; Inapplicable ; Inapplicable ; Inapplicable ; Inapplicable ; Pass      ; Inapplicable ; Inapplicable ;
; monitor_o[57]      ; Inapplicable ; Inapplicable ; Inapplicable ; Inapplicable ; Inapplicable ; Pass      ; Inapplicable ; Inapplicable ; Pass      ; Pass      ; Inapplicable ; Pass         ; Inapplicable ; Inapplicable ; Inapplicable ; Inapplicable ; Pass         ; Inapplicable ; Inapplicable ; Inapplicable ; Inapplicable ; Pass         ; Inapplicable ; Inapplicable ; Inapplicable ; Inapplicable ; Inapplicable ; Pass      ; Inapplicable ; Inapplicable ;
; monitor_o[58]      ; Inapplicable ; Inapplicable ; Inapplicable ; Inapplicable ; Inapplicable ; Pass      ; Inapplicable ; Inapplicable ; Pass      ; Pass      ; Inapplicable ; Pass         ; Inapplicable ; Inapplicable ; Inapplicable ; Inapplicable ; Pass         ; Inapplicable ; Inapplicable ; Inapplicable ; Inapplicable ; Pass         ; Inapplicable ; Inapplicable ; Inapplicable ; Inapplicable ; Inapplicable ; Pass      ; Inapplicable ; Inapplicable ;
; monitor_o[59]      ; Inapplicable ; Inapplicable ; Inapplicable ; Inapplicable ; Inapplicable ; Pass      ; Inapplicable ; Inapplicable ; Pass      ; Pass      ; Inapplicable ; Pass         ; Inapplicable ; Inapplicable ; Inapplicable ; Inapplicable ; Pass         ; Inapplicable ; Inapplicable ; Inapplicable ; Inapplicable ; Pass         ; Inapplicable ; Inapplicable ; Inapplicable ; Inapplicable ; Inapplicable ; Pass      ; Inapplicable ; Inapplicable ;
; monitor_o[60]      ; Inapplicable ; Inapplicable ; Inapplicable ; Inapplicable ; Inapplicable ; Pass      ; Inapplicable ; Inapplicable ; Pass      ; Pass      ; Inapplicable ; Pass         ; Inapplicable ; Inapplicable ; Inapplicable ; Inapplicable ; Pass         ; Inapplicable ; Inapplicable ; Inapplicable ; Inapplicable ; Pass         ; Inapplicable ; Inapplicable ; Inapplicable ; Inapplicable ; Inapplicable ; Pass      ; Inapplicable ; Inapplicable ;
; monitor_o[61]      ; Inapplicable ; Inapplicable ; Inapplicable ; Inapplicable ; Inapplicable ; Pass      ; Inapplicable ; Inapplicable ; Pass      ; Pass      ; Inapplicable ; Pass         ; Inapplicable ; Inapplicable ; Inapplicable ; Inapplicable ; Pass         ; Inapplicable ; Inapplicable ; Inapplicable ; Inapplicable ; Pass         ; Inapplicable ; Inapplicable ; Inapplicable ; Inapplicable ; Inapplicable ; Pass      ; Inapplicable ; Inapplicable ;
; monitor_o[62]      ; Inapplicable ; Inapplicable ; Inapplicable ; Inapplicable ; Inapplicable ; Pass      ; Inapplicable ; Inapplicable ; Pass      ; Pass      ; Inapplicable ; Pass         ; Inapplicable ; Inapplicable ; Inapplicable ; Inapplicable ; Pass         ; Inapplicable ; Inapplicable ; Inapplicable ; Inapplicable ; Pass         ; Inapplicable ; Inapplicable ; Inapplicable ; Inapplicable ; Inapplicable ; Pass      ; Inapplicable ; Inapplicable ;
; monitor_o[63]      ; Inapplicable ; Inapplicable ; Inapplicable ; Inapplicable ; Inapplicable ; Pass      ; Inapplicable ; Inapplicable ; Pass      ; Pass      ; Inapplicable ; Pass         ; Inapplicable ; Inapplicable ; Inapplicable ; Inapplicable ; Pass         ; Inapplicable ; Inapplicable ; Inapplicable ; Inapplicable ; Pass         ; Inapplicable ; Inapplicable ; Inapplicable ; Inapplicable ; Inapplicable ; Pass      ; Inapplicable ; Inapplicable ;
; clk_i              ; Pass         ; Inapplicable ; Pass         ; Inapplicable ; Inapplicable ; Pass      ; Pass         ; Inapplicable ; Pass      ; Pass      ; Inapplicable ; Inapplicable ; Inapplicable ; Inapplicable ; Pass         ; Inapplicable ; Inapplicable ; Pass         ; Inapplicable ; Inapplicable ; Inapplicable ; Inapplicable ; Inapplicable ; Inapplicable ; Inapplicable ; Inapplicable ; Inapplicable ; Pass      ; Inapplicable ; Inapplicable ;
; rst_ni             ; Pass         ; Inapplicable ; Pass         ; Inapplicable ; Inapplicable ; Pass      ; Pass         ; Inapplicable ; Pass      ; Pass      ; Inapplicable ; Inapplicable ; Inapplicable ; Inapplicable ; Pass         ; Inapplicable ; Inapplicable ; Pass         ; Inapplicable ; Inapplicable ; Inapplicable ; Inapplicable ; Inapplicable ; Inapplicable ; Inapplicable ; Inapplicable ; Inapplicable ; Pass      ; Inapplicable ; Inapplicable ;
+--------------------+--------------+--------------+--------------+--------------+--------------+-----------+--------------+--------------+-----------+-----------+--------------+--------------+--------------+--------------+--------------+--------------+--------------+--------------+--------------+--------------+--------------+--------------+--------------+--------------+--------------+--------------+--------------+-----------+--------------+--------------+


+---------------------------------------------------------------------------------------------+
; Fitter Device Options                                                                       ;
+------------------------------------------------------------------+--------------------------+
; Option                                                           ; Setting                  ;
+------------------------------------------------------------------+--------------------------+
; Enable user-supplied start-up clock (CLKUSR)                     ; Off                      ;
; Enable device-wide reset (DEV_CLRn)                              ; Off                      ;
; Enable device-wide output enable (DEV_OE)                        ; Off                      ;
; Enable INIT_DONE output                                          ; Off                      ;
; Configuration scheme                                             ; Active Serial            ;
; Error detection CRC                                              ; Off                      ;
; Enable open drain on CRC_ERROR pin                               ; Off                      ;
; Enable input tri-state on active configuration pins in user mode ; Off                      ;
; Configuration Voltage Level                                      ; Auto                     ;
; Force Configuration Voltage Level                                ; Off                      ;
; nCEO                                                             ; As output driving ground ;
; Data[0]                                                          ; As input tri-stated      ;
; Data[1]/ASDO                                                     ; As input tri-stated      ;
; Data[7..2]                                                       ; Unreserved               ;
; FLASH_nCE/nCSO                                                   ; As input tri-stated      ;
; Other Active Parallel pins                                       ; Unreserved               ;
; DCLK                                                             ; As output driving ground ;
+------------------------------------------------------------------+--------------------------+


+------------------------------------+
; Operating Settings and Conditions  ;
+---------------------------+--------+
; Setting                   ; Value  ;
+---------------------------+--------+
; Nominal Core Voltage      ; 1.20 V ;
; Low Junction Temperature  ; 0 °C   ;
; High Junction Temperature ; 85 °C  ;
+---------------------------+--------+


+------------------------------------------------------------+
; Estimated Delay Added for Hold Timing Summary              ;
+-----------------+----------------------+-------------------+
; Source Clock(s) ; Destination Clock(s) ; Delay Added in ns ;
+-----------------+----------------------+-------------------+
Note: For more information on problematic transfers, consider running the Fitter again with the Optimize hold timing option (Settings Menu) turned off.
This will disable optimization of problematic paths and expose them for further analysis using the Timing Analyzer.


+------------------------------------------------------------------------------------------------------------------------------------------------------------------------------------+
; Estimated Delay Added for Hold Timing Details                                                                                                                                      ;
+------------------------------------------------+---------------------------------------------------------------------------------------------------------------+-------------------+
; Source Register                                ; Destination Register                                                                                          ; Delay Added in ns ;
+------------------------------------------------+---------------------------------------------------------------------------------------------------------------+-------------------+
; memwb_latch:memwb_latch1|rd_o[0]               ; regfile:register_read_stg|altsyncram:GPR_rtl_1|altsyncram_uni1:auto_generated|ram_block1a1~porta_address_reg0 ; 0.283             ;
; memwb_latch:memwb_latch1|rd_o[1]               ; regfile:register_read_stg|altsyncram:GPR_rtl_1|altsyncram_uni1:auto_generated|ram_block1a1~porta_address_reg0 ; 0.283             ;
; memwb_latch:memwb_latch1|rd_o[3]               ; regfile:register_read_stg|altsyncram:GPR_rtl_1|altsyncram_uni1:auto_generated|ram_block1a1~porta_address_reg0 ; 0.022             ;
; regfile:register_read_stg|GPR_rtl_0_bypass[26] ; rfex_latch:rfex_latch1|rfex_dators1_o[7]                                                                      ; 0.018             ;
; IFID_Latch:ifid_latch1|inst_o[18]              ; regfile:register_read_stg|altsyncram:GPR_rtl_0|altsyncram_uni1:auto_generated|ram_block1a0~portb_address_reg0 ; 0.013             ;
; IFID_Latch:ifid_latch1|inst_o[16]              ; regfile:register_read_stg|altsyncram:GPR_rtl_0|altsyncram_uni1:auto_generated|ram_block1a0~portb_address_reg0 ; 0.013             ;
+------------------------------------------------+---------------------------------------------------------------------------------------------------------------+-------------------+
Note: This table only shows the top 6 path(s) that have the largest delay added for hold.


+-----------------+
; Fitter Messages ;
+-----------------+
Warning (18236): Number of processors has not been specified which may cause overloading on shared machines.  Set the global assignment NUM_PARALLEL_PROCESSORS in your QSF to an appropriate value for best performance.
Info (20030): Parallel compilation is enabled and will use 4 of the 4 processors detected
Info (119006): Selected device EP4CE115F29C7 for design "monociclo"
Info (21077): Low junction temperature is 0 degrees C
Info (21077): High junction temperature is 85 degrees C
Info (171003): Fitter is performing an Auto Fit compilation, which may decrease Fitter effort to reduce compilation time
Warning (292013): Feature LogicLock is only available with a valid subscription license. You can purchase a software subscription to gain full access to this feature.
Info (176444): Device migration not selected. If you intend to use device migration later, you may need to change the pin assignments as they may be incompatible with other devices
    Info (176445): Device EP4CE40F29C7 is compatible
    Info (176445): Device EP4CE40F29I7 is compatible
    Info (176445): Device EP4CE30F29C7 is compatible
    Info (176445): Device EP4CE30F29I7 is compatible
    Info (176445): Device EP4CE55F29C7 is compatible
    Info (176445): Device EP4CE55F29I7 is compatible
    Info (176445): Device EP4CE75F29C7 is compatible
    Info (176445): Device EP4CE75F29I7 is compatible
    Info (176445): Device EP4CE115F29I7 is compatible
Info (169124): Fitter converted 5 user pins into dedicated programming pins
    Info (169125): Pin ~ALTERA_ASDO_DATA1~ is reserved at location F4
    Info (169125): Pin ~ALTERA_FLASH_nCE_nCSO~ is reserved at location E2
    Info (169125): Pin ~ALTERA_DCLK~ is reserved at location P3
    Info (169125): Pin ~ALTERA_DATA0~ is reserved at location N7
    Info (169125): Pin ~ALTERA_nCEO~ is reserved at location P28
Warning (15714): Some pins have incomplete I/O assignments. Refer to the I/O Assignment Warnings report for details
Info (176045): Design uses memory blocks. Violating setup or hold times of memory block address registers for either read or write operations could cause memory contents to be corrupted. Make sure that all memory block address registers meet the setup and hold time requirements.
Critical Warning (169085): No exact pin location assignment(s) for 64 pins of 66 total pins. For the list of pins please refer to the I/O Assignment Warnings table in the fitter report.
Critical Warning (332012): Synopsys Design Constraints File file not found: 'monociclo.sdc'. A Synopsys Design Constraints File is required by the Timing Analyzer to get proper timing constraints. Without it, the Compiler will not properly optimize the design.
Info (332144): No user constrained base clocks found in the design
Info (332143): No user constrained clock uncertainty found in the design. Calling "derive_clock_uncertainty"
Info (332154): The derive_clock_uncertainty command did not apply clock uncertainty to any clock-to-clock transfers.
Info (332130): Timing requirements not specified -- quality metrics such as performance may be sacrificed to reduce compilation time.
Info (176353): Automatically promoted node clk_i~input (placed in PIN Y2 (CLK2, DIFFCLK_1p)) File: C:/Users/rodri/Documents/development/Monociclo_V1/monociclo/monociclo_segmentado_v1/segmentado.sv Line: 4
    Info (176355): Automatically promoted destinations to use location or clock signal Global Clock CLKCTRL_G4
Info (176233): Starting register packing
Info (176235): Finished register packing
    Extra Info (176219): No registers were packed into other blocks
Info (176214): Statistics of I/O pins that need to be placed that use the same VCCIO and VREF, before I/O pin placement
    Info (176211): Number of I/O pins in group: 64 (unused VREF, 2.5V VCCIO, 0 input, 64 output, 0 bidirectional)
        Info (176212): I/O standards used: 2.5 V.
Info (176215): I/O bank details before I/O pin placement
    Info (176214): Statistics of I/O banks
        Info (176213): I/O bank number 1 does not use VREF pins and has undetermined VCCIO pins. 4 total pin(s) used --  52 pins available
        Info (176213): I/O bank number 2 does not use VREF pins and has undetermined VCCIO pins. 1 total pin(s) used --  62 pins available
        Info (176213): I/O bank number 3 does not use VREF pins and has undetermined VCCIO pins. 0 total pin(s) used --  73 pins available
        Info (176213): I/O bank number 4 does not use VREF pins and has undetermined VCCIO pins. 0 total pin(s) used --  71 pins available
        Info (176213): I/O bank number 5 does not use VREF pins and has undetermined VCCIO pins. 1 total pin(s) used --  64 pins available
        Info (176213): I/O bank number 6 does not use VREF pins and has undetermined VCCIO pins. 1 total pin(s) used --  57 pins available
        Info (176213): I/O bank number 7 does not use VREF pins and has undetermined VCCIO pins. 0 total pin(s) used --  72 pins available
        Info (176213): I/O bank number 8 does not use VREF pins and has undetermined VCCIO pins. 0 total pin(s) used --  71 pins available
Warning (15705): Ignored locations or region assignments to the following nodes
    Warning (15706): Node "disp0[0]" is assigned to location or region, but does not exist in design
    Warning (15706): Node "disp0[1]" is assigned to location or region, but does not exist in design
    Warning (15706): Node "disp0[2]" is assigned to location or region, but does not exist in design
    Warning (15706): Node "disp0[3]" is assigned to location or region, but does not exist in design
    Warning (15706): Node "disp0[4]" is assigned to location or region, but does not exist in design
    Warning (15706): Node "disp0[5]" is assigned to location or region, but does not exist in design
    Warning (15706): Node "disp0[6]" is assigned to location or region, but does not exist in design
    Warning (15706): Node "disp1[0]" is assigned to location or region, but does not exist in design
    Warning (15706): Node "disp1[1]" is assigned to location or region, but does not exist in design
    Warning (15706): Node "disp1[2]" is assigned to location or region, but does not exist in design
    Warning (15706): Node "disp1[3]" is assigned to location or region, but does not exist in design
    Warning (15706): Node "disp1[4]" is assigned to location or region, but does not exist in design
    Warning (15706): Node "disp1[5]" is assigned to location or region, but does not exist in design
    Warning (15706): Node "disp1[6]" is assigned to location or region, but does not exist in design
    Warning (15706): Node "disp2[0]" is assigned to location or region, but does not exist in design
    Warning (15706): Node "disp2[1]" is assigned to location or region, but does not exist in design
    Warning (15706): Node "disp2[2]" is assigned to location or region, but does not exist in design
    Warning (15706): Node "disp2[3]" is assigned to location or region, but does not exist in design
    Warning (15706): Node "disp2[4]" is assigned to location or region, but does not exist in design
    Warning (15706): Node "disp2[5]" is assigned to location or region, but does not exist in design
    Warning (15706): Node "disp2[6]" is assigned to location or region, but does not exist in design
    Warning (15706): Node "disp3[0]" is assigned to location or region, but does not exist in design
    Warning (15706): Node "disp3[1]" is assigned to location or region, but does not exist in design
    Warning (15706): Node "disp3[2]" is assigned to location or region, but does not exist in design
    Warning (15706): Node "disp3[3]" is assigned to location or region, but does not exist in design
    Warning (15706): Node "disp3[4]" is assigned to location or region, but does not exist in design
    Warning (15706): Node "disp3[5]" is assigned to location or region, but does not exist in design
    Warning (15706): Node "disp3[6]" is assigned to location or region, but does not exist in design
    Warning (15706): Node "disp4[0]" is assigned to location or region, but does not exist in design
    Warning (15706): Node "disp4[1]" is assigned to location or region, but does not exist in design
    Warning (15706): Node "disp4[2]" is assigned to location or region, but does not exist in design
    Warning (15706): Node "disp4[3]" is assigned to location or region, but does not exist in design
    Warning (15706): Node "disp4[4]" is assigned to location or region, but does not exist in design
    Warning (15706): Node "disp4[5]" is assigned to location or region, but does not exist in design
    Warning (15706): Node "disp4[6]" is assigned to location or region, but does not exist in design
    Warning (15706): Node "disp5[0]" is assigned to location or region, but does not exist in design
    Warning (15706): Node "disp5[1]" is assigned to location or region, but does not exist in design
    Warning (15706): Node "disp5[2]" is assigned to location or region, but does not exist in design
    Warning (15706): Node "disp5[3]" is assigned to location or region, but does not exist in design
    Warning (15706): Node "disp5[4]" is assigned to location or region, but does not exist in design
    Warning (15706): Node "disp5[5]" is assigned to location or region, but does not exist in design
    Warning (15706): Node "disp5[6]" is assigned to location or region, but does not exist in design
    Warning (15706): Node "disp6[0]" is assigned to location or region, but does not exist in design
    Warning (15706): Node "disp6[1]" is assigned to location or region, but does not exist in design
    Warning (15706): Node "disp6[2]" is assigned to location or region, but does not exist in design
    Warning (15706): Node "disp6[3]" is assigned to location or region, but does not exist in design
    Warning (15706): Node "disp6[4]" is assigned to location or region, but does not exist in design
    Warning (15706): Node "disp6[5]" is assigned to location or region, but does not exist in design
    Warning (15706): Node "disp6[6]" is assigned to location or region, but does not exist in design
    Warning (15706): Node "disp7[0]" is assigned to location or region, but does not exist in design
    Warning (15706): Node "disp7[1]" is assigned to location or region, but does not exist in design
    Warning (15706): Node "disp7[2]" is assigned to location or region, but does not exist in design
    Warning (15706): Node "disp7[3]" is assigned to location or region, but does not exist in design
    Warning (15706): Node "disp7[4]" is assigned to location or region, but does not exist in design
    Warning (15706): Node "disp7[5]" is assigned to location or region, but does not exist in design
    Warning (15706): Node "disp7[6]" is assigned to location or region, but does not exist in design
Info (171121): Fitter preparation operations ending: elapsed time is 00:00:12
Info (14896): Fitter has disabled Advanced Physical Optimization because it is not supported for the current family.
Info (170189): Fitter placement preparation operations beginning
Info (170190): Fitter placement preparation operations ending: elapsed time is 00:00:05
Info (170191): Fitter placement operations beginning
Info (170137): Fitter placement was successful
Info (170192): Fitter placement operations ending: elapsed time is 00:01:18
Info (170193): Fitter routing operations beginning
Info (170195): Router estimated average interconnect usage is 11% of the available device resources
    Info (170196): Router estimated peak interconnect usage is 48% of the available device resources in the region that extends from location X69_Y37 to location X80_Y48
Info (170199): The Fitter performed an Auto Fit compilation.  Optimizations were skipped to reduce compilation time.
    Info (170201): Optimizations that may affect the design's routability were skipped
Info (170194): Fitter routing operations ending: elapsed time is 00:01:53
Info (11888): Total time spent on timing analysis during the Fitter is 15.97 seconds.
Info (334003): Started post-fitting delay annotation
Info (334004): Delay annotation completed successfully
Info (334003): Started post-fitting delay annotation
Info (334004): Delay annotation completed successfully
Info (11218): Fitter post-fit operations ending: elapsed time is 00:00:06
Warning (171167): Found invalid Fitter assignments. See the Ignored Assignments panel in the Fitter Compilation Report for more information.
Info (144001): Generated suppressed messages file C:/Users/rodri/Documents/development/Monociclo_V1/monociclo/monociclo_segmentado_v1/output_files/monociclo.fit.smsg
Info: Quartus Prime Fitter was successful. 0 errors, 63 warnings
    Info: Peak virtual memory: 5934 megabytes
    Info: Processing ended: Fri Jun 27 02:31:18 2025
    Info: Elapsed time: 00:03:51
    Info: Total CPU time (on all processors): 00:03:30


+----------------------------+
; Fitter Suppressed Messages ;
+----------------------------+
The suppressed messages can be found in C:/Users/rodri/Documents/development/Monociclo_V1/monociclo/monociclo_segmentado_v1/output_files/monociclo.fit.smsg.


