Timing Analyzer report for monociclo
Tue Jun 10 19:31:48 2025
Quartus Prime Version 20.1.1 Build 720 11/11/2020 SJ Lite Edition


---------------------
; Table of Contents ;
---------------------
  1. Legal Notice
  2. Timing Analyzer Summary
  3. Parallel Compilation
  4. Clocks
  5. Slow 1200mV 85C Model Fmax Summary
  6. Timing Closure Recommendations
  7. Slow 1200mV 85C Model Setup Summary
  8. Slow 1200mV 85C Model Hold Summary
  9. Slow 1200mV 85C Model Recovery Summary
 10. Slow 1200mV 85C Model Removal Summary
 11. Slow 1200mV 85C Model Minimum Pulse Width Summary
 12. Slow 1200mV 85C Model Setup: 'clk_i'
 13. Slow 1200mV 85C Model Hold: 'clk_i'
 14. Slow 1200mV 85C Model Metastability Summary
 15. Slow 1200mV 0C Model Fmax Summary
 16. Slow 1200mV 0C Model Setup Summary
 17. Slow 1200mV 0C Model Hold Summary
 18. Slow 1200mV 0C Model Recovery Summary
 19. Slow 1200mV 0C Model Removal Summary
 20. Slow 1200mV 0C Model Minimum Pulse Width Summary
 21. Slow 1200mV 0C Model Setup: 'clk_i'
 22. Slow 1200mV 0C Model Hold: 'clk_i'
 23. Slow 1200mV 0C Model Metastability Summary
 24. Fast 1200mV 0C Model Setup Summary
 25. Fast 1200mV 0C Model Hold Summary
 26. Fast 1200mV 0C Model Recovery Summary
 27. Fast 1200mV 0C Model Removal Summary
 28. Fast 1200mV 0C Model Minimum Pulse Width Summary
 29. Fast 1200mV 0C Model Setup: 'clk_i'
 30. Fast 1200mV 0C Model Hold: 'clk_i'
 31. Fast 1200mV 0C Model Metastability Summary
 32. Multicorner Timing Analysis Summary
 33. Board Trace Model Assignments
 34. Input Transition Times
 35. Signal Integrity Metrics (Slow 1200mv 0c Model)
 36. Signal Integrity Metrics (Slow 1200mv 85c Model)
 37. Signal Integrity Metrics (Fast 1200mv 0c Model)
 38. Setup Transfers
 39. Hold Transfers
 40. Report TCCS
 41. Report RSKM
 42. Unconstrained Paths Summary
 43. Clock Status Summary
 44. Unconstrained Input Ports
 45. Unconstrained Output Ports
 46. Unconstrained Input Ports
 47. Unconstrained Output Ports
 48. Timing Analyzer Messages



----------------
; Legal Notice ;
----------------
Copyright (C) 2020  Intel Corporation. All rights reserved.
Your use of Intel Corporation's design tools, logic functions 
and other software and tools, and any partner logic 
functions, and any output files from any of the foregoing 
(including device programming or simulation files), and any 
associated documentation or information are expressly subject 
to the terms and conditions of the Intel Program License 
Subscription Agreement, the Intel Quartus Prime License Agreement,
the Intel FPGA IP License Agreement, or other applicable license
agreement, including, without limitation, that your use is for
the sole purpose of programming logic devices manufactured by
Intel and sold by Intel or its authorized distributors.  Please
refer to the applicable agreement for further details, at
https://fpgasoftware.intel.com/eula.



+-----------------------------------------------------------------------------+
; Timing Analyzer Summary                                                     ;
+-----------------------+-----------------------------------------------------+
; Quartus Prime Version ; Version 20.1.1 Build 720 11/11/2020 SJ Lite Edition ;
; Timing Analyzer       ; Legacy Timing Analyzer                              ;
; Revision Name         ; monociclo                                           ;
; Device Family         ; Cyclone IV E                                        ;
; Device Name           ; EP4CE115F29C7                                       ;
; Timing Models         ; Final                                               ;
; Delay Model           ; Combined                                            ;
; Rise/Fall Delays      ; Enabled                                             ;
+-----------------------+-----------------------------------------------------+


+------------------------------------------+
; Parallel Compilation                     ;
+----------------------------+-------------+
; Processors                 ; Number      ;
+----------------------------+-------------+
; Number detected on machine ; 8           ;
; Maximum allowed            ; 4           ;
;                            ;             ;
; Average used               ; 1.03        ;
; Maximum used               ; 4           ;
;                            ;             ;
; Usage by Processor         ; % Time Used ;
;     Processor 1            ; 100.0%      ;
;     Processors 2-4         ;   0.9%      ;
+----------------------------+-------------+


+-----------------------------------------------------------------------------------------------------------------------------------------------------------------------------------+
; Clocks                                                                                                                                                                            ;
+------------+------+--------+------------+-------+-------+------------+-----------+-------------+-------+--------+-----------+------------+----------+--------+--------+-----------+
; Clock Name ; Type ; Period ; Frequency  ; Rise  ; Fall  ; Duty Cycle ; Divide by ; Multiply by ; Phase ; Offset ; Edge List ; Edge Shift ; Inverted ; Master ; Source ; Targets   ;
+------------+------+--------+------------+-------+-------+------------+-----------+-------------+-------+--------+-----------+------------+----------+--------+--------+-----------+
; clk_i      ; Base ; 1.000  ; 1000.0 MHz ; 0.000 ; 0.500 ;            ;           ;             ;       ;        ;           ;            ;          ;        ;        ; { clk_i } ;
+------------+------+--------+------------+-------+-------+------------+-----------+-------------+-------+--------+-----------+------------+----------+--------+--------+-----------+


+--------------------------------------------------+
; Slow 1200mV 85C Model Fmax Summary               ;
+------------+-----------------+------------+------+
; Fmax       ; Restricted Fmax ; Clock Name ; Note ;
+------------+-----------------+------------+------+
; 113.13 MHz ; 113.13 MHz      ; clk_i      ;      ;
+------------+-----------------+------------+------+
This panel reports FMAX for every clock in the design, regardless of the user-specified clock periods.  FMAX is only computed for paths where the source and destination registers or ports are driven by the same clock.  Paths of different clocks, including generated clocks, are ignored.  For paths between a clock and its inversion, FMAX is computed as if the rising and falling edges are scaled along with FMAX, such that the duty cycle (in terms of a percentage) is maintained. Altera recommends that you always use clock constraints and other slack reports for sign-off analysis.


----------------------------------
; Timing Closure Recommendations ;
----------------------------------
HTML report is unavailable in plain text report export.


+-------------------------------------+
; Slow 1200mV 85C Model Setup Summary ;
+-------+--------+--------------------+
; Clock ; Slack  ; End Point TNS      ;
+-------+--------+--------------------+
; clk_i ; -7.839 ; -525.728           ;
+-------+--------+--------------------+


+------------------------------------+
; Slow 1200mV 85C Model Hold Summary ;
+-------+-------+--------------------+
; Clock ; Slack ; End Point TNS      ;
+-------+-------+--------------------+
; clk_i ; 0.603 ; 0.000              ;
+-------+-------+--------------------+


------------------------------------------
; Slow 1200mV 85C Model Recovery Summary ;
------------------------------------------
No paths to report.


-----------------------------------------
; Slow 1200mV 85C Model Removal Summary ;
-----------------------------------------
No paths to report.


+---------------------------------------------------+
; Slow 1200mV 85C Model Minimum Pulse Width Summary ;
+-------+--------+----------------------------------+
; Clock ; Slack  ; End Point TNS                    ;
+-------+--------+----------------------------------+
; clk_i ; -3.000 ; -135.355                         ;
+-------+--------+----------------------------------+


+--------------------------------------------------------------------------------------------------------------------------------------------------+
; Slow 1200mV 85C Model Setup: 'clk_i'                                                                                                             ;
+--------+-------------------------------+-----------------------------------+--------------+-------------+--------------+------------+------------+
; Slack  ; From Node                     ; To Node                           ; Launch Clock ; Latch Clock ; Relationship ; Clock Skew ; Data Delay ;
+--------+-------------------------------+-----------------------------------+--------------+-------------+--------------+------------+------------+
; -7.839 ; fetch:fetch_stg|pc_next_o[8]  ; regfile:register_read_stg|GPR~605 ; clk_i        ; clk_i       ; 1.000        ; 0.313      ; 9.150      ;
; -7.838 ; fetch:fetch_stg|pc_next_o[8]  ; regfile:register_read_stg|GPR~603 ; clk_i        ; clk_i       ; 1.000        ; 0.313      ; 9.149      ;
; -7.813 ; fetch:fetch_stg|pc_next_o[8]  ; regfile:register_read_stg|GPR~607 ; clk_i        ; clk_i       ; 1.000        ; 0.313      ; 9.124      ;
; -7.804 ; fetch:fetch_stg|pc_next_o[13] ; regfile:register_read_stg|GPR~605 ; clk_i        ; clk_i       ; 1.000        ; 0.318      ; 9.120      ;
; -7.803 ; fetch:fetch_stg|pc_next_o[13] ; regfile:register_read_stg|GPR~603 ; clk_i        ; clk_i       ; 1.000        ; 0.318      ; 9.119      ;
; -7.796 ; fetch:fetch_stg|pc_next_o[8]  ; regfile:register_read_stg|GPR~606 ; clk_i        ; clk_i       ; 1.000        ; 0.313      ; 9.107      ;
; -7.794 ; fetch:fetch_stg|pc_next_o[6]  ; regfile:register_read_stg|GPR~605 ; clk_i        ; clk_i       ; 1.000        ; 0.313      ; 9.105      ;
; -7.793 ; fetch:fetch_stg|pc_next_o[6]  ; regfile:register_read_stg|GPR~603 ; clk_i        ; clk_i       ; 1.000        ; 0.313      ; 9.104      ;
; -7.778 ; fetch:fetch_stg|pc_next_o[13] ; regfile:register_read_stg|GPR~607 ; clk_i        ; clk_i       ; 1.000        ; 0.318      ; 9.094      ;
; -7.768 ; fetch:fetch_stg|pc_next_o[6]  ; regfile:register_read_stg|GPR~607 ; clk_i        ; clk_i       ; 1.000        ; 0.313      ; 9.079      ;
; -7.761 ; fetch:fetch_stg|pc_next_o[13] ; regfile:register_read_stg|GPR~606 ; clk_i        ; clk_i       ; 1.000        ; 0.318      ; 9.077      ;
; -7.751 ; fetch:fetch_stg|pc_next_o[6]  ; regfile:register_read_stg|GPR~606 ; clk_i        ; clk_i       ; 1.000        ; 0.313      ; 9.062      ;
; -7.738 ; fetch:fetch_stg|pc_next_o[5]  ; regfile:register_read_stg|GPR~605 ; clk_i        ; clk_i       ; 1.000        ; 0.313      ; 9.049      ;
; -7.737 ; fetch:fetch_stg|pc_next_o[5]  ; regfile:register_read_stg|GPR~603 ; clk_i        ; clk_i       ; 1.000        ; 0.313      ; 9.048      ;
; -7.712 ; fetch:fetch_stg|pc_next_o[40] ; regfile:register_read_stg|GPR~605 ; clk_i        ; clk_i       ; 1.000        ; 0.320      ; 9.030      ;
; -7.712 ; fetch:fetch_stg|pc_next_o[5]  ; regfile:register_read_stg|GPR~607 ; clk_i        ; clk_i       ; 1.000        ; 0.313      ; 9.023      ;
; -7.711 ; fetch:fetch_stg|pc_next_o[40] ; regfile:register_read_stg|GPR~603 ; clk_i        ; clk_i       ; 1.000        ; 0.320      ; 9.029      ;
; -7.705 ; fetch:fetch_stg|pc_next_o[37] ; regfile:register_read_stg|GPR~605 ; clk_i        ; clk_i       ; 1.000        ; 0.320      ; 9.023      ;
; -7.704 ; fetch:fetch_stg|pc_next_o[37] ; regfile:register_read_stg|GPR~603 ; clk_i        ; clk_i       ; 1.000        ; 0.320      ; 9.022      ;
; -7.695 ; fetch:fetch_stg|pc_next_o[5]  ; regfile:register_read_stg|GPR~606 ; clk_i        ; clk_i       ; 1.000        ; 0.313      ; 9.006      ;
; -7.686 ; fetch:fetch_stg|pc_next_o[40] ; regfile:register_read_stg|GPR~607 ; clk_i        ; clk_i       ; 1.000        ; 0.320      ; 9.004      ;
; -7.679 ; fetch:fetch_stg|pc_next_o[37] ; regfile:register_read_stg|GPR~607 ; clk_i        ; clk_i       ; 1.000        ; 0.320      ; 8.997      ;
; -7.674 ; fetch:fetch_stg|pc_next_o[8]  ; regfile:register_read_stg|GPR~600 ; clk_i        ; clk_i       ; 1.000        ; 0.284      ; 8.956      ;
; -7.669 ; fetch:fetch_stg|pc_next_o[40] ; regfile:register_read_stg|GPR~606 ; clk_i        ; clk_i       ; 1.000        ; 0.320      ; 8.987      ;
; -7.667 ; fetch:fetch_stg|pc_next_o[8]  ; regfile:register_read_stg|GPR~604 ; clk_i        ; clk_i       ; 1.000        ; 0.313      ; 8.978      ;
; -7.662 ; fetch:fetch_stg|pc_next_o[37] ; regfile:register_read_stg|GPR~606 ; clk_i        ; clk_i       ; 1.000        ; 0.320      ; 8.980      ;
; -7.659 ; fetch:fetch_stg|pc_next_o[38] ; regfile:register_read_stg|GPR~605 ; clk_i        ; clk_i       ; 1.000        ; 0.320      ; 8.977      ;
; -7.658 ; fetch:fetch_stg|pc_next_o[38] ; regfile:register_read_stg|GPR~603 ; clk_i        ; clk_i       ; 1.000        ; 0.320      ; 8.976      ;
; -7.657 ; fetch:fetch_stg|pc_next_o[36] ; regfile:register_read_stg|GPR~605 ; clk_i        ; clk_i       ; 1.000        ; 0.320      ; 8.975      ;
; -7.656 ; fetch:fetch_stg|pc_next_o[36] ; regfile:register_read_stg|GPR~603 ; clk_i        ; clk_i       ; 1.000        ; 0.320      ; 8.974      ;
; -7.644 ; fetch:fetch_stg|pc_next_o[8]  ; regfile:register_read_stg|GPR~598 ; clk_i        ; clk_i       ; 1.000        ; 0.310      ; 8.952      ;
; -7.639 ; fetch:fetch_stg|pc_next_o[13] ; regfile:register_read_stg|GPR~600 ; clk_i        ; clk_i       ; 1.000        ; 0.289      ; 8.926      ;
; -7.633 ; fetch:fetch_stg|pc_next_o[38] ; regfile:register_read_stg|GPR~607 ; clk_i        ; clk_i       ; 1.000        ; 0.320      ; 8.951      ;
; -7.632 ; fetch:fetch_stg|pc_next_o[13] ; regfile:register_read_stg|GPR~604 ; clk_i        ; clk_i       ; 1.000        ; 0.318      ; 8.948      ;
; -7.631 ; fetch:fetch_stg|pc_next_o[36] ; regfile:register_read_stg|GPR~607 ; clk_i        ; clk_i       ; 1.000        ; 0.320      ; 8.949      ;
; -7.629 ; fetch:fetch_stg|pc_next_o[6]  ; regfile:register_read_stg|GPR~600 ; clk_i        ; clk_i       ; 1.000        ; 0.284      ; 8.911      ;
; -7.622 ; fetch:fetch_stg|pc_next_o[6]  ; regfile:register_read_stg|GPR~604 ; clk_i        ; clk_i       ; 1.000        ; 0.313      ; 8.933      ;
; -7.616 ; fetch:fetch_stg|pc_next_o[38] ; regfile:register_read_stg|GPR~606 ; clk_i        ; clk_i       ; 1.000        ; 0.320      ; 8.934      ;
; -7.614 ; fetch:fetch_stg|pc_next_o[36] ; regfile:register_read_stg|GPR~606 ; clk_i        ; clk_i       ; 1.000        ; 0.320      ; 8.932      ;
; -7.609 ; fetch:fetch_stg|pc_next_o[13] ; regfile:register_read_stg|GPR~598 ; clk_i        ; clk_i       ; 1.000        ; 0.315      ; 8.922      ;
; -7.599 ; fetch:fetch_stg|pc_next_o[6]  ; regfile:register_read_stg|GPR~598 ; clk_i        ; clk_i       ; 1.000        ; 0.310      ; 8.907      ;
; -7.573 ; fetch:fetch_stg|pc_next_o[5]  ; regfile:register_read_stg|GPR~600 ; clk_i        ; clk_i       ; 1.000        ; 0.284      ; 8.855      ;
; -7.566 ; fetch:fetch_stg|pc_next_o[5]  ; regfile:register_read_stg|GPR~604 ; clk_i        ; clk_i       ; 1.000        ; 0.313      ; 8.877      ;
; -7.565 ; fetch:fetch_stg|pc_next_o[8]  ; regfile:register_read_stg|GPR~601 ; clk_i        ; clk_i       ; 1.000        ; 0.313      ; 8.876      ;
; -7.548 ; fetch:fetch_stg|pc_next_o[25] ; regfile:register_read_stg|GPR~605 ; clk_i        ; clk_i       ; 1.000        ; 0.320      ; 8.866      ;
; -7.547 ; fetch:fetch_stg|pc_next_o[25] ; regfile:register_read_stg|GPR~603 ; clk_i        ; clk_i       ; 1.000        ; 0.320      ; 8.865      ;
; -7.547 ; fetch:fetch_stg|pc_next_o[40] ; regfile:register_read_stg|GPR~600 ; clk_i        ; clk_i       ; 1.000        ; 0.291      ; 8.836      ;
; -7.543 ; fetch:fetch_stg|pc_next_o[5]  ; regfile:register_read_stg|GPR~598 ; clk_i        ; clk_i       ; 1.000        ; 0.310      ; 8.851      ;
; -7.541 ; fetch:fetch_stg|pc_next_o[10] ; regfile:register_read_stg|GPR~606 ; clk_i        ; clk_i       ; 1.000        ; 0.313      ; 8.852      ;
; -7.540 ; fetch:fetch_stg|pc_next_o[40] ; regfile:register_read_stg|GPR~604 ; clk_i        ; clk_i       ; 1.000        ; 0.320      ; 8.858      ;
; -7.540 ; fetch:fetch_stg|pc_next_o[26] ; regfile:register_read_stg|GPR~605 ; clk_i        ; clk_i       ; 1.000        ; 0.320      ; 8.858      ;
; -7.540 ; fetch:fetch_stg|pc_next_o[37] ; regfile:register_read_stg|GPR~600 ; clk_i        ; clk_i       ; 1.000        ; 0.291      ; 8.829      ;
; -7.539 ; fetch:fetch_stg|pc_next_o[26] ; regfile:register_read_stg|GPR~603 ; clk_i        ; clk_i       ; 1.000        ; 0.320      ; 8.857      ;
; -7.533 ; fetch:fetch_stg|pc_next_o[37] ; regfile:register_read_stg|GPR~604 ; clk_i        ; clk_i       ; 1.000        ; 0.320      ; 8.851      ;
; -7.530 ; fetch:fetch_stg|pc_next_o[13] ; regfile:register_read_stg|GPR~601 ; clk_i        ; clk_i       ; 1.000        ; 0.318      ; 8.846      ;
; -7.523 ; fetch:fetch_stg|pc_next_o[34] ; regfile:register_read_stg|GPR~605 ; clk_i        ; clk_i       ; 1.000        ; 0.320      ; 8.841      ;
; -7.522 ; fetch:fetch_stg|pc_next_o[25] ; regfile:register_read_stg|GPR~607 ; clk_i        ; clk_i       ; 1.000        ; 0.320      ; 8.840      ;
; -7.522 ; fetch:fetch_stg|pc_next_o[34] ; regfile:register_read_stg|GPR~603 ; clk_i        ; clk_i       ; 1.000        ; 0.320      ; 8.840      ;
; -7.520 ; fetch:fetch_stg|pc_next_o[6]  ; regfile:register_read_stg|GPR~601 ; clk_i        ; clk_i       ; 1.000        ; 0.313      ; 8.831      ;
; -7.517 ; fetch:fetch_stg|pc_next_o[16] ; regfile:register_read_stg|GPR~605 ; clk_i        ; clk_i       ; 1.000        ; 0.318      ; 8.833      ;
; -7.517 ; fetch:fetch_stg|pc_next_o[40] ; regfile:register_read_stg|GPR~598 ; clk_i        ; clk_i       ; 1.000        ; 0.317      ; 8.832      ;
; -7.516 ; fetch:fetch_stg|pc_next_o[16] ; regfile:register_read_stg|GPR~603 ; clk_i        ; clk_i       ; 1.000        ; 0.318      ; 8.832      ;
; -7.514 ; fetch:fetch_stg|pc_next_o[26] ; regfile:register_read_stg|GPR~607 ; clk_i        ; clk_i       ; 1.000        ; 0.320      ; 8.832      ;
; -7.510 ; fetch:fetch_stg|pc_next_o[37] ; regfile:register_read_stg|GPR~598 ; clk_i        ; clk_i       ; 1.000        ; 0.317      ; 8.825      ;
; -7.505 ; fetch:fetch_stg|pc_next_o[25] ; regfile:register_read_stg|GPR~606 ; clk_i        ; clk_i       ; 1.000        ; 0.320      ; 8.823      ;
; -7.504 ; fetch:fetch_stg|pc_next_o[9]  ; regfile:register_read_stg|GPR~606 ; clk_i        ; clk_i       ; 1.000        ; 0.313      ; 8.815      ;
; -7.501 ; fetch:fetch_stg|pc_next_o[10] ; regfile:register_read_stg|GPR~605 ; clk_i        ; clk_i       ; 1.000        ; 0.313      ; 8.812      ;
; -7.500 ; fetch:fetch_stg|pc_next_o[10] ; regfile:register_read_stg|GPR~603 ; clk_i        ; clk_i       ; 1.000        ; 0.313      ; 8.811      ;
; -7.497 ; fetch:fetch_stg|pc_next_o[34] ; regfile:register_read_stg|GPR~607 ; clk_i        ; clk_i       ; 1.000        ; 0.320      ; 8.815      ;
; -7.497 ; fetch:fetch_stg|pc_next_o[26] ; regfile:register_read_stg|GPR~606 ; clk_i        ; clk_i       ; 1.000        ; 0.320      ; 8.815      ;
; -7.494 ; fetch:fetch_stg|pc_next_o[38] ; regfile:register_read_stg|GPR~600 ; clk_i        ; clk_i       ; 1.000        ; 0.291      ; 8.783      ;
; -7.492 ; fetch:fetch_stg|pc_next_o[36] ; regfile:register_read_stg|GPR~600 ; clk_i        ; clk_i       ; 1.000        ; 0.291      ; 8.781      ;
; -7.491 ; fetch:fetch_stg|pc_next_o[16] ; regfile:register_read_stg|GPR~607 ; clk_i        ; clk_i       ; 1.000        ; 0.318      ; 8.807      ;
; -7.490 ; fetch:fetch_stg|pc_next_o[7]  ; regfile:register_read_stg|GPR~605 ; clk_i        ; clk_i       ; 1.000        ; 0.313      ; 8.801      ;
; -7.489 ; fetch:fetch_stg|pc_next_o[7]  ; regfile:register_read_stg|GPR~603 ; clk_i        ; clk_i       ; 1.000        ; 0.313      ; 8.800      ;
; -7.487 ; fetch:fetch_stg|pc_next_o[38] ; regfile:register_read_stg|GPR~604 ; clk_i        ; clk_i       ; 1.000        ; 0.320      ; 8.805      ;
; -7.485 ; fetch:fetch_stg|pc_next_o[36] ; regfile:register_read_stg|GPR~604 ; clk_i        ; clk_i       ; 1.000        ; 0.320      ; 8.803      ;
; -7.480 ; fetch:fetch_stg|pc_next_o[34] ; regfile:register_read_stg|GPR~606 ; clk_i        ; clk_i       ; 1.000        ; 0.320      ; 8.798      ;
; -7.475 ; fetch:fetch_stg|pc_next_o[10] ; regfile:register_read_stg|GPR~607 ; clk_i        ; clk_i       ; 1.000        ; 0.313      ; 8.786      ;
; -7.474 ; fetch:fetch_stg|pc_next_o[16] ; regfile:register_read_stg|GPR~606 ; clk_i        ; clk_i       ; 1.000        ; 0.318      ; 8.790      ;
; -7.464 ; fetch:fetch_stg|pc_next_o[7]  ; regfile:register_read_stg|GPR~607 ; clk_i        ; clk_i       ; 1.000        ; 0.313      ; 8.775      ;
; -7.464 ; fetch:fetch_stg|pc_next_o[5]  ; regfile:register_read_stg|GPR~601 ; clk_i        ; clk_i       ; 1.000        ; 0.313      ; 8.775      ;
; -7.464 ; fetch:fetch_stg|pc_next_o[38] ; regfile:register_read_stg|GPR~598 ; clk_i        ; clk_i       ; 1.000        ; 0.317      ; 8.779      ;
; -7.462 ; fetch:fetch_stg|pc_next_o[8]  ; regfile:register_read_stg|GPR~535 ; clk_i        ; clk_i       ; 1.000        ; 0.320      ; 8.780      ;
; -7.462 ; fetch:fetch_stg|pc_next_o[36] ; regfile:register_read_stg|GPR~598 ; clk_i        ; clk_i       ; 1.000        ; 0.317      ; 8.777      ;
; -7.450 ; fetch:fetch_stg|pc_next_o[30] ; regfile:register_read_stg|GPR~605 ; clk_i        ; clk_i       ; 1.000        ; 0.320      ; 8.768      ;
; -7.449 ; fetch:fetch_stg|pc_next_o[30] ; regfile:register_read_stg|GPR~603 ; clk_i        ; clk_i       ; 1.000        ; 0.320      ; 8.767      ;
; -7.448 ; fetch:fetch_stg|pc_next_o[8]  ; regfile:register_read_stg|GPR~538 ; clk_i        ; clk_i       ; 1.000        ; 0.281      ; 8.727      ;
; -7.448 ; fetch:fetch_stg|pc_next_o[9]  ; regfile:register_read_stg|GPR~605 ; clk_i        ; clk_i       ; 1.000        ; 0.313      ; 8.759      ;
; -7.447 ; fetch:fetch_stg|pc_next_o[7]  ; regfile:register_read_stg|GPR~606 ; clk_i        ; clk_i       ; 1.000        ; 0.313      ; 8.758      ;
; -7.447 ; fetch:fetch_stg|pc_next_o[9]  ; regfile:register_read_stg|GPR~603 ; clk_i        ; clk_i       ; 1.000        ; 0.313      ; 8.758      ;
; -7.446 ; fetch:fetch_stg|pc_next_o[32] ; regfile:register_read_stg|GPR~605 ; clk_i        ; clk_i       ; 1.000        ; 0.320      ; 8.764      ;
; -7.445 ; fetch:fetch_stg|pc_next_o[32] ; regfile:register_read_stg|GPR~603 ; clk_i        ; clk_i       ; 1.000        ; 0.320      ; 8.763      ;
; -7.439 ; fetch:fetch_stg|pc_next_o[10] ; regfile:register_read_stg|GPR~600 ; clk_i        ; clk_i       ; 1.000        ; 0.284      ; 8.721      ;
; -7.438 ; fetch:fetch_stg|pc_next_o[40] ; regfile:register_read_stg|GPR~601 ; clk_i        ; clk_i       ; 1.000        ; 0.320      ; 8.756      ;
; -7.431 ; fetch:fetch_stg|pc_next_o[37] ; regfile:register_read_stg|GPR~601 ; clk_i        ; clk_i       ; 1.000        ; 0.320      ; 8.749      ;
; -7.427 ; fetch:fetch_stg|pc_next_o[13] ; regfile:register_read_stg|GPR~535 ; clk_i        ; clk_i       ; 1.000        ; 0.325      ; 8.750      ;
; -7.424 ; fetch:fetch_stg|pc_next_o[30] ; regfile:register_read_stg|GPR~607 ; clk_i        ; clk_i       ; 1.000        ; 0.320      ; 8.742      ;
; -7.422 ; fetch:fetch_stg|pc_next_o[9]  ; regfile:register_read_stg|GPR~607 ; clk_i        ; clk_i       ; 1.000        ; 0.313      ; 8.733      ;
; -7.420 ; fetch:fetch_stg|pc_next_o[32] ; regfile:register_read_stg|GPR~607 ; clk_i        ; clk_i       ; 1.000        ; 0.320      ; 8.738      ;
+--------+-------------------------------+-----------------------------------+--------------+-------------+--------------+------------+------------+


+---------------------------------------------------------------------------------------------------------------------------------------------+
; Slow 1200mV 85C Model Hold: 'clk_i'                                                                                                         ;
+-------+-------------------------------+-------------------------------+--------------+-------------+--------------+------------+------------+
; Slack ; From Node                     ; To Node                       ; Launch Clock ; Latch Clock ; Relationship ; Clock Skew ; Data Delay ;
+-------+-------------------------------+-------------------------------+--------------+-------------+--------------+------------+------------+
; 0.603 ; fetch:fetch_stg|pc_next_o[40] ; fetch:fetch_stg|pc_next_o[40] ; clk_i        ; clk_i       ; 0.000        ; 0.080      ; 0.869      ;
; 0.634 ; fetch:fetch_stg|pc_next_o[11] ; fetch:fetch_stg|pc_next_o[11] ; clk_i        ; clk_i       ; 0.000        ; 0.081      ; 0.901      ;
; 0.641 ; fetch:fetch_stg|pc_next_o[29] ; fetch:fetch_stg|pc_next_o[29] ; clk_i        ; clk_i       ; 0.000        ; 0.080      ; 0.907      ;
; 0.642 ; fetch:fetch_stg|pc_next_o[32] ; fetch:fetch_stg|pc_next_o[32] ; clk_i        ; clk_i       ; 0.000        ; 0.080      ; 0.908      ;
; 0.646 ; fetch:fetch_stg|pc_next_o[4]  ; fetch:fetch_stg|pc_next_o[4]  ; clk_i        ; clk_i       ; 0.000        ; 0.081      ; 0.913      ;
; 0.647 ; fetch:fetch_stg|pc_next_o[10] ; fetch:fetch_stg|pc_next_o[10] ; clk_i        ; clk_i       ; 0.000        ; 0.081      ; 0.914      ;
; 0.655 ; fetch:fetch_stg|pc_next_o[19] ; fetch:fetch_stg|pc_next_o[19] ; clk_i        ; clk_i       ; 0.000        ; 0.080      ; 0.921      ;
; 0.655 ; fetch:fetch_stg|pc_next_o[12] ; fetch:fetch_stg|pc_next_o[12] ; clk_i        ; clk_i       ; 0.000        ; 0.081      ; 0.922      ;
; 0.656 ; fetch:fetch_stg|pc_next_o[13] ; fetch:fetch_stg|pc_next_o[13] ; clk_i        ; clk_i       ; 0.000        ; 0.080      ; 0.922      ;
; 0.657 ; fetch:fetch_stg|pc_next_o[18] ; fetch:fetch_stg|pc_next_o[18] ; clk_i        ; clk_i       ; 0.000        ; 0.080      ; 0.923      ;
; 0.657 ; fetch:fetch_stg|pc_next_o[16] ; fetch:fetch_stg|pc_next_o[16] ; clk_i        ; clk_i       ; 0.000        ; 0.080      ; 0.923      ;
; 0.657 ; fetch:fetch_stg|pc_next_o[15] ; fetch:fetch_stg|pc_next_o[15] ; clk_i        ; clk_i       ; 0.000        ; 0.080      ; 0.923      ;
; 0.658 ; fetch:fetch_stg|pc_next_o[17] ; fetch:fetch_stg|pc_next_o[17] ; clk_i        ; clk_i       ; 0.000        ; 0.080      ; 0.924      ;
; 0.659 ; fetch:fetch_stg|pc_next_o[14] ; fetch:fetch_stg|pc_next_o[14] ; clk_i        ; clk_i       ; 0.000        ; 0.080      ; 0.925      ;
; 0.661 ; fetch:fetch_stg|pc_next_o[22] ; fetch:fetch_stg|pc_next_o[22] ; clk_i        ; clk_i       ; 0.000        ; 0.080      ; 0.927      ;
; 0.675 ; fetch:fetch_stg|pc_next_o[2]  ; fetch:fetch_stg|pc_next_o[2]  ; clk_i        ; clk_i       ; 0.000        ; 0.081      ; 0.942      ;
; 0.676 ; fetch:fetch_stg|pc_next_o[3]  ; fetch:fetch_stg|pc_next_o[3]  ; clk_i        ; clk_i       ; 0.000        ; 0.081      ; 0.943      ;
; 0.808 ; fetch:fetch_stg|pc_next_o[38] ; fetch:fetch_stg|pc_next_o[38] ; clk_i        ; clk_i       ; 0.000        ; 0.080      ; 1.074      ;
; 0.815 ; fetch:fetch_stg|pc_next_o[31] ; fetch:fetch_stg|pc_next_o[31] ; clk_i        ; clk_i       ; 0.000        ; 0.080      ; 1.081      ;
; 0.819 ; fetch:fetch_stg|pc_next_o[8]  ; fetch:fetch_stg|pc_next_o[8]  ; clk_i        ; clk_i       ; 0.000        ; 0.081      ; 1.086      ;
; 0.819 ; fetch:fetch_stg|pc_next_o[7]  ; fetch:fetch_stg|pc_next_o[7]  ; clk_i        ; clk_i       ; 0.000        ; 0.081      ; 1.086      ;
; 0.819 ; fetch:fetch_stg|pc_next_o[5]  ; fetch:fetch_stg|pc_next_o[5]  ; clk_i        ; clk_i       ; 0.000        ; 0.081      ; 1.086      ;
; 0.822 ; fetch:fetch_stg|pc_next_o[37] ; fetch:fetch_stg|pc_next_o[37] ; clk_i        ; clk_i       ; 0.000        ; 0.080      ; 1.088      ;
; 0.823 ; fetch:fetch_stg|pc_next_o[39] ; fetch:fetch_stg|pc_next_o[39] ; clk_i        ; clk_i       ; 0.000        ; 0.080      ; 1.089      ;
; 0.826 ; fetch:fetch_stg|pc_next_o[6]  ; fetch:fetch_stg|pc_next_o[6]  ; clk_i        ; clk_i       ; 0.000        ; 0.081      ; 1.093      ;
; 0.828 ; fetch:fetch_stg|pc_next_o[9]  ; fetch:fetch_stg|pc_next_o[9]  ; clk_i        ; clk_i       ; 0.000        ; 0.081      ; 1.095      ;
; 0.951 ; fetch:fetch_stg|pc_next_o[11] ; fetch:fetch_stg|pc_next_o[12] ; clk_i        ; clk_i       ; 0.000        ; 0.081      ; 1.218      ;
; 0.958 ; fetch:fetch_stg|pc_next_o[29] ; fetch:fetch_stg|pc_next_o[30] ; clk_i        ; clk_i       ; 0.000        ; 0.080      ; 1.224      ;
; 0.973 ; fetch:fetch_stg|pc_next_o[13] ; fetch:fetch_stg|pc_next_o[14] ; clk_i        ; clk_i       ; 0.000        ; 0.080      ; 1.239      ;
; 0.973 ; fetch:fetch_stg|pc_next_o[4]  ; fetch:fetch_stg|pc_next_o[5]  ; clk_i        ; clk_i       ; 0.000        ; 0.081      ; 1.240      ;
; 0.974 ; fetch:fetch_stg|pc_next_o[15] ; fetch:fetch_stg|pc_next_o[16] ; clk_i        ; clk_i       ; 0.000        ; 0.080      ; 1.240      ;
; 0.974 ; fetch:fetch_stg|pc_next_o[10] ; fetch:fetch_stg|pc_next_o[11] ; clk_i        ; clk_i       ; 0.000        ; 0.081      ; 1.241      ;
; 0.975 ; fetch:fetch_stg|pc_next_o[17] ; fetch:fetch_stg|pc_next_o[18] ; clk_i        ; clk_i       ; 0.000        ; 0.080      ; 1.241      ;
; 0.978 ; fetch:fetch_stg|pc_next_o[4]  ; fetch:fetch_stg|pc_next_o[6]  ; clk_i        ; clk_i       ; 0.000        ; 0.081      ; 1.245      ;
; 0.979 ; fetch:fetch_stg|pc_next_o[10] ; fetch:fetch_stg|pc_next_o[12] ; clk_i        ; clk_i       ; 0.000        ; 0.081      ; 1.246      ;
; 0.983 ; fetch:fetch_stg|pc_next_o[2]  ; fetch:fetch_stg|pc_next_o[3]  ; clk_i        ; clk_i       ; 0.000        ; 0.081      ; 1.250      ;
; 0.984 ; fetch:fetch_stg|pc_next_o[18] ; fetch:fetch_stg|pc_next_o[19] ; clk_i        ; clk_i       ; 0.000        ; 0.080      ; 1.250      ;
; 0.984 ; fetch:fetch_stg|pc_next_o[16] ; fetch:fetch_stg|pc_next_o[17] ; clk_i        ; clk_i       ; 0.000        ; 0.080      ; 1.250      ;
; 0.986 ; fetch:fetch_stg|pc_next_o[14] ; fetch:fetch_stg|pc_next_o[15] ; clk_i        ; clk_i       ; 0.000        ; 0.080      ; 1.252      ;
; 0.987 ; fetch:fetch_stg|pc_next_o[12] ; fetch:fetch_stg|pc_next_o[13] ; clk_i        ; clk_i       ; 0.000        ; 0.076      ; 1.249      ;
; 0.988 ; fetch:fetch_stg|pc_next_o[2]  ; fetch:fetch_stg|pc_next_o[4]  ; clk_i        ; clk_i       ; 0.000        ; 0.081      ; 1.255      ;
; 0.989 ; fetch:fetch_stg|pc_next_o[16] ; fetch:fetch_stg|pc_next_o[18] ; clk_i        ; clk_i       ; 0.000        ; 0.080      ; 1.255      ;
; 0.991 ; fetch:fetch_stg|pc_next_o[14] ; fetch:fetch_stg|pc_next_o[16] ; clk_i        ; clk_i       ; 0.000        ; 0.080      ; 1.257      ;
; 0.992 ; fetch:fetch_stg|pc_next_o[12] ; fetch:fetch_stg|pc_next_o[14] ; clk_i        ; clk_i       ; 0.000        ; 0.076      ; 1.254      ;
; 0.994 ; fetch:fetch_stg|pc_next_o[3]  ; fetch:fetch_stg|pc_next_o[4]  ; clk_i        ; clk_i       ; 0.000        ; 0.081      ; 1.261      ;
; 1.077 ; fetch:fetch_stg|pc_next_o[11] ; fetch:fetch_stg|pc_next_o[13] ; clk_i        ; clk_i       ; 0.000        ; 0.076      ; 1.339      ;
; 1.079 ; fetch:fetch_stg|pc_next_o[29] ; fetch:fetch_stg|pc_next_o[31] ; clk_i        ; clk_i       ; 0.000        ; 0.080      ; 1.345      ;
; 1.082 ; fetch:fetch_stg|pc_next_o[11] ; fetch:fetch_stg|pc_next_o[14] ; clk_i        ; clk_i       ; 0.000        ; 0.076      ; 1.344      ;
; 1.084 ; fetch:fetch_stg|pc_next_o[29] ; fetch:fetch_stg|pc_next_o[32] ; clk_i        ; clk_i       ; 0.000        ; 0.080      ; 1.350      ;
; 1.094 ; fetch:fetch_stg|pc_next_o[13] ; fetch:fetch_stg|pc_next_o[15] ; clk_i        ; clk_i       ; 0.000        ; 0.080      ; 1.360      ;
; 1.095 ; fetch:fetch_stg|pc_next_o[15] ; fetch:fetch_stg|pc_next_o[17] ; clk_i        ; clk_i       ; 0.000        ; 0.080      ; 1.361      ;
; 1.096 ; fetch:fetch_stg|pc_next_o[17] ; fetch:fetch_stg|pc_next_o[19] ; clk_i        ; clk_i       ; 0.000        ; 0.080      ; 1.362      ;
; 1.099 ; fetch:fetch_stg|pc_next_o[19] ; fetch:fetch_stg|pc_next_o[22] ; clk_i        ; clk_i       ; 0.000        ; 0.080      ; 1.365      ;
; 1.099 ; fetch:fetch_stg|pc_next_o[4]  ; fetch:fetch_stg|pc_next_o[7]  ; clk_i        ; clk_i       ; 0.000        ; 0.081      ; 1.366      ;
; 1.099 ; fetch:fetch_stg|pc_next_o[13] ; fetch:fetch_stg|pc_next_o[16] ; clk_i        ; clk_i       ; 0.000        ; 0.080      ; 1.365      ;
; 1.100 ; fetch:fetch_stg|pc_next_o[15] ; fetch:fetch_stg|pc_next_o[18] ; clk_i        ; clk_i       ; 0.000        ; 0.080      ; 1.366      ;
; 1.104 ; fetch:fetch_stg|pc_next_o[4]  ; fetch:fetch_stg|pc_next_o[8]  ; clk_i        ; clk_i       ; 0.000        ; 0.081      ; 1.371      ;
; 1.105 ; fetch:fetch_stg|pc_next_o[30] ; fetch:fetch_stg|pc_next_o[30] ; clk_i        ; clk_i       ; 0.000        ; 0.080      ; 1.371      ;
; 1.105 ; fetch:fetch_stg|pc_next_o[10] ; fetch:fetch_stg|pc_next_o[13] ; clk_i        ; clk_i       ; 0.000        ; 0.076      ; 1.367      ;
; 1.109 ; fetch:fetch_stg|pc_next_o[2]  ; fetch:fetch_stg|pc_next_o[5]  ; clk_i        ; clk_i       ; 0.000        ; 0.081      ; 1.376      ;
; 1.110 ; fetch:fetch_stg|pc_next_o[10] ; fetch:fetch_stg|pc_next_o[14] ; clk_i        ; clk_i       ; 0.000        ; 0.076      ; 1.372      ;
; 1.110 ; fetch:fetch_stg|pc_next_o[16] ; fetch:fetch_stg|pc_next_o[19] ; clk_i        ; clk_i       ; 0.000        ; 0.080      ; 1.376      ;
; 1.112 ; fetch:fetch_stg|pc_next_o[14] ; fetch:fetch_stg|pc_next_o[17] ; clk_i        ; clk_i       ; 0.000        ; 0.080      ; 1.378      ;
; 1.113 ; fetch:fetch_stg|pc_next_o[12] ; fetch:fetch_stg|pc_next_o[15] ; clk_i        ; clk_i       ; 0.000        ; 0.076      ; 1.375      ;
; 1.114 ; fetch:fetch_stg|pc_next_o[2]  ; fetch:fetch_stg|pc_next_o[6]  ; clk_i        ; clk_i       ; 0.000        ; 0.081      ; 1.381      ;
; 1.115 ; fetch:fetch_stg|pc_next_o[18] ; fetch:fetch_stg|pc_next_o[22] ; clk_i        ; clk_i       ; 0.000        ; 0.080      ; 1.381      ;
; 1.115 ; fetch:fetch_stg|pc_next_o[3]  ; fetch:fetch_stg|pc_next_o[5]  ; clk_i        ; clk_i       ; 0.000        ; 0.081      ; 1.382      ;
; 1.117 ; fetch:fetch_stg|pc_next_o[14] ; fetch:fetch_stg|pc_next_o[18] ; clk_i        ; clk_i       ; 0.000        ; 0.080      ; 1.383      ;
; 1.118 ; fetch:fetch_stg|pc_next_o[12] ; fetch:fetch_stg|pc_next_o[16] ; clk_i        ; clk_i       ; 0.000        ; 0.076      ; 1.380      ;
; 1.120 ; fetch:fetch_stg|pc_next_o[3]  ; fetch:fetch_stg|pc_next_o[6]  ; clk_i        ; clk_i       ; 0.000        ; 0.081      ; 1.387      ;
; 1.133 ; fetch:fetch_stg|pc_next_o[31] ; fetch:fetch_stg|pc_next_o[32] ; clk_i        ; clk_i       ; 0.000        ; 0.080      ; 1.399      ;
; 1.135 ; fetch:fetch_stg|pc_next_o[38] ; fetch:fetch_stg|pc_next_o[39] ; clk_i        ; clk_i       ; 0.000        ; 0.080      ; 1.401      ;
; 1.137 ; fetch:fetch_stg|pc_next_o[5]  ; fetch:fetch_stg|pc_next_o[6]  ; clk_i        ; clk_i       ; 0.000        ; 0.081      ; 1.404      ;
; 1.137 ; fetch:fetch_stg|pc_next_o[7]  ; fetch:fetch_stg|pc_next_o[8]  ; clk_i        ; clk_i       ; 0.000        ; 0.081      ; 1.404      ;
; 1.140 ; fetch:fetch_stg|pc_next_o[38] ; fetch:fetch_stg|pc_next_o[40] ; clk_i        ; clk_i       ; 0.000        ; 0.080      ; 1.406      ;
; 1.140 ; fetch:fetch_stg|pc_next_o[37] ; fetch:fetch_stg|pc_next_o[38] ; clk_i        ; clk_i       ; 0.000        ; 0.080      ; 1.406      ;
; 1.141 ; fetch:fetch_stg|pc_next_o[39] ; fetch:fetch_stg|pc_next_o[40] ; clk_i        ; clk_i       ; 0.000        ; 0.080      ; 1.407      ;
; 1.146 ; fetch:fetch_stg|pc_next_o[9]  ; fetch:fetch_stg|pc_next_o[10] ; clk_i        ; clk_i       ; 0.000        ; 0.081      ; 1.413      ;
; 1.146 ; fetch:fetch_stg|pc_next_o[8]  ; fetch:fetch_stg|pc_next_o[9]  ; clk_i        ; clk_i       ; 0.000        ; 0.081      ; 1.413      ;
; 1.151 ; fetch:fetch_stg|pc_next_o[8]  ; fetch:fetch_stg|pc_next_o[10] ; clk_i        ; clk_i       ; 0.000        ; 0.081      ; 1.418      ;
; 1.153 ; fetch:fetch_stg|pc_next_o[6]  ; fetch:fetch_stg|pc_next_o[7]  ; clk_i        ; clk_i       ; 0.000        ; 0.081      ; 1.420      ;
; 1.158 ; fetch:fetch_stg|pc_next_o[6]  ; fetch:fetch_stg|pc_next_o[8]  ; clk_i        ; clk_i       ; 0.000        ; 0.081      ; 1.425      ;
; 1.203 ; fetch:fetch_stg|pc_next_o[11] ; fetch:fetch_stg|pc_next_o[15] ; clk_i        ; clk_i       ; 0.000        ; 0.076      ; 1.465      ;
; 1.208 ; fetch:fetch_stg|pc_next_o[11] ; fetch:fetch_stg|pc_next_o[16] ; clk_i        ; clk_i       ; 0.000        ; 0.076      ; 1.470      ;
; 1.220 ; fetch:fetch_stg|pc_next_o[13] ; fetch:fetch_stg|pc_next_o[17] ; clk_i        ; clk_i       ; 0.000        ; 0.080      ; 1.486      ;
; 1.221 ; fetch:fetch_stg|pc_next_o[32] ; fetch:fetch_stg|pc_next_o[37] ; clk_i        ; clk_i       ; 0.000        ; 0.080      ; 1.487      ;
; 1.221 ; fetch:fetch_stg|pc_next_o[15] ; fetch:fetch_stg|pc_next_o[19] ; clk_i        ; clk_i       ; 0.000        ; 0.080      ; 1.487      ;
; 1.225 ; fetch:fetch_stg|pc_next_o[13] ; fetch:fetch_stg|pc_next_o[18] ; clk_i        ; clk_i       ; 0.000        ; 0.080      ; 1.491      ;
; 1.225 ; fetch:fetch_stg|pc_next_o[4]  ; fetch:fetch_stg|pc_next_o[9]  ; clk_i        ; clk_i       ; 0.000        ; 0.081      ; 1.492      ;
; 1.226 ; fetch:fetch_stg|pc_next_o[32] ; fetch:fetch_stg|pc_next_o[38] ; clk_i        ; clk_i       ; 0.000        ; 0.080      ; 1.492      ;
; 1.227 ; fetch:fetch_stg|pc_next_o[17] ; fetch:fetch_stg|pc_next_o[22] ; clk_i        ; clk_i       ; 0.000        ; 0.080      ; 1.493      ;
; 1.230 ; fetch:fetch_stg|pc_next_o[4]  ; fetch:fetch_stg|pc_next_o[10] ; clk_i        ; clk_i       ; 0.000        ; 0.081      ; 1.497      ;
; 1.231 ; fetch:fetch_stg|pc_next_o[10] ; fetch:fetch_stg|pc_next_o[15] ; clk_i        ; clk_i       ; 0.000        ; 0.076      ; 1.493      ;
; 1.235 ; fetch:fetch_stg|pc_next_o[2]  ; fetch:fetch_stg|pc_next_o[7]  ; clk_i        ; clk_i       ; 0.000        ; 0.081      ; 1.502      ;
; 1.236 ; fetch:fetch_stg|pc_next_o[10] ; fetch:fetch_stg|pc_next_o[16] ; clk_i        ; clk_i       ; 0.000        ; 0.076      ; 1.498      ;
; 1.238 ; fetch:fetch_stg|pc_next_o[14] ; fetch:fetch_stg|pc_next_o[19] ; clk_i        ; clk_i       ; 0.000        ; 0.080      ; 1.504      ;
; 1.239 ; fetch:fetch_stg|pc_next_o[12] ; fetch:fetch_stg|pc_next_o[17] ; clk_i        ; clk_i       ; 0.000        ; 0.076      ; 1.501      ;
; 1.240 ; fetch:fetch_stg|pc_next_o[2]  ; fetch:fetch_stg|pc_next_o[8]  ; clk_i        ; clk_i       ; 0.000        ; 0.081      ; 1.507      ;
; 1.241 ; fetch:fetch_stg|pc_next_o[16] ; fetch:fetch_stg|pc_next_o[22] ; clk_i        ; clk_i       ; 0.000        ; 0.080      ; 1.507      ;
; 1.241 ; fetch:fetch_stg|pc_next_o[3]  ; fetch:fetch_stg|pc_next_o[7]  ; clk_i        ; clk_i       ; 0.000        ; 0.081      ; 1.508      ;
+-------+-------------------------------+-------------------------------+--------------+-------------+--------------+------------+------------+


-----------------------------------------------
; Slow 1200mV 85C Model Metastability Summary ;
-----------------------------------------------
No synchronizer chains to report.


+-------------------------------------------------+
; Slow 1200mV 0C Model Fmax Summary               ;
+-----------+-----------------+------------+------+
; Fmax      ; Restricted Fmax ; Clock Name ; Note ;
+-----------+-----------------+------------+------+
; 125.2 MHz ; 125.2 MHz       ; clk_i      ;      ;
+-----------+-----------------+------------+------+
This panel reports FMAX for every clock in the design, regardless of the user-specified clock periods.  FMAX is only computed for paths where the source and destination registers or ports are driven by the same clock.  Paths of different clocks, including generated clocks, are ignored.  For paths between a clock and its inversion, FMAX is computed as if the rising and falling edges are scaled along with FMAX, such that the duty cycle (in terms of a percentage) is maintained. Altera recommends that you always use clock constraints and other slack reports for sign-off analysis.


+------------------------------------+
; Slow 1200mV 0C Model Setup Summary ;
+-------+--------+-------------------+
; Clock ; Slack  ; End Point TNS     ;
+-------+--------+-------------------+
; clk_i ; -6.987 ; -465.515          ;
+-------+--------+-------------------+


+-----------------------------------+
; Slow 1200mV 0C Model Hold Summary ;
+-------+-------+-------------------+
; Clock ; Slack ; End Point TNS     ;
+-------+-------+-------------------+
; clk_i ; 0.557 ; 0.000             ;
+-------+-------+-------------------+


-----------------------------------------
; Slow 1200mV 0C Model Recovery Summary ;
-----------------------------------------
No paths to report.


----------------------------------------
; Slow 1200mV 0C Model Removal Summary ;
----------------------------------------
No paths to report.


+--------------------------------------------------+
; Slow 1200mV 0C Model Minimum Pulse Width Summary ;
+-------+--------+---------------------------------+
; Clock ; Slack  ; End Point TNS                   ;
+-------+--------+---------------------------------+
; clk_i ; -3.000 ; -135.355                        ;
+-------+--------+---------------------------------+


+--------------------------------------------------------------------------------------------------------------------------------------------------+
; Slow 1200mV 0C Model Setup: 'clk_i'                                                                                                              ;
+--------+-------------------------------+-----------------------------------+--------------+-------------+--------------+------------+------------+
; Slack  ; From Node                     ; To Node                           ; Launch Clock ; Latch Clock ; Relationship ; Clock Skew ; Data Delay ;
+--------+-------------------------------+-----------------------------------+--------------+-------------+--------------+------------+------------+
; -6.987 ; fetch:fetch_stg|pc_next_o[8]  ; regfile:register_read_stg|GPR~603 ; clk_i        ; clk_i       ; 1.000        ; 0.286      ; 8.272      ;
; -6.967 ; fetch:fetch_stg|pc_next_o[8]  ; regfile:register_read_stg|GPR~605 ; clk_i        ; clk_i       ; 1.000        ; 0.286      ; 8.252      ;
; -6.967 ; fetch:fetch_stg|pc_next_o[13] ; regfile:register_read_stg|GPR~603 ; clk_i        ; clk_i       ; 1.000        ; 0.290      ; 8.256      ;
; -6.949 ; fetch:fetch_stg|pc_next_o[8]  ; regfile:register_read_stg|GPR~607 ; clk_i        ; clk_i       ; 1.000        ; 0.286      ; 8.234      ;
; -6.949 ; fetch:fetch_stg|pc_next_o[6]  ; regfile:register_read_stg|GPR~603 ; clk_i        ; clk_i       ; 1.000        ; 0.286      ; 8.234      ;
; -6.947 ; fetch:fetch_stg|pc_next_o[13] ; regfile:register_read_stg|GPR~605 ; clk_i        ; clk_i       ; 1.000        ; 0.290      ; 8.236      ;
; -6.929 ; fetch:fetch_stg|pc_next_o[6]  ; regfile:register_read_stg|GPR~605 ; clk_i        ; clk_i       ; 1.000        ; 0.286      ; 8.214      ;
; -6.929 ; fetch:fetch_stg|pc_next_o[13] ; regfile:register_read_stg|GPR~607 ; clk_i        ; clk_i       ; 1.000        ; 0.290      ; 8.218      ;
; -6.926 ; fetch:fetch_stg|pc_next_o[8]  ; regfile:register_read_stg|GPR~606 ; clk_i        ; clk_i       ; 1.000        ; 0.286      ; 8.211      ;
; -6.923 ; fetch:fetch_stg|pc_next_o[40] ; regfile:register_read_stg|GPR~603 ; clk_i        ; clk_i       ; 1.000        ; 0.295      ; 8.217      ;
; -6.918 ; fetch:fetch_stg|pc_next_o[37] ; regfile:register_read_stg|GPR~603 ; clk_i        ; clk_i       ; 1.000        ; 0.295      ; 8.212      ;
; -6.911 ; fetch:fetch_stg|pc_next_o[6]  ; regfile:register_read_stg|GPR~607 ; clk_i        ; clk_i       ; 1.000        ; 0.286      ; 8.196      ;
; -6.906 ; fetch:fetch_stg|pc_next_o[13] ; regfile:register_read_stg|GPR~606 ; clk_i        ; clk_i       ; 1.000        ; 0.290      ; 8.195      ;
; -6.903 ; fetch:fetch_stg|pc_next_o[40] ; regfile:register_read_stg|GPR~605 ; clk_i        ; clk_i       ; 1.000        ; 0.295      ; 8.197      ;
; -6.898 ; fetch:fetch_stg|pc_next_o[37] ; regfile:register_read_stg|GPR~605 ; clk_i        ; clk_i       ; 1.000        ; 0.295      ; 8.192      ;
; -6.894 ; fetch:fetch_stg|pc_next_o[5]  ; regfile:register_read_stg|GPR~603 ; clk_i        ; clk_i       ; 1.000        ; 0.286      ; 8.179      ;
; -6.888 ; fetch:fetch_stg|pc_next_o[6]  ; regfile:register_read_stg|GPR~606 ; clk_i        ; clk_i       ; 1.000        ; 0.286      ; 8.173      ;
; -6.885 ; fetch:fetch_stg|pc_next_o[40] ; regfile:register_read_stg|GPR~607 ; clk_i        ; clk_i       ; 1.000        ; 0.295      ; 8.179      ;
; -6.881 ; fetch:fetch_stg|pc_next_o[38] ; regfile:register_read_stg|GPR~603 ; clk_i        ; clk_i       ; 1.000        ; 0.295      ; 8.175      ;
; -6.880 ; fetch:fetch_stg|pc_next_o[37] ; regfile:register_read_stg|GPR~607 ; clk_i        ; clk_i       ; 1.000        ; 0.295      ; 8.174      ;
; -6.874 ; fetch:fetch_stg|pc_next_o[5]  ; regfile:register_read_stg|GPR~605 ; clk_i        ; clk_i       ; 1.000        ; 0.286      ; 8.159      ;
; -6.871 ; fetch:fetch_stg|pc_next_o[36] ; regfile:register_read_stg|GPR~603 ; clk_i        ; clk_i       ; 1.000        ; 0.294      ; 8.164      ;
; -6.862 ; fetch:fetch_stg|pc_next_o[40] ; regfile:register_read_stg|GPR~606 ; clk_i        ; clk_i       ; 1.000        ; 0.295      ; 8.156      ;
; -6.861 ; fetch:fetch_stg|pc_next_o[38] ; regfile:register_read_stg|GPR~605 ; clk_i        ; clk_i       ; 1.000        ; 0.295      ; 8.155      ;
; -6.859 ; fetch:fetch_stg|pc_next_o[8]  ; regfile:register_read_stg|GPR~600 ; clk_i        ; clk_i       ; 1.000        ; 0.257      ; 8.115      ;
; -6.857 ; fetch:fetch_stg|pc_next_o[37] ; regfile:register_read_stg|GPR~606 ; clk_i        ; clk_i       ; 1.000        ; 0.295      ; 8.151      ;
; -6.856 ; fetch:fetch_stg|pc_next_o[5]  ; regfile:register_read_stg|GPR~607 ; clk_i        ; clk_i       ; 1.000        ; 0.286      ; 8.141      ;
; -6.851 ; fetch:fetch_stg|pc_next_o[36] ; regfile:register_read_stg|GPR~605 ; clk_i        ; clk_i       ; 1.000        ; 0.294      ; 8.144      ;
; -6.843 ; fetch:fetch_stg|pc_next_o[38] ; regfile:register_read_stg|GPR~607 ; clk_i        ; clk_i       ; 1.000        ; 0.295      ; 8.137      ;
; -6.839 ; fetch:fetch_stg|pc_next_o[13] ; regfile:register_read_stg|GPR~600 ; clk_i        ; clk_i       ; 1.000        ; 0.261      ; 8.099      ;
; -6.833 ; fetch:fetch_stg|pc_next_o[5]  ; regfile:register_read_stg|GPR~606 ; clk_i        ; clk_i       ; 1.000        ; 0.286      ; 8.118      ;
; -6.833 ; fetch:fetch_stg|pc_next_o[36] ; regfile:register_read_stg|GPR~607 ; clk_i        ; clk_i       ; 1.000        ; 0.294      ; 8.126      ;
; -6.821 ; fetch:fetch_stg|pc_next_o[6]  ; regfile:register_read_stg|GPR~600 ; clk_i        ; clk_i       ; 1.000        ; 0.257      ; 8.077      ;
; -6.820 ; fetch:fetch_stg|pc_next_o[38] ; regfile:register_read_stg|GPR~606 ; clk_i        ; clk_i       ; 1.000        ; 0.295      ; 8.114      ;
; -6.812 ; fetch:fetch_stg|pc_next_o[8]  ; regfile:register_read_stg|GPR~604 ; clk_i        ; clk_i       ; 1.000        ; 0.286      ; 8.097      ;
; -6.811 ; fetch:fetch_stg|pc_next_o[8]  ; regfile:register_read_stg|GPR~598 ; clk_i        ; clk_i       ; 1.000        ; 0.284      ; 8.094      ;
; -6.810 ; fetch:fetch_stg|pc_next_o[36] ; regfile:register_read_stg|GPR~606 ; clk_i        ; clk_i       ; 1.000        ; 0.294      ; 8.103      ;
; -6.795 ; fetch:fetch_stg|pc_next_o[40] ; regfile:register_read_stg|GPR~600 ; clk_i        ; clk_i       ; 1.000        ; 0.266      ; 8.060      ;
; -6.792 ; fetch:fetch_stg|pc_next_o[13] ; regfile:register_read_stg|GPR~604 ; clk_i        ; clk_i       ; 1.000        ; 0.290      ; 8.081      ;
; -6.791 ; fetch:fetch_stg|pc_next_o[13] ; regfile:register_read_stg|GPR~598 ; clk_i        ; clk_i       ; 1.000        ; 0.288      ; 8.078      ;
; -6.790 ; fetch:fetch_stg|pc_next_o[37] ; regfile:register_read_stg|GPR~600 ; clk_i        ; clk_i       ; 1.000        ; 0.266      ; 8.055      ;
; -6.774 ; fetch:fetch_stg|pc_next_o[6]  ; regfile:register_read_stg|GPR~604 ; clk_i        ; clk_i       ; 1.000        ; 0.286      ; 8.059      ;
; -6.773 ; fetch:fetch_stg|pc_next_o[6]  ; regfile:register_read_stg|GPR~598 ; clk_i        ; clk_i       ; 1.000        ; 0.284      ; 8.056      ;
; -6.773 ; fetch:fetch_stg|pc_next_o[10] ; regfile:register_read_stg|GPR~606 ; clk_i        ; clk_i       ; 1.000        ; 0.286      ; 8.058      ;
; -6.766 ; fetch:fetch_stg|pc_next_o[5]  ; regfile:register_read_stg|GPR~600 ; clk_i        ; clk_i       ; 1.000        ; 0.257      ; 8.022      ;
; -6.761 ; fetch:fetch_stg|pc_next_o[25] ; regfile:register_read_stg|GPR~603 ; clk_i        ; clk_i       ; 1.000        ; 0.295      ; 8.055      ;
; -6.755 ; fetch:fetch_stg|pc_next_o[34] ; regfile:register_read_stg|GPR~603 ; clk_i        ; clk_i       ; 1.000        ; 0.294      ; 8.048      ;
; -6.755 ; fetch:fetch_stg|pc_next_o[26] ; regfile:register_read_stg|GPR~603 ; clk_i        ; clk_i       ; 1.000        ; 0.295      ; 8.049      ;
; -6.753 ; fetch:fetch_stg|pc_next_o[38] ; regfile:register_read_stg|GPR~600 ; clk_i        ; clk_i       ; 1.000        ; 0.266      ; 8.018      ;
; -6.749 ; fetch:fetch_stg|pc_next_o[8]  ; regfile:register_read_stg|GPR~601 ; clk_i        ; clk_i       ; 1.000        ; 0.286      ; 8.034      ;
; -6.748 ; fetch:fetch_stg|pc_next_o[40] ; regfile:register_read_stg|GPR~604 ; clk_i        ; clk_i       ; 1.000        ; 0.295      ; 8.042      ;
; -6.747 ; fetch:fetch_stg|pc_next_o[40] ; regfile:register_read_stg|GPR~598 ; clk_i        ; clk_i       ; 1.000        ; 0.293      ; 8.039      ;
; -6.745 ; fetch:fetch_stg|pc_next_o[9]  ; regfile:register_read_stg|GPR~606 ; clk_i        ; clk_i       ; 1.000        ; 0.286      ; 8.030      ;
; -6.743 ; fetch:fetch_stg|pc_next_o[36] ; regfile:register_read_stg|GPR~600 ; clk_i        ; clk_i       ; 1.000        ; 0.265      ; 8.007      ;
; -6.743 ; fetch:fetch_stg|pc_next_o[37] ; regfile:register_read_stg|GPR~604 ; clk_i        ; clk_i       ; 1.000        ; 0.295      ; 8.037      ;
; -6.742 ; fetch:fetch_stg|pc_next_o[37] ; regfile:register_read_stg|GPR~598 ; clk_i        ; clk_i       ; 1.000        ; 0.293      ; 8.034      ;
; -6.741 ; fetch:fetch_stg|pc_next_o[25] ; regfile:register_read_stg|GPR~605 ; clk_i        ; clk_i       ; 1.000        ; 0.295      ; 8.035      ;
; -6.735 ; fetch:fetch_stg|pc_next_o[10] ; regfile:register_read_stg|GPR~603 ; clk_i        ; clk_i       ; 1.000        ; 0.286      ; 8.020      ;
; -6.735 ; fetch:fetch_stg|pc_next_o[34] ; regfile:register_read_stg|GPR~605 ; clk_i        ; clk_i       ; 1.000        ; 0.294      ; 8.028      ;
; -6.735 ; fetch:fetch_stg|pc_next_o[26] ; regfile:register_read_stg|GPR~605 ; clk_i        ; clk_i       ; 1.000        ; 0.295      ; 8.029      ;
; -6.729 ; fetch:fetch_stg|pc_next_o[13] ; regfile:register_read_stg|GPR~601 ; clk_i        ; clk_i       ; 1.000        ; 0.290      ; 8.018      ;
; -6.723 ; fetch:fetch_stg|pc_next_o[25] ; regfile:register_read_stg|GPR~607 ; clk_i        ; clk_i       ; 1.000        ; 0.295      ; 8.017      ;
; -6.719 ; fetch:fetch_stg|pc_next_o[5]  ; regfile:register_read_stg|GPR~604 ; clk_i        ; clk_i       ; 1.000        ; 0.286      ; 8.004      ;
; -6.718 ; fetch:fetch_stg|pc_next_o[5]  ; regfile:register_read_stg|GPR~598 ; clk_i        ; clk_i       ; 1.000        ; 0.284      ; 8.001      ;
; -6.717 ; fetch:fetch_stg|pc_next_o[34] ; regfile:register_read_stg|GPR~607 ; clk_i        ; clk_i       ; 1.000        ; 0.294      ; 8.010      ;
; -6.717 ; fetch:fetch_stg|pc_next_o[26] ; regfile:register_read_stg|GPR~607 ; clk_i        ; clk_i       ; 1.000        ; 0.295      ; 8.011      ;
; -6.715 ; fetch:fetch_stg|pc_next_o[10] ; regfile:register_read_stg|GPR~605 ; clk_i        ; clk_i       ; 1.000        ; 0.286      ; 8.000      ;
; -6.711 ; fetch:fetch_stg|pc_next_o[6]  ; regfile:register_read_stg|GPR~601 ; clk_i        ; clk_i       ; 1.000        ; 0.286      ; 7.996      ;
; -6.706 ; fetch:fetch_stg|pc_next_o[38] ; regfile:register_read_stg|GPR~604 ; clk_i        ; clk_i       ; 1.000        ; 0.295      ; 8.000      ;
; -6.706 ; fetch:fetch_stg|pc_next_o[10] ; regfile:register_read_stg|GPR~600 ; clk_i        ; clk_i       ; 1.000        ; 0.257      ; 7.962      ;
; -6.705 ; fetch:fetch_stg|pc_next_o[16] ; regfile:register_read_stg|GPR~603 ; clk_i        ; clk_i       ; 1.000        ; 0.290      ; 7.994      ;
; -6.705 ; fetch:fetch_stg|pc_next_o[38] ; regfile:register_read_stg|GPR~598 ; clk_i        ; clk_i       ; 1.000        ; 0.293      ; 7.997      ;
; -6.700 ; fetch:fetch_stg|pc_next_o[25] ; regfile:register_read_stg|GPR~606 ; clk_i        ; clk_i       ; 1.000        ; 0.295      ; 7.994      ;
; -6.697 ; fetch:fetch_stg|pc_next_o[10] ; regfile:register_read_stg|GPR~607 ; clk_i        ; clk_i       ; 1.000        ; 0.286      ; 7.982      ;
; -6.696 ; fetch:fetch_stg|pc_next_o[36] ; regfile:register_read_stg|GPR~604 ; clk_i        ; clk_i       ; 1.000        ; 0.294      ; 7.989      ;
; -6.695 ; fetch:fetch_stg|pc_next_o[36] ; regfile:register_read_stg|GPR~598 ; clk_i        ; clk_i       ; 1.000        ; 0.292      ; 7.986      ;
; -6.694 ; fetch:fetch_stg|pc_next_o[34] ; regfile:register_read_stg|GPR~606 ; clk_i        ; clk_i       ; 1.000        ; 0.294      ; 7.987      ;
; -6.694 ; fetch:fetch_stg|pc_next_o[26] ; regfile:register_read_stg|GPR~606 ; clk_i        ; clk_i       ; 1.000        ; 0.295      ; 7.988      ;
; -6.685 ; fetch:fetch_stg|pc_next_o[16] ; regfile:register_read_stg|GPR~605 ; clk_i        ; clk_i       ; 1.000        ; 0.290      ; 7.974      ;
; -6.685 ; fetch:fetch_stg|pc_next_o[40] ; regfile:register_read_stg|GPR~601 ; clk_i        ; clk_i       ; 1.000        ; 0.295      ; 7.979      ;
; -6.680 ; fetch:fetch_stg|pc_next_o[37] ; regfile:register_read_stg|GPR~601 ; clk_i        ; clk_i       ; 1.000        ; 0.295      ; 7.974      ;
; -6.678 ; fetch:fetch_stg|pc_next_o[9]  ; regfile:register_read_stg|GPR~600 ; clk_i        ; clk_i       ; 1.000        ; 0.257      ; 7.934      ;
; -6.676 ; fetch:fetch_stg|pc_next_o[30] ; regfile:register_read_stg|GPR~603 ; clk_i        ; clk_i       ; 1.000        ; 0.295      ; 7.970      ;
; -6.675 ; fetch:fetch_stg|pc_next_o[7]  ; regfile:register_read_stg|GPR~603 ; clk_i        ; clk_i       ; 1.000        ; 0.286      ; 7.960      ;
; -6.671 ; fetch:fetch_stg|pc_next_o[9]  ; regfile:register_read_stg|GPR~603 ; clk_i        ; clk_i       ; 1.000        ; 0.286      ; 7.956      ;
; -6.671 ; fetch:fetch_stg|pc_next_o[32] ; regfile:register_read_stg|GPR~603 ; clk_i        ; clk_i       ; 1.000        ; 0.295      ; 7.965      ;
; -6.667 ; fetch:fetch_stg|pc_next_o[16] ; regfile:register_read_stg|GPR~607 ; clk_i        ; clk_i       ; 1.000        ; 0.290      ; 7.956      ;
; -6.659 ; fetch:fetch_stg|pc_next_o[10] ; regfile:register_read_stg|GPR~604 ; clk_i        ; clk_i       ; 1.000        ; 0.286      ; 7.944      ;
; -6.658 ; fetch:fetch_stg|pc_next_o[10] ; regfile:register_read_stg|GPR~598 ; clk_i        ; clk_i       ; 1.000        ; 0.284      ; 7.941      ;
; -6.657 ; fetch:fetch_stg|pc_next_o[8]  ; regfile:register_read_stg|GPR~535 ; clk_i        ; clk_i       ; 1.000        ; 0.293      ; 7.949      ;
; -6.656 ; fetch:fetch_stg|pc_next_o[30] ; regfile:register_read_stg|GPR~605 ; clk_i        ; clk_i       ; 1.000        ; 0.295      ; 7.950      ;
; -6.656 ; fetch:fetch_stg|pc_next_o[5]  ; regfile:register_read_stg|GPR~601 ; clk_i        ; clk_i       ; 1.000        ; 0.286      ; 7.941      ;
; -6.655 ; fetch:fetch_stg|pc_next_o[7]  ; regfile:register_read_stg|GPR~605 ; clk_i        ; clk_i       ; 1.000        ; 0.286      ; 7.940      ;
; -6.654 ; fetch:fetch_stg|pc_next_o[39] ; regfile:register_read_stg|GPR~603 ; clk_i        ; clk_i       ; 1.000        ; 0.295      ; 7.948      ;
; -6.651 ; fetch:fetch_stg|pc_next_o[9]  ; regfile:register_read_stg|GPR~605 ; clk_i        ; clk_i       ; 1.000        ; 0.286      ; 7.936      ;
; -6.651 ; fetch:fetch_stg|pc_next_o[32] ; regfile:register_read_stg|GPR~605 ; clk_i        ; clk_i       ; 1.000        ; 0.295      ; 7.945      ;
; -6.644 ; fetch:fetch_stg|pc_next_o[16] ; regfile:register_read_stg|GPR~606 ; clk_i        ; clk_i       ; 1.000        ; 0.290      ; 7.933      ;
; -6.643 ; fetch:fetch_stg|pc_next_o[38] ; regfile:register_read_stg|GPR~601 ; clk_i        ; clk_i       ; 1.000        ; 0.295      ; 7.937      ;
; -6.638 ; fetch:fetch_stg|pc_next_o[30] ; regfile:register_read_stg|GPR~607 ; clk_i        ; clk_i       ; 1.000        ; 0.295      ; 7.932      ;
; -6.637 ; fetch:fetch_stg|pc_next_o[7]  ; regfile:register_read_stg|GPR~607 ; clk_i        ; clk_i       ; 1.000        ; 0.286      ; 7.922      ;
+--------+-------------------------------+-----------------------------------+--------------+-------------+--------------+------------+------------+


+---------------------------------------------------------------------------------------------------------------------------------------------+
; Slow 1200mV 0C Model Hold: 'clk_i'                                                                                                          ;
+-------+-------------------------------+-------------------------------+--------------+-------------+--------------+------------+------------+
; Slack ; From Node                     ; To Node                       ; Launch Clock ; Latch Clock ; Relationship ; Clock Skew ; Data Delay ;
+-------+-------------------------------+-------------------------------+--------------+-------------+--------------+------------+------------+
; 0.557 ; fetch:fetch_stg|pc_next_o[40] ; fetch:fetch_stg|pc_next_o[40] ; clk_i        ; clk_i       ; 0.000        ; 0.071      ; 0.799      ;
; 0.581 ; fetch:fetch_stg|pc_next_o[11] ; fetch:fetch_stg|pc_next_o[11] ; clk_i        ; clk_i       ; 0.000        ; 0.072      ; 0.824      ;
; 0.587 ; fetch:fetch_stg|pc_next_o[32] ; fetch:fetch_stg|pc_next_o[32] ; clk_i        ; clk_i       ; 0.000        ; 0.071      ; 0.829      ;
; 0.588 ; fetch:fetch_stg|pc_next_o[29] ; fetch:fetch_stg|pc_next_o[29] ; clk_i        ; clk_i       ; 0.000        ; 0.071      ; 0.830      ;
; 0.591 ; fetch:fetch_stg|pc_next_o[10] ; fetch:fetch_stg|pc_next_o[10] ; clk_i        ; clk_i       ; 0.000        ; 0.072      ; 0.834      ;
; 0.591 ; fetch:fetch_stg|pc_next_o[4]  ; fetch:fetch_stg|pc_next_o[4]  ; clk_i        ; clk_i       ; 0.000        ; 0.072      ; 0.834      ;
; 0.598 ; fetch:fetch_stg|pc_next_o[12] ; fetch:fetch_stg|pc_next_o[12] ; clk_i        ; clk_i       ; 0.000        ; 0.072      ; 0.841      ;
; 0.599 ; fetch:fetch_stg|pc_next_o[19] ; fetch:fetch_stg|pc_next_o[19] ; clk_i        ; clk_i       ; 0.000        ; 0.072      ; 0.842      ;
; 0.599 ; fetch:fetch_stg|pc_next_o[18] ; fetch:fetch_stg|pc_next_o[18] ; clk_i        ; clk_i       ; 0.000        ; 0.072      ; 0.842      ;
; 0.599 ; fetch:fetch_stg|pc_next_o[16] ; fetch:fetch_stg|pc_next_o[16] ; clk_i        ; clk_i       ; 0.000        ; 0.072      ; 0.842      ;
; 0.600 ; fetch:fetch_stg|pc_next_o[13] ; fetch:fetch_stg|pc_next_o[13] ; clk_i        ; clk_i       ; 0.000        ; 0.072      ; 0.843      ;
; 0.601 ; fetch:fetch_stg|pc_next_o[15] ; fetch:fetch_stg|pc_next_o[15] ; clk_i        ; clk_i       ; 0.000        ; 0.072      ; 0.844      ;
; 0.602 ; fetch:fetch_stg|pc_next_o[17] ; fetch:fetch_stg|pc_next_o[17] ; clk_i        ; clk_i       ; 0.000        ; 0.072      ; 0.845      ;
; 0.603 ; fetch:fetch_stg|pc_next_o[14] ; fetch:fetch_stg|pc_next_o[14] ; clk_i        ; clk_i       ; 0.000        ; 0.072      ; 0.846      ;
; 0.604 ; fetch:fetch_stg|pc_next_o[22] ; fetch:fetch_stg|pc_next_o[22] ; clk_i        ; clk_i       ; 0.000        ; 0.072      ; 0.847      ;
; 0.617 ; fetch:fetch_stg|pc_next_o[3]  ; fetch:fetch_stg|pc_next_o[3]  ; clk_i        ; clk_i       ; 0.000        ; 0.072      ; 0.860      ;
; 0.618 ; fetch:fetch_stg|pc_next_o[2]  ; fetch:fetch_stg|pc_next_o[2]  ; clk_i        ; clk_i       ; 0.000        ; 0.072      ; 0.861      ;
; 0.751 ; fetch:fetch_stg|pc_next_o[38] ; fetch:fetch_stg|pc_next_o[38] ; clk_i        ; clk_i       ; 0.000        ; 0.071      ; 0.993      ;
; 0.758 ; fetch:fetch_stg|pc_next_o[31] ; fetch:fetch_stg|pc_next_o[31] ; clk_i        ; clk_i       ; 0.000        ; 0.071      ; 1.000      ;
; 0.758 ; fetch:fetch_stg|pc_next_o[8]  ; fetch:fetch_stg|pc_next_o[8]  ; clk_i        ; clk_i       ; 0.000        ; 0.072      ; 1.001      ;
; 0.760 ; fetch:fetch_stg|pc_next_o[7]  ; fetch:fetch_stg|pc_next_o[7]  ; clk_i        ; clk_i       ; 0.000        ; 0.072      ; 1.003      ;
; 0.760 ; fetch:fetch_stg|pc_next_o[5]  ; fetch:fetch_stg|pc_next_o[5]  ; clk_i        ; clk_i       ; 0.000        ; 0.072      ; 1.003      ;
; 0.763 ; fetch:fetch_stg|pc_next_o[37] ; fetch:fetch_stg|pc_next_o[37] ; clk_i        ; clk_i       ; 0.000        ; 0.071      ; 1.005      ;
; 0.764 ; fetch:fetch_stg|pc_next_o[39] ; fetch:fetch_stg|pc_next_o[39] ; clk_i        ; clk_i       ; 0.000        ; 0.071      ; 1.006      ;
; 0.767 ; fetch:fetch_stg|pc_next_o[9]  ; fetch:fetch_stg|pc_next_o[9]  ; clk_i        ; clk_i       ; 0.000        ; 0.072      ; 1.010      ;
; 0.767 ; fetch:fetch_stg|pc_next_o[6]  ; fetch:fetch_stg|pc_next_o[6]  ; clk_i        ; clk_i       ; 0.000        ; 0.072      ; 1.010      ;
; 0.868 ; fetch:fetch_stg|pc_next_o[11] ; fetch:fetch_stg|pc_next_o[12] ; clk_i        ; clk_i       ; 0.000        ; 0.072      ; 1.111      ;
; 0.875 ; fetch:fetch_stg|pc_next_o[29] ; fetch:fetch_stg|pc_next_o[30] ; clk_i        ; clk_i       ; 0.000        ; 0.071      ; 1.117      ;
; 0.879 ; fetch:fetch_stg|pc_next_o[10] ; fetch:fetch_stg|pc_next_o[11] ; clk_i        ; clk_i       ; 0.000        ; 0.072      ; 1.122      ;
; 0.879 ; fetch:fetch_stg|pc_next_o[4]  ; fetch:fetch_stg|pc_next_o[5]  ; clk_i        ; clk_i       ; 0.000        ; 0.072      ; 1.122      ;
; 0.887 ; fetch:fetch_stg|pc_next_o[13] ; fetch:fetch_stg|pc_next_o[14] ; clk_i        ; clk_i       ; 0.000        ; 0.072      ; 1.130      ;
; 0.887 ; fetch:fetch_stg|pc_next_o[18] ; fetch:fetch_stg|pc_next_o[19] ; clk_i        ; clk_i       ; 0.000        ; 0.072      ; 1.130      ;
; 0.887 ; fetch:fetch_stg|pc_next_o[16] ; fetch:fetch_stg|pc_next_o[17] ; clk_i        ; clk_i       ; 0.000        ; 0.072      ; 1.130      ;
; 0.887 ; fetch:fetch_stg|pc_next_o[2]  ; fetch:fetch_stg|pc_next_o[3]  ; clk_i        ; clk_i       ; 0.000        ; 0.072      ; 1.130      ;
; 0.888 ; fetch:fetch_stg|pc_next_o[15] ; fetch:fetch_stg|pc_next_o[16] ; clk_i        ; clk_i       ; 0.000        ; 0.072      ; 1.131      ;
; 0.889 ; fetch:fetch_stg|pc_next_o[17] ; fetch:fetch_stg|pc_next_o[18] ; clk_i        ; clk_i       ; 0.000        ; 0.072      ; 1.132      ;
; 0.890 ; fetch:fetch_stg|pc_next_o[12] ; fetch:fetch_stg|pc_next_o[13] ; clk_i        ; clk_i       ; 0.000        ; 0.068      ; 1.129      ;
; 0.890 ; fetch:fetch_stg|pc_next_o[4]  ; fetch:fetch_stg|pc_next_o[6]  ; clk_i        ; clk_i       ; 0.000        ; 0.072      ; 1.133      ;
; 0.890 ; fetch:fetch_stg|pc_next_o[10] ; fetch:fetch_stg|pc_next_o[12] ; clk_i        ; clk_i       ; 0.000        ; 0.072      ; 1.133      ;
; 0.891 ; fetch:fetch_stg|pc_next_o[14] ; fetch:fetch_stg|pc_next_o[15] ; clk_i        ; clk_i       ; 0.000        ; 0.072      ; 1.134      ;
; 0.898 ; fetch:fetch_stg|pc_next_o[2]  ; fetch:fetch_stg|pc_next_o[4]  ; clk_i        ; clk_i       ; 0.000        ; 0.072      ; 1.141      ;
; 0.898 ; fetch:fetch_stg|pc_next_o[16] ; fetch:fetch_stg|pc_next_o[18] ; clk_i        ; clk_i       ; 0.000        ; 0.072      ; 1.141      ;
; 0.901 ; fetch:fetch_stg|pc_next_o[12] ; fetch:fetch_stg|pc_next_o[14] ; clk_i        ; clk_i       ; 0.000        ; 0.068      ; 1.140      ;
; 0.902 ; fetch:fetch_stg|pc_next_o[14] ; fetch:fetch_stg|pc_next_o[16] ; clk_i        ; clk_i       ; 0.000        ; 0.072      ; 1.145      ;
; 0.903 ; fetch:fetch_stg|pc_next_o[3]  ; fetch:fetch_stg|pc_next_o[4]  ; clk_i        ; clk_i       ; 0.000        ; 0.072      ; 1.146      ;
; 0.971 ; fetch:fetch_stg|pc_next_o[11] ; fetch:fetch_stg|pc_next_o[13] ; clk_i        ; clk_i       ; 0.000        ; 0.068      ; 1.210      ;
; 0.974 ; fetch:fetch_stg|pc_next_o[29] ; fetch:fetch_stg|pc_next_o[31] ; clk_i        ; clk_i       ; 0.000        ; 0.071      ; 1.216      ;
; 0.982 ; fetch:fetch_stg|pc_next_o[11] ; fetch:fetch_stg|pc_next_o[14] ; clk_i        ; clk_i       ; 0.000        ; 0.068      ; 1.221      ;
; 0.985 ; fetch:fetch_stg|pc_next_o[29] ; fetch:fetch_stg|pc_next_o[32] ; clk_i        ; clk_i       ; 0.000        ; 0.071      ; 1.227      ;
; 0.986 ; fetch:fetch_stg|pc_next_o[13] ; fetch:fetch_stg|pc_next_o[15] ; clk_i        ; clk_i       ; 0.000        ; 0.072      ; 1.229      ;
; 0.987 ; fetch:fetch_stg|pc_next_o[15] ; fetch:fetch_stg|pc_next_o[17] ; clk_i        ; clk_i       ; 0.000        ; 0.072      ; 1.230      ;
; 0.988 ; fetch:fetch_stg|pc_next_o[17] ; fetch:fetch_stg|pc_next_o[19] ; clk_i        ; clk_i       ; 0.000        ; 0.072      ; 1.231      ;
; 0.989 ; fetch:fetch_stg|pc_next_o[4]  ; fetch:fetch_stg|pc_next_o[7]  ; clk_i        ; clk_i       ; 0.000        ; 0.072      ; 1.232      ;
; 0.989 ; fetch:fetch_stg|pc_next_o[30] ; fetch:fetch_stg|pc_next_o[30] ; clk_i        ; clk_i       ; 0.000        ; 0.071      ; 1.231      ;
; 0.993 ; fetch:fetch_stg|pc_next_o[10] ; fetch:fetch_stg|pc_next_o[13] ; clk_i        ; clk_i       ; 0.000        ; 0.068      ; 1.232      ;
; 0.995 ; fetch:fetch_stg|pc_next_o[19] ; fetch:fetch_stg|pc_next_o[22] ; clk_i        ; clk_i       ; 0.000        ; 0.072      ; 1.238      ;
; 0.997 ; fetch:fetch_stg|pc_next_o[2]  ; fetch:fetch_stg|pc_next_o[5]  ; clk_i        ; clk_i       ; 0.000        ; 0.072      ; 1.240      ;
; 0.997 ; fetch:fetch_stg|pc_next_o[13] ; fetch:fetch_stg|pc_next_o[16] ; clk_i        ; clk_i       ; 0.000        ; 0.072      ; 1.240      ;
; 0.997 ; fetch:fetch_stg|pc_next_o[16] ; fetch:fetch_stg|pc_next_o[19] ; clk_i        ; clk_i       ; 0.000        ; 0.072      ; 1.240      ;
; 0.998 ; fetch:fetch_stg|pc_next_o[15] ; fetch:fetch_stg|pc_next_o[18] ; clk_i        ; clk_i       ; 0.000        ; 0.072      ; 1.241      ;
; 1.000 ; fetch:fetch_stg|pc_next_o[4]  ; fetch:fetch_stg|pc_next_o[8]  ; clk_i        ; clk_i       ; 0.000        ; 0.072      ; 1.243      ;
; 1.000 ; fetch:fetch_stg|pc_next_o[12] ; fetch:fetch_stg|pc_next_o[15] ; clk_i        ; clk_i       ; 0.000        ; 0.068      ; 1.239      ;
; 1.001 ; fetch:fetch_stg|pc_next_o[14] ; fetch:fetch_stg|pc_next_o[17] ; clk_i        ; clk_i       ; 0.000        ; 0.072      ; 1.244      ;
; 1.002 ; fetch:fetch_stg|pc_next_o[3]  ; fetch:fetch_stg|pc_next_o[5]  ; clk_i        ; clk_i       ; 0.000        ; 0.072      ; 1.245      ;
; 1.004 ; fetch:fetch_stg|pc_next_o[10] ; fetch:fetch_stg|pc_next_o[14] ; clk_i        ; clk_i       ; 0.000        ; 0.068      ; 1.243      ;
; 1.008 ; fetch:fetch_stg|pc_next_o[2]  ; fetch:fetch_stg|pc_next_o[6]  ; clk_i        ; clk_i       ; 0.000        ; 0.072      ; 1.251      ;
; 1.008 ; fetch:fetch_stg|pc_next_o[18] ; fetch:fetch_stg|pc_next_o[22] ; clk_i        ; clk_i       ; 0.000        ; 0.072      ; 1.251      ;
; 1.011 ; fetch:fetch_stg|pc_next_o[12] ; fetch:fetch_stg|pc_next_o[16] ; clk_i        ; clk_i       ; 0.000        ; 0.068      ; 1.250      ;
; 1.012 ; fetch:fetch_stg|pc_next_o[14] ; fetch:fetch_stg|pc_next_o[18] ; clk_i        ; clk_i       ; 0.000        ; 0.072      ; 1.255      ;
; 1.013 ; fetch:fetch_stg|pc_next_o[3]  ; fetch:fetch_stg|pc_next_o[6]  ; clk_i        ; clk_i       ; 0.000        ; 0.072      ; 1.256      ;
; 1.031 ; fetch:fetch_stg|pc_next_o[8]  ; fetch:fetch_stg|pc_next_o[9]  ; clk_i        ; clk_i       ; 0.000        ; 0.072      ; 1.274      ;
; 1.038 ; fetch:fetch_stg|pc_next_o[38] ; fetch:fetch_stg|pc_next_o[39] ; clk_i        ; clk_i       ; 0.000        ; 0.071      ; 1.280      ;
; 1.044 ; fetch:fetch_stg|pc_next_o[31] ; fetch:fetch_stg|pc_next_o[32] ; clk_i        ; clk_i       ; 0.000        ; 0.071      ; 1.286      ;
; 1.046 ; fetch:fetch_stg|pc_next_o[5]  ; fetch:fetch_stg|pc_next_o[6]  ; clk_i        ; clk_i       ; 0.000        ; 0.072      ; 1.289      ;
; 1.046 ; fetch:fetch_stg|pc_next_o[7]  ; fetch:fetch_stg|pc_next_o[8]  ; clk_i        ; clk_i       ; 0.000        ; 0.072      ; 1.289      ;
; 1.049 ; fetch:fetch_stg|pc_next_o[37] ; fetch:fetch_stg|pc_next_o[38] ; clk_i        ; clk_i       ; 0.000        ; 0.071      ; 1.291      ;
; 1.050 ; fetch:fetch_stg|pc_next_o[39] ; fetch:fetch_stg|pc_next_o[40] ; clk_i        ; clk_i       ; 0.000        ; 0.071      ; 1.292      ;
; 1.050 ; fetch:fetch_stg|pc_next_o[38] ; fetch:fetch_stg|pc_next_o[40] ; clk_i        ; clk_i       ; 0.000        ; 0.071      ; 1.292      ;
; 1.053 ; fetch:fetch_stg|pc_next_o[9]  ; fetch:fetch_stg|pc_next_o[10] ; clk_i        ; clk_i       ; 0.000        ; 0.072      ; 1.296      ;
; 1.054 ; fetch:fetch_stg|pc_next_o[6]  ; fetch:fetch_stg|pc_next_o[7]  ; clk_i        ; clk_i       ; 0.000        ; 0.072      ; 1.297      ;
; 1.057 ; fetch:fetch_stg|pc_next_o[8]  ; fetch:fetch_stg|pc_next_o[10] ; clk_i        ; clk_i       ; 0.000        ; 0.072      ; 1.300      ;
; 1.066 ; fetch:fetch_stg|pc_next_o[6]  ; fetch:fetch_stg|pc_next_o[8]  ; clk_i        ; clk_i       ; 0.000        ; 0.072      ; 1.309      ;
; 1.081 ; fetch:fetch_stg|pc_next_o[11] ; fetch:fetch_stg|pc_next_o[15] ; clk_i        ; clk_i       ; 0.000        ; 0.068      ; 1.320      ;
; 1.092 ; fetch:fetch_stg|pc_next_o[11] ; fetch:fetch_stg|pc_next_o[16] ; clk_i        ; clk_i       ; 0.000        ; 0.068      ; 1.331      ;
; 1.095 ; fetch:fetch_stg|pc_next_o[32] ; fetch:fetch_stg|pc_next_o[37] ; clk_i        ; clk_i       ; 0.000        ; 0.071      ; 1.337      ;
; 1.096 ; fetch:fetch_stg|pc_next_o[13] ; fetch:fetch_stg|pc_next_o[17] ; clk_i        ; clk_i       ; 0.000        ; 0.072      ; 1.339      ;
; 1.097 ; fetch:fetch_stg|pc_next_o[15] ; fetch:fetch_stg|pc_next_o[19] ; clk_i        ; clk_i       ; 0.000        ; 0.072      ; 1.340      ;
; 1.099 ; fetch:fetch_stg|pc_next_o[4]  ; fetch:fetch_stg|pc_next_o[9]  ; clk_i        ; clk_i       ; 0.000        ; 0.072      ; 1.342      ;
; 1.103 ; fetch:fetch_stg|pc_next_o[10] ; fetch:fetch_stg|pc_next_o[15] ; clk_i        ; clk_i       ; 0.000        ; 0.068      ; 1.342      ;
; 1.106 ; fetch:fetch_stg|pc_next_o[32] ; fetch:fetch_stg|pc_next_o[38] ; clk_i        ; clk_i       ; 0.000        ; 0.071      ; 1.348      ;
; 1.107 ; fetch:fetch_stg|pc_next_o[2]  ; fetch:fetch_stg|pc_next_o[7]  ; clk_i        ; clk_i       ; 0.000        ; 0.072      ; 1.350      ;
; 1.107 ; fetch:fetch_stg|pc_next_o[13] ; fetch:fetch_stg|pc_next_o[18] ; clk_i        ; clk_i       ; 0.000        ; 0.072      ; 1.350      ;
; 1.109 ; fetch:fetch_stg|pc_next_o[17] ; fetch:fetch_stg|pc_next_o[22] ; clk_i        ; clk_i       ; 0.000        ; 0.072      ; 1.352      ;
; 1.110 ; fetch:fetch_stg|pc_next_o[5]  ; fetch:fetch_stg|pc_next_o[7]  ; clk_i        ; clk_i       ; 0.000        ; 0.072      ; 1.353      ;
; 1.110 ; fetch:fetch_stg|pc_next_o[4]  ; fetch:fetch_stg|pc_next_o[10] ; clk_i        ; clk_i       ; 0.000        ; 0.072      ; 1.353      ;
; 1.110 ; fetch:fetch_stg|pc_next_o[12] ; fetch:fetch_stg|pc_next_o[17] ; clk_i        ; clk_i       ; 0.000        ; 0.068      ; 1.349      ;
; 1.111 ; fetch:fetch_stg|pc_next_o[7]  ; fetch:fetch_stg|pc_next_o[9]  ; clk_i        ; clk_i       ; 0.000        ; 0.072      ; 1.354      ;
; 1.111 ; fetch:fetch_stg|pc_next_o[14] ; fetch:fetch_stg|pc_next_o[19] ; clk_i        ; clk_i       ; 0.000        ; 0.072      ; 1.354      ;
; 1.112 ; fetch:fetch_stg|pc_next_o[3]  ; fetch:fetch_stg|pc_next_o[7]  ; clk_i        ; clk_i       ; 0.000        ; 0.072      ; 1.355      ;
; 1.113 ; fetch:fetch_stg|pc_next_o[37] ; fetch:fetch_stg|pc_next_o[39] ; clk_i        ; clk_i       ; 0.000        ; 0.071      ; 1.355      ;
+-------+-------------------------------+-------------------------------+--------------+-------------+--------------+------------+------------+


----------------------------------------------
; Slow 1200mV 0C Model Metastability Summary ;
----------------------------------------------
No synchronizer chains to report.


+------------------------------------+
; Fast 1200mV 0C Model Setup Summary ;
+-------+--------+-------------------+
; Clock ; Slack  ; End Point TNS     ;
+-------+--------+-------------------+
; clk_i ; -3.316 ; -205.625          ;
+-------+--------+-------------------+


+-----------------------------------+
; Fast 1200mV 0C Model Hold Summary ;
+-------+-------+-------------------+
; Clock ; Slack ; End Point TNS     ;
+-------+-------+-------------------+
; clk_i ; 0.267 ; 0.000             ;
+-------+-------+-------------------+


-----------------------------------------
; Fast 1200mV 0C Model Recovery Summary ;
-----------------------------------------
No paths to report.


----------------------------------------
; Fast 1200mV 0C Model Removal Summary ;
----------------------------------------
No paths to report.


+--------------------------------------------------+
; Fast 1200mV 0C Model Minimum Pulse Width Summary ;
+-------+--------+---------------------------------+
; Clock ; Slack  ; End Point TNS                   ;
+-------+--------+---------------------------------+
; clk_i ; -3.000 ; -113.373                        ;
+-------+--------+---------------------------------+


+--------------------------------------------------------------------------------------------------------------------------------------------------+
; Fast 1200mV 0C Model Setup: 'clk_i'                                                                                                              ;
+--------+-------------------------------+-----------------------------------+--------------+-------------+--------------+------------+------------+
; Slack  ; From Node                     ; To Node                           ; Launch Clock ; Latch Clock ; Relationship ; Clock Skew ; Data Delay ;
+--------+-------------------------------+-----------------------------------+--------------+-------------+--------------+------------+------------+
; -3.316 ; fetch:fetch_stg|pc_next_o[8]  ; regfile:register_read_stg|GPR~603 ; clk_i        ; clk_i       ; 1.000        ; 0.128      ; 4.431      ;
; -3.314 ; fetch:fetch_stg|pc_next_o[8]  ; regfile:register_read_stg|GPR~606 ; clk_i        ; clk_i       ; 1.000        ; 0.128      ; 4.429      ;
; -3.313 ; fetch:fetch_stg|pc_next_o[8]  ; regfile:register_read_stg|GPR~605 ; clk_i        ; clk_i       ; 1.000        ; 0.128      ; 4.428      ;
; -3.306 ; fetch:fetch_stg|pc_next_o[8]  ; regfile:register_read_stg|GPR~607 ; clk_i        ; clk_i       ; 1.000        ; 0.128      ; 4.421      ;
; -3.300 ; fetch:fetch_stg|pc_next_o[13] ; regfile:register_read_stg|GPR~603 ; clk_i        ; clk_i       ; 1.000        ; 0.132      ; 4.419      ;
; -3.298 ; fetch:fetch_stg|pc_next_o[13] ; regfile:register_read_stg|GPR~606 ; clk_i        ; clk_i       ; 1.000        ; 0.132      ; 4.417      ;
; -3.297 ; fetch:fetch_stg|pc_next_o[6]  ; regfile:register_read_stg|GPR~603 ; clk_i        ; clk_i       ; 1.000        ; 0.128      ; 4.412      ;
; -3.297 ; fetch:fetch_stg|pc_next_o[13] ; regfile:register_read_stg|GPR~605 ; clk_i        ; clk_i       ; 1.000        ; 0.132      ; 4.416      ;
; -3.295 ; fetch:fetch_stg|pc_next_o[6]  ; regfile:register_read_stg|GPR~606 ; clk_i        ; clk_i       ; 1.000        ; 0.128      ; 4.410      ;
; -3.294 ; fetch:fetch_stg|pc_next_o[6]  ; regfile:register_read_stg|GPR~605 ; clk_i        ; clk_i       ; 1.000        ; 0.128      ; 4.409      ;
; -3.290 ; fetch:fetch_stg|pc_next_o[13] ; regfile:register_read_stg|GPR~607 ; clk_i        ; clk_i       ; 1.000        ; 0.132      ; 4.409      ;
; -3.287 ; fetch:fetch_stg|pc_next_o[6]  ; regfile:register_read_stg|GPR~607 ; clk_i        ; clk_i       ; 1.000        ; 0.128      ; 4.402      ;
; -3.265 ; fetch:fetch_stg|pc_next_o[5]  ; regfile:register_read_stg|GPR~603 ; clk_i        ; clk_i       ; 1.000        ; 0.128      ; 4.380      ;
; -3.263 ; fetch:fetch_stg|pc_next_o[5]  ; regfile:register_read_stg|GPR~606 ; clk_i        ; clk_i       ; 1.000        ; 0.128      ; 4.378      ;
; -3.262 ; fetch:fetch_stg|pc_next_o[5]  ; regfile:register_read_stg|GPR~605 ; clk_i        ; clk_i       ; 1.000        ; 0.128      ; 4.377      ;
; -3.255 ; fetch:fetch_stg|pc_next_o[5]  ; regfile:register_read_stg|GPR~607 ; clk_i        ; clk_i       ; 1.000        ; 0.128      ; 4.370      ;
; -3.254 ; fetch:fetch_stg|pc_next_o[8]  ; regfile:register_read_stg|GPR~600 ; clk_i        ; clk_i       ; 1.000        ; 0.119      ; 4.360      ;
; -3.254 ; fetch:fetch_stg|pc_next_o[37] ; regfile:register_read_stg|GPR~603 ; clk_i        ; clk_i       ; 1.000        ; 0.138      ; 4.379      ;
; -3.253 ; fetch:fetch_stg|pc_next_o[40] ; regfile:register_read_stg|GPR~603 ; clk_i        ; clk_i       ; 1.000        ; 0.138      ; 4.378      ;
; -3.252 ; fetch:fetch_stg|pc_next_o[37] ; regfile:register_read_stg|GPR~606 ; clk_i        ; clk_i       ; 1.000        ; 0.138      ; 4.377      ;
; -3.251 ; fetch:fetch_stg|pc_next_o[37] ; regfile:register_read_stg|GPR~605 ; clk_i        ; clk_i       ; 1.000        ; 0.138      ; 4.376      ;
; -3.251 ; fetch:fetch_stg|pc_next_o[40] ; regfile:register_read_stg|GPR~606 ; clk_i        ; clk_i       ; 1.000        ; 0.138      ; 4.376      ;
; -3.250 ; fetch:fetch_stg|pc_next_o[40] ; regfile:register_read_stg|GPR~605 ; clk_i        ; clk_i       ; 1.000        ; 0.138      ; 4.375      ;
; -3.247 ; fetch:fetch_stg|pc_next_o[8]  ; regfile:register_read_stg|GPR~604 ; clk_i        ; clk_i       ; 1.000        ; 0.128      ; 4.362      ;
; -3.244 ; fetch:fetch_stg|pc_next_o[37] ; regfile:register_read_stg|GPR~607 ; clk_i        ; clk_i       ; 1.000        ; 0.138      ; 4.369      ;
; -3.243 ; fetch:fetch_stg|pc_next_o[40] ; regfile:register_read_stg|GPR~607 ; clk_i        ; clk_i       ; 1.000        ; 0.138      ; 4.368      ;
; -3.239 ; fetch:fetch_stg|pc_next_o[10] ; regfile:register_read_stg|GPR~606 ; clk_i        ; clk_i       ; 1.000        ; 0.128      ; 4.354      ;
; -3.238 ; fetch:fetch_stg|pc_next_o[13] ; regfile:register_read_stg|GPR~600 ; clk_i        ; clk_i       ; 1.000        ; 0.123      ; 4.348      ;
; -3.235 ; fetch:fetch_stg|pc_next_o[6]  ; regfile:register_read_stg|GPR~600 ; clk_i        ; clk_i       ; 1.000        ; 0.119      ; 4.341      ;
; -3.231 ; fetch:fetch_stg|pc_next_o[13] ; regfile:register_read_stg|GPR~604 ; clk_i        ; clk_i       ; 1.000        ; 0.132      ; 4.350      ;
; -3.229 ; fetch:fetch_stg|pc_next_o[8]  ; regfile:register_read_stg|GPR~598 ; clk_i        ; clk_i       ; 1.000        ; 0.129      ; 4.345      ;
; -3.229 ; fetch:fetch_stg|pc_next_o[38] ; regfile:register_read_stg|GPR~603 ; clk_i        ; clk_i       ; 1.000        ; 0.138      ; 4.354      ;
; -3.228 ; fetch:fetch_stg|pc_next_o[6]  ; regfile:register_read_stg|GPR~604 ; clk_i        ; clk_i       ; 1.000        ; 0.128      ; 4.343      ;
; -3.228 ; fetch:fetch_stg|pc_next_o[9]  ; regfile:register_read_stg|GPR~606 ; clk_i        ; clk_i       ; 1.000        ; 0.128      ; 4.343      ;
; -3.227 ; fetch:fetch_stg|pc_next_o[38] ; regfile:register_read_stg|GPR~606 ; clk_i        ; clk_i       ; 1.000        ; 0.138      ; 4.352      ;
; -3.226 ; fetch:fetch_stg|pc_next_o[38] ; regfile:register_read_stg|GPR~605 ; clk_i        ; clk_i       ; 1.000        ; 0.138      ; 4.351      ;
; -3.219 ; fetch:fetch_stg|pc_next_o[38] ; regfile:register_read_stg|GPR~607 ; clk_i        ; clk_i       ; 1.000        ; 0.138      ; 4.344      ;
; -3.213 ; fetch:fetch_stg|pc_next_o[13] ; regfile:register_read_stg|GPR~598 ; clk_i        ; clk_i       ; 1.000        ; 0.133      ; 4.333      ;
; -3.210 ; fetch:fetch_stg|pc_next_o[6]  ; regfile:register_read_stg|GPR~598 ; clk_i        ; clk_i       ; 1.000        ; 0.129      ; 4.326      ;
; -3.203 ; fetch:fetch_stg|pc_next_o[5]  ; regfile:register_read_stg|GPR~600 ; clk_i        ; clk_i       ; 1.000        ; 0.119      ; 4.309      ;
; -3.203 ; fetch:fetch_stg|pc_next_o[36] ; regfile:register_read_stg|GPR~603 ; clk_i        ; clk_i       ; 1.000        ; 0.138      ; 4.328      ;
; -3.201 ; fetch:fetch_stg|pc_next_o[36] ; regfile:register_read_stg|GPR~606 ; clk_i        ; clk_i       ; 1.000        ; 0.138      ; 4.326      ;
; -3.200 ; fetch:fetch_stg|pc_next_o[36] ; regfile:register_read_stg|GPR~605 ; clk_i        ; clk_i       ; 1.000        ; 0.138      ; 4.325      ;
; -3.196 ; fetch:fetch_stg|pc_next_o[5]  ; regfile:register_read_stg|GPR~604 ; clk_i        ; clk_i       ; 1.000        ; 0.128      ; 4.311      ;
; -3.193 ; fetch:fetch_stg|pc_next_o[36] ; regfile:register_read_stg|GPR~607 ; clk_i        ; clk_i       ; 1.000        ; 0.138      ; 4.318      ;
; -3.192 ; fetch:fetch_stg|pc_next_o[37] ; regfile:register_read_stg|GPR~600 ; clk_i        ; clk_i       ; 1.000        ; 0.129      ; 4.308      ;
; -3.191 ; fetch:fetch_stg|pc_next_o[40] ; regfile:register_read_stg|GPR~600 ; clk_i        ; clk_i       ; 1.000        ; 0.129      ; 4.307      ;
; -3.185 ; fetch:fetch_stg|pc_next_o[37] ; regfile:register_read_stg|GPR~604 ; clk_i        ; clk_i       ; 1.000        ; 0.138      ; 4.310      ;
; -3.184 ; fetch:fetch_stg|pc_next_o[40] ; regfile:register_read_stg|GPR~604 ; clk_i        ; clk_i       ; 1.000        ; 0.138      ; 4.309      ;
; -3.181 ; fetch:fetch_stg|pc_next_o[10] ; regfile:register_read_stg|GPR~603 ; clk_i        ; clk_i       ; 1.000        ; 0.128      ; 4.296      ;
; -3.179 ; fetch:fetch_stg|pc_next_o[10] ; regfile:register_read_stg|GPR~600 ; clk_i        ; clk_i       ; 1.000        ; 0.119      ; 4.285      ;
; -3.178 ; fetch:fetch_stg|pc_next_o[5]  ; regfile:register_read_stg|GPR~598 ; clk_i        ; clk_i       ; 1.000        ; 0.129      ; 4.294      ;
; -3.178 ; fetch:fetch_stg|pc_next_o[10] ; regfile:register_read_stg|GPR~605 ; clk_i        ; clk_i       ; 1.000        ; 0.128      ; 4.293      ;
; -3.176 ; fetch:fetch_stg|pc_next_o[8]  ; regfile:register_read_stg|GPR~601 ; clk_i        ; clk_i       ; 1.000        ; 0.128      ; 4.291      ;
; -3.176 ; fetch:fetch_stg|pc_next_o[25] ; regfile:register_read_stg|GPR~603 ; clk_i        ; clk_i       ; 1.000        ; 0.138      ; 4.301      ;
; -3.176 ; fetch:fetch_stg|pc_next_o[26] ; regfile:register_read_stg|GPR~603 ; clk_i        ; clk_i       ; 1.000        ; 0.138      ; 4.301      ;
; -3.174 ; fetch:fetch_stg|pc_next_o[25] ; regfile:register_read_stg|GPR~606 ; clk_i        ; clk_i       ; 1.000        ; 0.138      ; 4.299      ;
; -3.174 ; fetch:fetch_stg|pc_next_o[26] ; regfile:register_read_stg|GPR~606 ; clk_i        ; clk_i       ; 1.000        ; 0.138      ; 4.299      ;
; -3.173 ; fetch:fetch_stg|pc_next_o[25] ; regfile:register_read_stg|GPR~605 ; clk_i        ; clk_i       ; 1.000        ; 0.138      ; 4.298      ;
; -3.173 ; fetch:fetch_stg|pc_next_o[26] ; regfile:register_read_stg|GPR~605 ; clk_i        ; clk_i       ; 1.000        ; 0.138      ; 4.298      ;
; -3.172 ; fetch:fetch_stg|pc_next_o[10] ; regfile:register_read_stg|GPR~604 ; clk_i        ; clk_i       ; 1.000        ; 0.128      ; 4.287      ;
; -3.171 ; fetch:fetch_stg|pc_next_o[10] ; regfile:register_read_stg|GPR~607 ; clk_i        ; clk_i       ; 1.000        ; 0.128      ; 4.286      ;
; -3.170 ; fetch:fetch_stg|pc_next_o[9]  ; regfile:register_read_stg|GPR~603 ; clk_i        ; clk_i       ; 1.000        ; 0.128      ; 4.285      ;
; -3.168 ; fetch:fetch_stg|pc_next_o[9]  ; regfile:register_read_stg|GPR~600 ; clk_i        ; clk_i       ; 1.000        ; 0.119      ; 4.274      ;
; -3.167 ; fetch:fetch_stg|pc_next_o[37] ; regfile:register_read_stg|GPR~598 ; clk_i        ; clk_i       ; 1.000        ; 0.139      ; 4.293      ;
; -3.167 ; fetch:fetch_stg|pc_next_o[38] ; regfile:register_read_stg|GPR~600 ; clk_i        ; clk_i       ; 1.000        ; 0.129      ; 4.283      ;
; -3.167 ; fetch:fetch_stg|pc_next_o[9]  ; regfile:register_read_stg|GPR~605 ; clk_i        ; clk_i       ; 1.000        ; 0.128      ; 4.282      ;
; -3.166 ; fetch:fetch_stg|pc_next_o[25] ; regfile:register_read_stg|GPR~607 ; clk_i        ; clk_i       ; 1.000        ; 0.138      ; 4.291      ;
; -3.166 ; fetch:fetch_stg|pc_next_o[40] ; regfile:register_read_stg|GPR~598 ; clk_i        ; clk_i       ; 1.000        ; 0.139      ; 4.292      ;
; -3.166 ; fetch:fetch_stg|pc_next_o[26] ; regfile:register_read_stg|GPR~607 ; clk_i        ; clk_i       ; 1.000        ; 0.138      ; 4.291      ;
; -3.161 ; fetch:fetch_stg|pc_next_o[9]  ; regfile:register_read_stg|GPR~604 ; clk_i        ; clk_i       ; 1.000        ; 0.128      ; 4.276      ;
; -3.160 ; fetch:fetch_stg|pc_next_o[38] ; regfile:register_read_stg|GPR~604 ; clk_i        ; clk_i       ; 1.000        ; 0.138      ; 4.285      ;
; -3.160 ; fetch:fetch_stg|pc_next_o[13] ; regfile:register_read_stg|GPR~601 ; clk_i        ; clk_i       ; 1.000        ; 0.132      ; 4.279      ;
; -3.160 ; fetch:fetch_stg|pc_next_o[9]  ; regfile:register_read_stg|GPR~607 ; clk_i        ; clk_i       ; 1.000        ; 0.128      ; 4.275      ;
; -3.157 ; fetch:fetch_stg|pc_next_o[6]  ; regfile:register_read_stg|GPR~601 ; clk_i        ; clk_i       ; 1.000        ; 0.128      ; 4.272      ;
; -3.155 ; fetch:fetch_stg|pc_next_o[16] ; regfile:register_read_stg|GPR~603 ; clk_i        ; clk_i       ; 1.000        ; 0.132      ; 4.274      ;
; -3.154 ; fetch:fetch_stg|pc_next_o[10] ; regfile:register_read_stg|GPR~598 ; clk_i        ; clk_i       ; 1.000        ; 0.129      ; 4.270      ;
; -3.153 ; fetch:fetch_stg|pc_next_o[16] ; regfile:register_read_stg|GPR~606 ; clk_i        ; clk_i       ; 1.000        ; 0.132      ; 4.272      ;
; -3.152 ; fetch:fetch_stg|pc_next_o[16] ; regfile:register_read_stg|GPR~605 ; clk_i        ; clk_i       ; 1.000        ; 0.132      ; 4.271      ;
; -3.147 ; fetch:fetch_stg|pc_next_o[7]  ; regfile:register_read_stg|GPR~603 ; clk_i        ; clk_i       ; 1.000        ; 0.128      ; 4.262      ;
; -3.145 ; fetch:fetch_stg|pc_next_o[7]  ; regfile:register_read_stg|GPR~606 ; clk_i        ; clk_i       ; 1.000        ; 0.128      ; 4.260      ;
; -3.145 ; fetch:fetch_stg|pc_next_o[16] ; regfile:register_read_stg|GPR~607 ; clk_i        ; clk_i       ; 1.000        ; 0.132      ; 4.264      ;
; -3.144 ; fetch:fetch_stg|pc_next_o[7]  ; regfile:register_read_stg|GPR~605 ; clk_i        ; clk_i       ; 1.000        ; 0.128      ; 4.259      ;
; -3.143 ; fetch:fetch_stg|pc_next_o[9]  ; regfile:register_read_stg|GPR~598 ; clk_i        ; clk_i       ; 1.000        ; 0.129      ; 4.259      ;
; -3.142 ; fetch:fetch_stg|pc_next_o[38] ; regfile:register_read_stg|GPR~598 ; clk_i        ; clk_i       ; 1.000        ; 0.139      ; 4.268      ;
; -3.141 ; fetch:fetch_stg|pc_next_o[36] ; regfile:register_read_stg|GPR~600 ; clk_i        ; clk_i       ; 1.000        ; 0.129      ; 4.257      ;
; -3.137 ; fetch:fetch_stg|pc_next_o[7]  ; regfile:register_read_stg|GPR~607 ; clk_i        ; clk_i       ; 1.000        ; 0.128      ; 4.252      ;
; -3.135 ; fetch:fetch_stg|pc_next_o[34] ; regfile:register_read_stg|GPR~603 ; clk_i        ; clk_i       ; 1.000        ; 0.138      ; 4.260      ;
; -3.134 ; fetch:fetch_stg|pc_next_o[36] ; regfile:register_read_stg|GPR~604 ; clk_i        ; clk_i       ; 1.000        ; 0.138      ; 4.259      ;
; -3.133 ; fetch:fetch_stg|pc_next_o[8]  ; regfile:register_read_stg|GPR~538 ; clk_i        ; clk_i       ; 1.000        ; 0.113      ; 4.233      ;
; -3.133 ; fetch:fetch_stg|pc_next_o[34] ; regfile:register_read_stg|GPR~606 ; clk_i        ; clk_i       ; 1.000        ; 0.138      ; 4.258      ;
; -3.132 ; fetch:fetch_stg|pc_next_o[34] ; regfile:register_read_stg|GPR~605 ; clk_i        ; clk_i       ; 1.000        ; 0.138      ; 4.257      ;
; -3.125 ; fetch:fetch_stg|pc_next_o[34] ; regfile:register_read_stg|GPR~607 ; clk_i        ; clk_i       ; 1.000        ; 0.138      ; 4.250      ;
; -3.125 ; fetch:fetch_stg|pc_next_o[5]  ; regfile:register_read_stg|GPR~601 ; clk_i        ; clk_i       ; 1.000        ; 0.128      ; 4.240      ;
; -3.119 ; fetch:fetch_stg|pc_next_o[8]  ; regfile:register_read_stg|GPR~602 ; clk_i        ; clk_i       ; 1.000        ; 0.128      ; 4.234      ;
; -3.117 ; fetch:fetch_stg|pc_next_o[13] ; regfile:register_read_stg|GPR~538 ; clk_i        ; clk_i       ; 1.000        ; 0.117      ; 4.221      ;
; -3.116 ; fetch:fetch_stg|pc_next_o[30] ; regfile:register_read_stg|GPR~603 ; clk_i        ; clk_i       ; 1.000        ; 0.138      ; 4.241      ;
; -3.116 ; fetch:fetch_stg|pc_next_o[36] ; regfile:register_read_stg|GPR~598 ; clk_i        ; clk_i       ; 1.000        ; 0.139      ; 4.242      ;
; -3.114 ; fetch:fetch_stg|pc_next_o[30] ; regfile:register_read_stg|GPR~606 ; clk_i        ; clk_i       ; 1.000        ; 0.138      ; 4.239      ;
; -3.114 ; fetch:fetch_stg|pc_next_o[25] ; regfile:register_read_stg|GPR~600 ; clk_i        ; clk_i       ; 1.000        ; 0.129      ; 4.230      ;
+--------+-------------------------------+-----------------------------------+--------------+-------------+--------------+------------+------------+


+---------------------------------------------------------------------------------------------------------------------------------------------+
; Fast 1200mV 0C Model Hold: 'clk_i'                                                                                                          ;
+-------+-------------------------------+-------------------------------+--------------+-------------+--------------+------------+------------+
; Slack ; From Node                     ; To Node                       ; Launch Clock ; Latch Clock ; Relationship ; Clock Skew ; Data Delay ;
+-------+-------------------------------+-------------------------------+--------------+-------------+--------------+------------+------------+
; 0.267 ; fetch:fetch_stg|pc_next_o[40] ; fetch:fetch_stg|pc_next_o[40] ; clk_i        ; clk_i       ; 0.000        ; 0.041      ; 0.392      ;
; 0.287 ; fetch:fetch_stg|pc_next_o[11] ; fetch:fetch_stg|pc_next_o[11] ; clk_i        ; clk_i       ; 0.000        ; 0.042      ; 0.413      ;
; 0.291 ; fetch:fetch_stg|pc_next_o[29] ; fetch:fetch_stg|pc_next_o[29] ; clk_i        ; clk_i       ; 0.000        ; 0.041      ; 0.416      ;
; 0.293 ; fetch:fetch_stg|pc_next_o[4]  ; fetch:fetch_stg|pc_next_o[4]  ; clk_i        ; clk_i       ; 0.000        ; 0.042      ; 0.419      ;
; 0.294 ; fetch:fetch_stg|pc_next_o[32] ; fetch:fetch_stg|pc_next_o[32] ; clk_i        ; clk_i       ; 0.000        ; 0.041      ; 0.419      ;
; 0.296 ; fetch:fetch_stg|pc_next_o[10] ; fetch:fetch_stg|pc_next_o[10] ; clk_i        ; clk_i       ; 0.000        ; 0.042      ; 0.422      ;
; 0.298 ; fetch:fetch_stg|pc_next_o[19] ; fetch:fetch_stg|pc_next_o[19] ; clk_i        ; clk_i       ; 0.000        ; 0.042      ; 0.424      ;
; 0.298 ; fetch:fetch_stg|pc_next_o[13] ; fetch:fetch_stg|pc_next_o[13] ; clk_i        ; clk_i       ; 0.000        ; 0.042      ; 0.424      ;
; 0.298 ; fetch:fetch_stg|pc_next_o[12] ; fetch:fetch_stg|pc_next_o[12] ; clk_i        ; clk_i       ; 0.000        ; 0.042      ; 0.424      ;
; 0.299 ; fetch:fetch_stg|pc_next_o[18] ; fetch:fetch_stg|pc_next_o[18] ; clk_i        ; clk_i       ; 0.000        ; 0.042      ; 0.425      ;
; 0.299 ; fetch:fetch_stg|pc_next_o[16] ; fetch:fetch_stg|pc_next_o[16] ; clk_i        ; clk_i       ; 0.000        ; 0.042      ; 0.425      ;
; 0.299 ; fetch:fetch_stg|pc_next_o[15] ; fetch:fetch_stg|pc_next_o[15] ; clk_i        ; clk_i       ; 0.000        ; 0.042      ; 0.425      ;
; 0.300 ; fetch:fetch_stg|pc_next_o[17] ; fetch:fetch_stg|pc_next_o[17] ; clk_i        ; clk_i       ; 0.000        ; 0.042      ; 0.426      ;
; 0.300 ; fetch:fetch_stg|pc_next_o[14] ; fetch:fetch_stg|pc_next_o[14] ; clk_i        ; clk_i       ; 0.000        ; 0.042      ; 0.426      ;
; 0.301 ; fetch:fetch_stg|pc_next_o[22] ; fetch:fetch_stg|pc_next_o[22] ; clk_i        ; clk_i       ; 0.000        ; 0.042      ; 0.427      ;
; 0.308 ; fetch:fetch_stg|pc_next_o[2]  ; fetch:fetch_stg|pc_next_o[2]  ; clk_i        ; clk_i       ; 0.000        ; 0.042      ; 0.434      ;
; 0.309 ; fetch:fetch_stg|pc_next_o[3]  ; fetch:fetch_stg|pc_next_o[3]  ; clk_i        ; clk_i       ; 0.000        ; 0.042      ; 0.435      ;
; 0.362 ; fetch:fetch_stg|pc_next_o[38] ; fetch:fetch_stg|pc_next_o[38] ; clk_i        ; clk_i       ; 0.000        ; 0.041      ; 0.487      ;
; 0.365 ; fetch:fetch_stg|pc_next_o[31] ; fetch:fetch_stg|pc_next_o[31] ; clk_i        ; clk_i       ; 0.000        ; 0.041      ; 0.490      ;
; 0.365 ; fetch:fetch_stg|pc_next_o[5]  ; fetch:fetch_stg|pc_next_o[5]  ; clk_i        ; clk_i       ; 0.000        ; 0.042      ; 0.491      ;
; 0.366 ; fetch:fetch_stg|pc_next_o[7]  ; fetch:fetch_stg|pc_next_o[7]  ; clk_i        ; clk_i       ; 0.000        ; 0.042      ; 0.492      ;
; 0.367 ; fetch:fetch_stg|pc_next_o[8]  ; fetch:fetch_stg|pc_next_o[8]  ; clk_i        ; clk_i       ; 0.000        ; 0.042      ; 0.493      ;
; 0.368 ; fetch:fetch_stg|pc_next_o[39] ; fetch:fetch_stg|pc_next_o[39] ; clk_i        ; clk_i       ; 0.000        ; 0.041      ; 0.493      ;
; 0.368 ; fetch:fetch_stg|pc_next_o[37] ; fetch:fetch_stg|pc_next_o[37] ; clk_i        ; clk_i       ; 0.000        ; 0.041      ; 0.493      ;
; 0.370 ; fetch:fetch_stg|pc_next_o[9]  ; fetch:fetch_stg|pc_next_o[9]  ; clk_i        ; clk_i       ; 0.000        ; 0.042      ; 0.496      ;
; 0.371 ; fetch:fetch_stg|pc_next_o[6]  ; fetch:fetch_stg|pc_next_o[6]  ; clk_i        ; clk_i       ; 0.000        ; 0.042      ; 0.497      ;
; 0.436 ; fetch:fetch_stg|pc_next_o[11] ; fetch:fetch_stg|pc_next_o[12] ; clk_i        ; clk_i       ; 0.000        ; 0.042      ; 0.562      ;
; 0.440 ; fetch:fetch_stg|pc_next_o[29] ; fetch:fetch_stg|pc_next_o[30] ; clk_i        ; clk_i       ; 0.000        ; 0.041      ; 0.565      ;
; 0.447 ; fetch:fetch_stg|pc_next_o[13] ; fetch:fetch_stg|pc_next_o[14] ; clk_i        ; clk_i       ; 0.000        ; 0.042      ; 0.573      ;
; 0.448 ; fetch:fetch_stg|pc_next_o[15] ; fetch:fetch_stg|pc_next_o[16] ; clk_i        ; clk_i       ; 0.000        ; 0.042      ; 0.574      ;
; 0.449 ; fetch:fetch_stg|pc_next_o[17] ; fetch:fetch_stg|pc_next_o[18] ; clk_i        ; clk_i       ; 0.000        ; 0.042      ; 0.575      ;
; 0.451 ; fetch:fetch_stg|pc_next_o[4]  ; fetch:fetch_stg|pc_next_o[5]  ; clk_i        ; clk_i       ; 0.000        ; 0.042      ; 0.577      ;
; 0.454 ; fetch:fetch_stg|pc_next_o[10] ; fetch:fetch_stg|pc_next_o[11] ; clk_i        ; clk_i       ; 0.000        ; 0.042      ; 0.580      ;
; 0.454 ; fetch:fetch_stg|pc_next_o[4]  ; fetch:fetch_stg|pc_next_o[6]  ; clk_i        ; clk_i       ; 0.000        ; 0.042      ; 0.580      ;
; 0.457 ; fetch:fetch_stg|pc_next_o[18] ; fetch:fetch_stg|pc_next_o[19] ; clk_i        ; clk_i       ; 0.000        ; 0.042      ; 0.583      ;
; 0.457 ; fetch:fetch_stg|pc_next_o[16] ; fetch:fetch_stg|pc_next_o[17] ; clk_i        ; clk_i       ; 0.000        ; 0.042      ; 0.583      ;
; 0.457 ; fetch:fetch_stg|pc_next_o[2]  ; fetch:fetch_stg|pc_next_o[3]  ; clk_i        ; clk_i       ; 0.000        ; 0.042      ; 0.583      ;
; 0.457 ; fetch:fetch_stg|pc_next_o[10] ; fetch:fetch_stg|pc_next_o[12] ; clk_i        ; clk_i       ; 0.000        ; 0.042      ; 0.583      ;
; 0.458 ; fetch:fetch_stg|pc_next_o[3]  ; fetch:fetch_stg|pc_next_o[4]  ; clk_i        ; clk_i       ; 0.000        ; 0.042      ; 0.584      ;
; 0.458 ; fetch:fetch_stg|pc_next_o[14] ; fetch:fetch_stg|pc_next_o[15] ; clk_i        ; clk_i       ; 0.000        ; 0.042      ; 0.584      ;
; 0.460 ; fetch:fetch_stg|pc_next_o[12] ; fetch:fetch_stg|pc_next_o[13] ; clk_i        ; clk_i       ; 0.000        ; 0.038      ; 0.582      ;
; 0.460 ; fetch:fetch_stg|pc_next_o[16] ; fetch:fetch_stg|pc_next_o[18] ; clk_i        ; clk_i       ; 0.000        ; 0.042      ; 0.586      ;
; 0.460 ; fetch:fetch_stg|pc_next_o[2]  ; fetch:fetch_stg|pc_next_o[4]  ; clk_i        ; clk_i       ; 0.000        ; 0.042      ; 0.586      ;
; 0.461 ; fetch:fetch_stg|pc_next_o[14] ; fetch:fetch_stg|pc_next_o[16] ; clk_i        ; clk_i       ; 0.000        ; 0.042      ; 0.587      ;
; 0.463 ; fetch:fetch_stg|pc_next_o[12] ; fetch:fetch_stg|pc_next_o[14] ; clk_i        ; clk_i       ; 0.000        ; 0.038      ; 0.585      ;
; 0.486 ; fetch:fetch_stg|pc_next_o[30] ; fetch:fetch_stg|pc_next_o[30] ; clk_i        ; clk_i       ; 0.000        ; 0.041      ; 0.611      ;
; 0.503 ; fetch:fetch_stg|pc_next_o[29] ; fetch:fetch_stg|pc_next_o[31] ; clk_i        ; clk_i       ; 0.000        ; 0.041      ; 0.628      ;
; 0.503 ; fetch:fetch_stg|pc_next_o[11] ; fetch:fetch_stg|pc_next_o[13] ; clk_i        ; clk_i       ; 0.000        ; 0.038      ; 0.625      ;
; 0.506 ; fetch:fetch_stg|pc_next_o[29] ; fetch:fetch_stg|pc_next_o[32] ; clk_i        ; clk_i       ; 0.000        ; 0.041      ; 0.631      ;
; 0.506 ; fetch:fetch_stg|pc_next_o[11] ; fetch:fetch_stg|pc_next_o[14] ; clk_i        ; clk_i       ; 0.000        ; 0.038      ; 0.628      ;
; 0.510 ; fetch:fetch_stg|pc_next_o[13] ; fetch:fetch_stg|pc_next_o[15] ; clk_i        ; clk_i       ; 0.000        ; 0.042      ; 0.636      ;
; 0.511 ; fetch:fetch_stg|pc_next_o[15] ; fetch:fetch_stg|pc_next_o[17] ; clk_i        ; clk_i       ; 0.000        ; 0.042      ; 0.637      ;
; 0.512 ; fetch:fetch_stg|pc_next_o[17] ; fetch:fetch_stg|pc_next_o[19] ; clk_i        ; clk_i       ; 0.000        ; 0.042      ; 0.638      ;
; 0.513 ; fetch:fetch_stg|pc_next_o[19] ; fetch:fetch_stg|pc_next_o[22] ; clk_i        ; clk_i       ; 0.000        ; 0.042      ; 0.639      ;
; 0.513 ; fetch:fetch_stg|pc_next_o[13] ; fetch:fetch_stg|pc_next_o[16] ; clk_i        ; clk_i       ; 0.000        ; 0.042      ; 0.639      ;
; 0.514 ; fetch:fetch_stg|pc_next_o[5]  ; fetch:fetch_stg|pc_next_o[6]  ; clk_i        ; clk_i       ; 0.000        ; 0.042      ; 0.640      ;
; 0.514 ; fetch:fetch_stg|pc_next_o[15] ; fetch:fetch_stg|pc_next_o[18] ; clk_i        ; clk_i       ; 0.000        ; 0.042      ; 0.640      ;
; 0.514 ; fetch:fetch_stg|pc_next_o[31] ; fetch:fetch_stg|pc_next_o[32] ; clk_i        ; clk_i       ; 0.000        ; 0.041      ; 0.639      ;
; 0.515 ; fetch:fetch_stg|pc_next_o[7]  ; fetch:fetch_stg|pc_next_o[8]  ; clk_i        ; clk_i       ; 0.000        ; 0.042      ; 0.641      ;
; 0.517 ; fetch:fetch_stg|pc_next_o[39] ; fetch:fetch_stg|pc_next_o[40] ; clk_i        ; clk_i       ; 0.000        ; 0.041      ; 0.642      ;
; 0.517 ; fetch:fetch_stg|pc_next_o[37] ; fetch:fetch_stg|pc_next_o[38] ; clk_i        ; clk_i       ; 0.000        ; 0.041      ; 0.642      ;
; 0.517 ; fetch:fetch_stg|pc_next_o[4]  ; fetch:fetch_stg|pc_next_o[7]  ; clk_i        ; clk_i       ; 0.000        ; 0.042      ; 0.643      ;
; 0.519 ; fetch:fetch_stg|pc_next_o[9]  ; fetch:fetch_stg|pc_next_o[10] ; clk_i        ; clk_i       ; 0.000        ; 0.042      ; 0.645      ;
; 0.520 ; fetch:fetch_stg|pc_next_o[38] ; fetch:fetch_stg|pc_next_o[39] ; clk_i        ; clk_i       ; 0.000        ; 0.041      ; 0.645      ;
; 0.520 ; fetch:fetch_stg|pc_next_o[4]  ; fetch:fetch_stg|pc_next_o[8]  ; clk_i        ; clk_i       ; 0.000        ; 0.042      ; 0.646      ;
; 0.521 ; fetch:fetch_stg|pc_next_o[3]  ; fetch:fetch_stg|pc_next_o[5]  ; clk_i        ; clk_i       ; 0.000        ; 0.042      ; 0.647      ;
; 0.523 ; fetch:fetch_stg|pc_next_o[16] ; fetch:fetch_stg|pc_next_o[19] ; clk_i        ; clk_i       ; 0.000        ; 0.042      ; 0.649      ;
; 0.523 ; fetch:fetch_stg|pc_next_o[38] ; fetch:fetch_stg|pc_next_o[40] ; clk_i        ; clk_i       ; 0.000        ; 0.041      ; 0.648      ;
; 0.523 ; fetch:fetch_stg|pc_next_o[2]  ; fetch:fetch_stg|pc_next_o[5]  ; clk_i        ; clk_i       ; 0.000        ; 0.042      ; 0.649      ;
; 0.524 ; fetch:fetch_stg|pc_next_o[3]  ; fetch:fetch_stg|pc_next_o[6]  ; clk_i        ; clk_i       ; 0.000        ; 0.042      ; 0.650      ;
; 0.524 ; fetch:fetch_stg|pc_next_o[10] ; fetch:fetch_stg|pc_next_o[13] ; clk_i        ; clk_i       ; 0.000        ; 0.038      ; 0.646      ;
; 0.524 ; fetch:fetch_stg|pc_next_o[14] ; fetch:fetch_stg|pc_next_o[17] ; clk_i        ; clk_i       ; 0.000        ; 0.042      ; 0.650      ;
; 0.525 ; fetch:fetch_stg|pc_next_o[8]  ; fetch:fetch_stg|pc_next_o[9]  ; clk_i        ; clk_i       ; 0.000        ; 0.042      ; 0.651      ;
; 0.526 ; fetch:fetch_stg|pc_next_o[12] ; fetch:fetch_stg|pc_next_o[15] ; clk_i        ; clk_i       ; 0.000        ; 0.038      ; 0.648      ;
; 0.526 ; fetch:fetch_stg|pc_next_o[18] ; fetch:fetch_stg|pc_next_o[22] ; clk_i        ; clk_i       ; 0.000        ; 0.042      ; 0.652      ;
; 0.526 ; fetch:fetch_stg|pc_next_o[2]  ; fetch:fetch_stg|pc_next_o[6]  ; clk_i        ; clk_i       ; 0.000        ; 0.042      ; 0.652      ;
; 0.527 ; fetch:fetch_stg|pc_next_o[10] ; fetch:fetch_stg|pc_next_o[14] ; clk_i        ; clk_i       ; 0.000        ; 0.038      ; 0.649      ;
; 0.527 ; fetch:fetch_stg|pc_next_o[14] ; fetch:fetch_stg|pc_next_o[18] ; clk_i        ; clk_i       ; 0.000        ; 0.042      ; 0.653      ;
; 0.528 ; fetch:fetch_stg|pc_next_o[8]  ; fetch:fetch_stg|pc_next_o[10] ; clk_i        ; clk_i       ; 0.000        ; 0.042      ; 0.654      ;
; 0.529 ; fetch:fetch_stg|pc_next_o[12] ; fetch:fetch_stg|pc_next_o[16] ; clk_i        ; clk_i       ; 0.000        ; 0.038      ; 0.651      ;
; 0.529 ; fetch:fetch_stg|pc_next_o[6]  ; fetch:fetch_stg|pc_next_o[7]  ; clk_i        ; clk_i       ; 0.000        ; 0.042      ; 0.655      ;
; 0.532 ; fetch:fetch_stg|pc_next_o[6]  ; fetch:fetch_stg|pc_next_o[8]  ; clk_i        ; clk_i       ; 0.000        ; 0.042      ; 0.658      ;
; 0.569 ; fetch:fetch_stg|pc_next_o[11] ; fetch:fetch_stg|pc_next_o[15] ; clk_i        ; clk_i       ; 0.000        ; 0.038      ; 0.691      ;
; 0.572 ; fetch:fetch_stg|pc_next_o[11] ; fetch:fetch_stg|pc_next_o[16] ; clk_i        ; clk_i       ; 0.000        ; 0.038      ; 0.694      ;
; 0.576 ; fetch:fetch_stg|pc_next_o[13] ; fetch:fetch_stg|pc_next_o[17] ; clk_i        ; clk_i       ; 0.000        ; 0.042      ; 0.702      ;
; 0.577 ; fetch:fetch_stg|pc_next_o[5]  ; fetch:fetch_stg|pc_next_o[7]  ; clk_i        ; clk_i       ; 0.000        ; 0.042      ; 0.703      ;
; 0.577 ; fetch:fetch_stg|pc_next_o[15] ; fetch:fetch_stg|pc_next_o[19] ; clk_i        ; clk_i       ; 0.000        ; 0.042      ; 0.703      ;
; 0.578 ; fetch:fetch_stg|pc_next_o[7]  ; fetch:fetch_stg|pc_next_o[9]  ; clk_i        ; clk_i       ; 0.000        ; 0.042      ; 0.704      ;
; 0.579 ; fetch:fetch_stg|pc_next_o[13] ; fetch:fetch_stg|pc_next_o[18] ; clk_i        ; clk_i       ; 0.000        ; 0.042      ; 0.705      ;
; 0.580 ; fetch:fetch_stg|pc_next_o[37] ; fetch:fetch_stg|pc_next_o[39] ; clk_i        ; clk_i       ; 0.000        ; 0.041      ; 0.705      ;
; 0.580 ; fetch:fetch_stg|pc_next_o[5]  ; fetch:fetch_stg|pc_next_o[8]  ; clk_i        ; clk_i       ; 0.000        ; 0.042      ; 0.706      ;
; 0.581 ; fetch:fetch_stg|pc_next_o[17] ; fetch:fetch_stg|pc_next_o[22] ; clk_i        ; clk_i       ; 0.000        ; 0.042      ; 0.707      ;
; 0.581 ; fetch:fetch_stg|pc_next_o[7]  ; fetch:fetch_stg|pc_next_o[10] ; clk_i        ; clk_i       ; 0.000        ; 0.042      ; 0.707      ;
; 0.582 ; fetch:fetch_stg|pc_next_o[9]  ; fetch:fetch_stg|pc_next_o[11] ; clk_i        ; clk_i       ; 0.000        ; 0.042      ; 0.708      ;
; 0.583 ; fetch:fetch_stg|pc_next_o[37] ; fetch:fetch_stg|pc_next_o[40] ; clk_i        ; clk_i       ; 0.000        ; 0.041      ; 0.708      ;
; 0.583 ; fetch:fetch_stg|pc_next_o[4]  ; fetch:fetch_stg|pc_next_o[9]  ; clk_i        ; clk_i       ; 0.000        ; 0.042      ; 0.709      ;
; 0.584 ; fetch:fetch_stg|pc_next_o[32] ; fetch:fetch_stg|pc_next_o[37] ; clk_i        ; clk_i       ; 0.000        ; 0.041      ; 0.709      ;
; 0.585 ; fetch:fetch_stg|pc_next_o[9]  ; fetch:fetch_stg|pc_next_o[12] ; clk_i        ; clk_i       ; 0.000        ; 0.042      ; 0.711      ;
; 0.586 ; fetch:fetch_stg|pc_next_o[4]  ; fetch:fetch_stg|pc_next_o[10] ; clk_i        ; clk_i       ; 0.000        ; 0.042      ; 0.712      ;
; 0.587 ; fetch:fetch_stg|pc_next_o[32] ; fetch:fetch_stg|pc_next_o[38] ; clk_i        ; clk_i       ; 0.000        ; 0.041      ; 0.712      ;
+-------+-------------------------------+-------------------------------+--------------+-------------+--------------+------------+------------+


----------------------------------------------
; Fast 1200mV 0C Model Metastability Summary ;
----------------------------------------------
No synchronizer chains to report.


+--------------------------------------------------------------------------------+
; Multicorner Timing Analysis Summary                                            ;
+------------------+----------+-------+----------+---------+---------------------+
; Clock            ; Setup    ; Hold  ; Recovery ; Removal ; Minimum Pulse Width ;
+------------------+----------+-------+----------+---------+---------------------+
; Worst-case Slack ; -7.839   ; 0.267 ; N/A      ; N/A     ; -3.000              ;
;  clk_i           ; -7.839   ; 0.267 ; N/A      ; N/A     ; -3.000              ;
; Design-wide TNS  ; -525.728 ; 0.0   ; 0.0      ; 0.0     ; -135.355            ;
;  clk_i           ; -525.728 ; 0.000 ; N/A      ; N/A     ; -135.355            ;
+------------------+----------+-------+----------+---------+---------------------+


+------------------------------------------------------------------------------------------------------------------------------------------------------------------------------------------------------------------------------------------------------------------------------------------------------------------------------------------------------------------------------------------------------------------+
; Board Trace Model Assignments                                                                                                                                                                                                                                                                                                                                                                                    ;
+---------------+--------------+-------------------+-------------------------+-------------------------+---------------+---------------------+----------------+------------------+--------+------------------+------------------------+------------------------+--------------+---------------+-----------------+-------+---------------------+--------------------+---------------+-----------------+-------------+
; Pin           ; I/O Standard ; Near Tline Length ; Near Tline L per Length ; Near Tline C per Length ; Near Series R ; Near Differential R ; Near Pull-up R ; Near Pull-down R ; Near C ; Far Tline Length ; Far Tline L per Length ; Far Tline C per Length ; Far Series R ; Far Pull-up R ; Far Pull-down R ; Far C ; Termination Voltage ; Far Differential R ; EBD File Name ; EBD Signal Name ; EBD Far-end ;
+---------------+--------------+-------------------+-------------------------+-------------------------+---------------+---------------------+----------------+------------------+--------+------------------+------------------------+------------------------+--------------+---------------+-----------------+-------+---------------------+--------------------+---------------+-----------------+-------------+
; monitor_o[0]  ; 2.5 V        ; 0 in              ; 0 H/in                  ; 0 F/in                  ; short         ; -                   ; open           ; open             ; open   ; 0 in             ; 0 H/in                 ; 0 F/in                 ; short        ; open          ; open            ; open  ; 0 V                 ; -                  ; n/a           ; n/a             ; n/a         ;
; monitor_o[1]  ; 2.5 V        ; 0 in              ; 0 H/in                  ; 0 F/in                  ; short         ; -                   ; open           ; open             ; open   ; 0 in             ; 0 H/in                 ; 0 F/in                 ; short        ; open          ; open            ; open  ; 0 V                 ; -                  ; n/a           ; n/a             ; n/a         ;
; monitor_o[2]  ; 2.5 V        ; 0 in              ; 0 H/in                  ; 0 F/in                  ; short         ; -                   ; open           ; open             ; open   ; 0 in             ; 0 H/in                 ; 0 F/in                 ; short        ; open          ; open            ; open  ; 0 V                 ; -                  ; n/a           ; n/a             ; n/a         ;
; monitor_o[3]  ; 2.5 V        ; 0 in              ; 0 H/in                  ; 0 F/in                  ; short         ; -                   ; open           ; open             ; open   ; 0 in             ; 0 H/in                 ; 0 F/in                 ; short        ; open          ; open            ; open  ; 0 V                 ; -                  ; n/a           ; n/a             ; n/a         ;
; monitor_o[4]  ; 2.5 V        ; 0 in              ; 0 H/in                  ; 0 F/in                  ; short         ; -                   ; open           ; open             ; open   ; 0 in             ; 0 H/in                 ; 0 F/in                 ; short        ; open          ; open            ; open  ; 0 V                 ; -                  ; n/a           ; n/a             ; n/a         ;
; monitor_o[5]  ; 2.5 V        ; 0 in              ; 0 H/in                  ; 0 F/in                  ; short         ; -                   ; open           ; open             ; open   ; 0 in             ; 0 H/in                 ; 0 F/in                 ; short        ; open          ; open            ; open  ; 0 V                 ; -                  ; n/a           ; n/a             ; n/a         ;
; monitor_o[6]  ; 2.5 V        ; 0 in              ; 0 H/in                  ; 0 F/in                  ; short         ; -                   ; open           ; open             ; open   ; 0 in             ; 0 H/in                 ; 0 F/in                 ; short        ; open          ; open            ; open  ; 0 V                 ; -                  ; n/a           ; n/a             ; n/a         ;
; monitor_o[7]  ; 2.5 V        ; 0 in              ; 0 H/in                  ; 0 F/in                  ; short         ; -                   ; open           ; open             ; open   ; 0 in             ; 0 H/in                 ; 0 F/in                 ; short        ; open          ; open            ; open  ; 0 V                 ; -                  ; n/a           ; n/a             ; n/a         ;
; monitor_o[8]  ; 2.5 V        ; 0 in              ; 0 H/in                  ; 0 F/in                  ; short         ; -                   ; open           ; open             ; open   ; 0 in             ; 0 H/in                 ; 0 F/in                 ; short        ; open          ; open            ; open  ; 0 V                 ; -                  ; n/a           ; n/a             ; n/a         ;
; monitor_o[9]  ; 2.5 V        ; 0 in              ; 0 H/in                  ; 0 F/in                  ; short         ; -                   ; open           ; open             ; open   ; 0 in             ; 0 H/in                 ; 0 F/in                 ; short        ; open          ; open            ; open  ; 0 V                 ; -                  ; n/a           ; n/a             ; n/a         ;
; monitor_o[10] ; 2.5 V        ; 0 in              ; 0 H/in                  ; 0 F/in                  ; short         ; -                   ; open           ; open             ; open   ; 0 in             ; 0 H/in                 ; 0 F/in                 ; short        ; open          ; open            ; open  ; 0 V                 ; -                  ; n/a           ; n/a             ; n/a         ;
; monitor_o[11] ; 2.5 V        ; 0 in              ; 0 H/in                  ; 0 F/in                  ; short         ; -                   ; open           ; open             ; open   ; 0 in             ; 0 H/in                 ; 0 F/in                 ; short        ; open          ; open            ; open  ; 0 V                 ; -                  ; n/a           ; n/a             ; n/a         ;
; monitor_o[12] ; 2.5 V        ; 0 in              ; 0 H/in                  ; 0 F/in                  ; short         ; -                   ; open           ; open             ; open   ; 0 in             ; 0 H/in                 ; 0 F/in                 ; short        ; open          ; open            ; open  ; 0 V                 ; -                  ; n/a           ; n/a             ; n/a         ;
; monitor_o[13] ; 2.5 V        ; 0 in              ; 0 H/in                  ; 0 F/in                  ; short         ; -                   ; open           ; open             ; open   ; 0 in             ; 0 H/in                 ; 0 F/in                 ; short        ; open          ; open            ; open  ; 0 V                 ; -                  ; n/a           ; n/a             ; n/a         ;
; monitor_o[14] ; 2.5 V        ; 0 in              ; 0 H/in                  ; 0 F/in                  ; short         ; -                   ; open           ; open             ; open   ; 0 in             ; 0 H/in                 ; 0 F/in                 ; short        ; open          ; open            ; open  ; 0 V                 ; -                  ; n/a           ; n/a             ; n/a         ;
; monitor_o[15] ; 2.5 V        ; 0 in              ; 0 H/in                  ; 0 F/in                  ; short         ; -                   ; open           ; open             ; open   ; 0 in             ; 0 H/in                 ; 0 F/in                 ; short        ; open          ; open            ; open  ; 0 V                 ; -                  ; n/a           ; n/a             ; n/a         ;
; monitor_o[16] ; 2.5 V        ; 0 in              ; 0 H/in                  ; 0 F/in                  ; short         ; -                   ; open           ; open             ; open   ; 0 in             ; 0 H/in                 ; 0 F/in                 ; short        ; open          ; open            ; open  ; 0 V                 ; -                  ; n/a           ; n/a             ; n/a         ;
; monitor_o[17] ; 2.5 V        ; 0 in              ; 0 H/in                  ; 0 F/in                  ; short         ; -                   ; open           ; open             ; open   ; 0 in             ; 0 H/in                 ; 0 F/in                 ; short        ; open          ; open            ; open  ; 0 V                 ; -                  ; n/a           ; n/a             ; n/a         ;
; monitor_o[18] ; 2.5 V        ; 0 in              ; 0 H/in                  ; 0 F/in                  ; short         ; -                   ; open           ; open             ; open   ; 0 in             ; 0 H/in                 ; 0 F/in                 ; short        ; open          ; open            ; open  ; 0 V                 ; -                  ; n/a           ; n/a             ; n/a         ;
; monitor_o[19] ; 2.5 V        ; 0 in              ; 0 H/in                  ; 0 F/in                  ; short         ; -                   ; open           ; open             ; open   ; 0 in             ; 0 H/in                 ; 0 F/in                 ; short        ; open          ; open            ; open  ; 0 V                 ; -                  ; n/a           ; n/a             ; n/a         ;
; monitor_o[20] ; 2.5 V        ; 0 in              ; 0 H/in                  ; 0 F/in                  ; short         ; -                   ; open           ; open             ; open   ; 0 in             ; 0 H/in                 ; 0 F/in                 ; short        ; open          ; open            ; open  ; 0 V                 ; -                  ; n/a           ; n/a             ; n/a         ;
; monitor_o[21] ; 2.5 V        ; 0 in              ; 0 H/in                  ; 0 F/in                  ; short         ; -                   ; open           ; open             ; open   ; 0 in             ; 0 H/in                 ; 0 F/in                 ; short        ; open          ; open            ; open  ; 0 V                 ; -                  ; n/a           ; n/a             ; n/a         ;
; monitor_o[22] ; 2.5 V        ; 0 in              ; 0 H/in                  ; 0 F/in                  ; short         ; -                   ; open           ; open             ; open   ; 0 in             ; 0 H/in                 ; 0 F/in                 ; short        ; open          ; open            ; open  ; 0 V                 ; -                  ; n/a           ; n/a             ; n/a         ;
; monitor_o[23] ; 2.5 V        ; 0 in              ; 0 H/in                  ; 0 F/in                  ; short         ; -                   ; open           ; open             ; open   ; 0 in             ; 0 H/in                 ; 0 F/in                 ; short        ; open          ; open            ; open  ; 0 V                 ; -                  ; n/a           ; n/a             ; n/a         ;
; monitor_o[24] ; 2.5 V        ; 0 in              ; 0 H/in                  ; 0 F/in                  ; short         ; -                   ; open           ; open             ; open   ; 0 in             ; 0 H/in                 ; 0 F/in                 ; short        ; open          ; open            ; open  ; 0 V                 ; -                  ; n/a           ; n/a             ; n/a         ;
; monitor_o[25] ; 2.5 V        ; 0 in              ; 0 H/in                  ; 0 F/in                  ; short         ; -                   ; open           ; open             ; open   ; 0 in             ; 0 H/in                 ; 0 F/in                 ; short        ; open          ; open            ; open  ; 0 V                 ; -                  ; n/a           ; n/a             ; n/a         ;
; monitor_o[26] ; 2.5 V        ; 0 in              ; 0 H/in                  ; 0 F/in                  ; short         ; -                   ; open           ; open             ; open   ; 0 in             ; 0 H/in                 ; 0 F/in                 ; short        ; open          ; open            ; open  ; 0 V                 ; -                  ; n/a           ; n/a             ; n/a         ;
; monitor_o[27] ; 2.5 V        ; 0 in              ; 0 H/in                  ; 0 F/in                  ; short         ; -                   ; open           ; open             ; open   ; 0 in             ; 0 H/in                 ; 0 F/in                 ; short        ; open          ; open            ; open  ; 0 V                 ; -                  ; n/a           ; n/a             ; n/a         ;
; monitor_o[28] ; 2.5 V        ; 0 in              ; 0 H/in                  ; 0 F/in                  ; short         ; -                   ; open           ; open             ; open   ; 0 in             ; 0 H/in                 ; 0 F/in                 ; short        ; open          ; open            ; open  ; 0 V                 ; -                  ; n/a           ; n/a             ; n/a         ;
; monitor_o[29] ; 2.5 V        ; 0 in              ; 0 H/in                  ; 0 F/in                  ; short         ; -                   ; open           ; open             ; open   ; 0 in             ; 0 H/in                 ; 0 F/in                 ; short        ; open          ; open            ; open  ; 0 V                 ; -                  ; n/a           ; n/a             ; n/a         ;
; monitor_o[30] ; 2.5 V        ; 0 in              ; 0 H/in                  ; 0 F/in                  ; short         ; -                   ; open           ; open             ; open   ; 0 in             ; 0 H/in                 ; 0 F/in                 ; short        ; open          ; open            ; open  ; 0 V                 ; -                  ; n/a           ; n/a             ; n/a         ;
; monitor_o[31] ; 2.5 V        ; 0 in              ; 0 H/in                  ; 0 F/in                  ; short         ; -                   ; open           ; open             ; open   ; 0 in             ; 0 H/in                 ; 0 F/in                 ; short        ; open          ; open            ; open  ; 0 V                 ; -                  ; n/a           ; n/a             ; n/a         ;
; monitor_o[32] ; 2.5 V        ; 0 in              ; 0 H/in                  ; 0 F/in                  ; short         ; -                   ; open           ; open             ; open   ; 0 in             ; 0 H/in                 ; 0 F/in                 ; short        ; open          ; open            ; open  ; 0 V                 ; -                  ; n/a           ; n/a             ; n/a         ;
; monitor_o[33] ; 2.5 V        ; 0 in              ; 0 H/in                  ; 0 F/in                  ; short         ; -                   ; open           ; open             ; open   ; 0 in             ; 0 H/in                 ; 0 F/in                 ; short        ; open          ; open            ; open  ; 0 V                 ; -                  ; n/a           ; n/a             ; n/a         ;
; monitor_o[34] ; 2.5 V        ; 0 in              ; 0 H/in                  ; 0 F/in                  ; short         ; -                   ; open           ; open             ; open   ; 0 in             ; 0 H/in                 ; 0 F/in                 ; short        ; open          ; open            ; open  ; 0 V                 ; -                  ; n/a           ; n/a             ; n/a         ;
; monitor_o[35] ; 2.5 V        ; 0 in              ; 0 H/in                  ; 0 F/in                  ; short         ; -                   ; open           ; open             ; open   ; 0 in             ; 0 H/in                 ; 0 F/in                 ; short        ; open          ; open            ; open  ; 0 V                 ; -                  ; n/a           ; n/a             ; n/a         ;
; monitor_o[36] ; 2.5 V        ; 0 in              ; 0 H/in                  ; 0 F/in                  ; short         ; -                   ; open           ; open             ; open   ; 0 in             ; 0 H/in                 ; 0 F/in                 ; short        ; open          ; open            ; open  ; 0 V                 ; -                  ; n/a           ; n/a             ; n/a         ;
; monitor_o[37] ; 2.5 V        ; 0 in              ; 0 H/in                  ; 0 F/in                  ; short         ; -                   ; open           ; open             ; open   ; 0 in             ; 0 H/in                 ; 0 F/in                 ; short        ; open          ; open            ; open  ; 0 V                 ; -                  ; n/a           ; n/a             ; n/a         ;
; monitor_o[38] ; 2.5 V        ; 0 in              ; 0 H/in                  ; 0 F/in                  ; short         ; -                   ; open           ; open             ; open   ; 0 in             ; 0 H/in                 ; 0 F/in                 ; short        ; open          ; open            ; open  ; 0 V                 ; -                  ; n/a           ; n/a             ; n/a         ;
; monitor_o[39] ; 2.5 V        ; 0 in              ; 0 H/in                  ; 0 F/in                  ; short         ; -                   ; open           ; open             ; open   ; 0 in             ; 0 H/in                 ; 0 F/in                 ; short        ; open          ; open            ; open  ; 0 V                 ; -                  ; n/a           ; n/a             ; n/a         ;
; monitor_o[40] ; 2.5 V        ; 0 in              ; 0 H/in                  ; 0 F/in                  ; short         ; -                   ; open           ; open             ; open   ; 0 in             ; 0 H/in                 ; 0 F/in                 ; short        ; open          ; open            ; open  ; 0 V                 ; -                  ; n/a           ; n/a             ; n/a         ;
; monitor_o[41] ; 2.5 V        ; 0 in              ; 0 H/in                  ; 0 F/in                  ; short         ; -                   ; open           ; open             ; open   ; 0 in             ; 0 H/in                 ; 0 F/in                 ; short        ; open          ; open            ; open  ; 0 V                 ; -                  ; n/a           ; n/a             ; n/a         ;
; monitor_o[42] ; 2.5 V        ; 0 in              ; 0 H/in                  ; 0 F/in                  ; short         ; -                   ; open           ; open             ; open   ; 0 in             ; 0 H/in                 ; 0 F/in                 ; short        ; open          ; open            ; open  ; 0 V                 ; -                  ; n/a           ; n/a             ; n/a         ;
; monitor_o[43] ; 2.5 V        ; 0 in              ; 0 H/in                  ; 0 F/in                  ; short         ; -                   ; open           ; open             ; open   ; 0 in             ; 0 H/in                 ; 0 F/in                 ; short        ; open          ; open            ; open  ; 0 V                 ; -                  ; n/a           ; n/a             ; n/a         ;
; monitor_o[44] ; 2.5 V        ; 0 in              ; 0 H/in                  ; 0 F/in                  ; short         ; -                   ; open           ; open             ; open   ; 0 in             ; 0 H/in                 ; 0 F/in                 ; short        ; open          ; open            ; open  ; 0 V                 ; -                  ; n/a           ; n/a             ; n/a         ;
; monitor_o[45] ; 2.5 V        ; 0 in              ; 0 H/in                  ; 0 F/in                  ; short         ; -                   ; open           ; open             ; open   ; 0 in             ; 0 H/in                 ; 0 F/in                 ; short        ; open          ; open            ; open  ; 0 V                 ; -                  ; n/a           ; n/a             ; n/a         ;
; monitor_o[46] ; 2.5 V        ; 0 in              ; 0 H/in                  ; 0 F/in                  ; short         ; -                   ; open           ; open             ; open   ; 0 in             ; 0 H/in                 ; 0 F/in                 ; short        ; open          ; open            ; open  ; 0 V                 ; -                  ; n/a           ; n/a             ; n/a         ;
; monitor_o[47] ; 2.5 V        ; 0 in              ; 0 H/in                  ; 0 F/in                  ; short         ; -                   ; open           ; open             ; open   ; 0 in             ; 0 H/in                 ; 0 F/in                 ; short        ; open          ; open            ; open  ; 0 V                 ; -                  ; n/a           ; n/a             ; n/a         ;
; monitor_o[48] ; 2.5 V        ; 0 in              ; 0 H/in                  ; 0 F/in                  ; short         ; -                   ; open           ; open             ; open   ; 0 in             ; 0 H/in                 ; 0 F/in                 ; short        ; open          ; open            ; open  ; 0 V                 ; -                  ; n/a           ; n/a             ; n/a         ;
; monitor_o[49] ; 2.5 V        ; 0 in              ; 0 H/in                  ; 0 F/in                  ; short         ; -                   ; open           ; open             ; open   ; 0 in             ; 0 H/in                 ; 0 F/in                 ; short        ; open          ; open            ; open  ; 0 V                 ; -                  ; n/a           ; n/a             ; n/a         ;
; monitor_o[50] ; 2.5 V        ; 0 in              ; 0 H/in                  ; 0 F/in                  ; short         ; -                   ; open           ; open             ; open   ; 0 in             ; 0 H/in                 ; 0 F/in                 ; short        ; open          ; open            ; open  ; 0 V                 ; -                  ; n/a           ; n/a             ; n/a         ;
; monitor_o[51] ; 2.5 V        ; 0 in              ; 0 H/in                  ; 0 F/in                  ; short         ; -                   ; open           ; open             ; open   ; 0 in             ; 0 H/in                 ; 0 F/in                 ; short        ; open          ; open            ; open  ; 0 V                 ; -                  ; n/a           ; n/a             ; n/a         ;
; monitor_o[52] ; 2.5 V        ; 0 in              ; 0 H/in                  ; 0 F/in                  ; short         ; -                   ; open           ; open             ; open   ; 0 in             ; 0 H/in                 ; 0 F/in                 ; short        ; open          ; open            ; open  ; 0 V                 ; -                  ; n/a           ; n/a             ; n/a         ;
; monitor_o[53] ; 2.5 V        ; 0 in              ; 0 H/in                  ; 0 F/in                  ; short         ; -                   ; open           ; open             ; open   ; 0 in             ; 0 H/in                 ; 0 F/in                 ; short        ; open          ; open            ; open  ; 0 V                 ; -                  ; n/a           ; n/a             ; n/a         ;
; monitor_o[54] ; 2.5 V        ; 0 in              ; 0 H/in                  ; 0 F/in                  ; short         ; -                   ; open           ; open             ; open   ; 0 in             ; 0 H/in                 ; 0 F/in                 ; short        ; open          ; open            ; open  ; 0 V                 ; -                  ; n/a           ; n/a             ; n/a         ;
; monitor_o[55] ; 2.5 V        ; 0 in              ; 0 H/in                  ; 0 F/in                  ; short         ; -                   ; open           ; open             ; open   ; 0 in             ; 0 H/in                 ; 0 F/in                 ; short        ; open          ; open            ; open  ; 0 V                 ; -                  ; n/a           ; n/a             ; n/a         ;
; monitor_o[56] ; 2.5 V        ; 0 in              ; 0 H/in                  ; 0 F/in                  ; short         ; -                   ; open           ; open             ; open   ; 0 in             ; 0 H/in                 ; 0 F/in                 ; short        ; open          ; open            ; open  ; 0 V                 ; -                  ; n/a           ; n/a             ; n/a         ;
; monitor_o[57] ; 2.5 V        ; 0 in              ; 0 H/in                  ; 0 F/in                  ; short         ; -                   ; open           ; open             ; open   ; 0 in             ; 0 H/in                 ; 0 F/in                 ; short        ; open          ; open            ; open  ; 0 V                 ; -                  ; n/a           ; n/a             ; n/a         ;
; monitor_o[58] ; 2.5 V        ; 0 in              ; 0 H/in                  ; 0 F/in                  ; short         ; -                   ; open           ; open             ; open   ; 0 in             ; 0 H/in                 ; 0 F/in                 ; short        ; open          ; open            ; open  ; 0 V                 ; -                  ; n/a           ; n/a             ; n/a         ;
; monitor_o[59] ; 2.5 V        ; 0 in              ; 0 H/in                  ; 0 F/in                  ; short         ; -                   ; open           ; open             ; open   ; 0 in             ; 0 H/in                 ; 0 F/in                 ; short        ; open          ; open            ; open  ; 0 V                 ; -                  ; n/a           ; n/a             ; n/a         ;
; monitor_o[60] ; 2.5 V        ; 0 in              ; 0 H/in                  ; 0 F/in                  ; short         ; -                   ; open           ; open             ; open   ; 0 in             ; 0 H/in                 ; 0 F/in                 ; short        ; open          ; open            ; open  ; 0 V                 ; -                  ; n/a           ; n/a             ; n/a         ;
; monitor_o[61] ; 2.5 V        ; 0 in              ; 0 H/in                  ; 0 F/in                  ; short         ; -                   ; open           ; open             ; open   ; 0 in             ; 0 H/in                 ; 0 F/in                 ; short        ; open          ; open            ; open  ; 0 V                 ; -                  ; n/a           ; n/a             ; n/a         ;
; monitor_o[62] ; 2.5 V        ; 0 in              ; 0 H/in                  ; 0 F/in                  ; short         ; -                   ; open           ; open             ; open   ; 0 in             ; 0 H/in                 ; 0 F/in                 ; short        ; open          ; open            ; open  ; 0 V                 ; -                  ; n/a           ; n/a             ; n/a         ;
; monitor_o[63] ; 2.5 V        ; 0 in              ; 0 H/in                  ; 0 F/in                  ; short         ; -                   ; open           ; open             ; open   ; 0 in             ; 0 H/in                 ; 0 F/in                 ; short        ; open          ; open            ; open  ; 0 V                 ; -                  ; n/a           ; n/a             ; n/a         ;
; ~ALTERA_DCLK~ ; 2.5 V        ; 0 in              ; 0 H/in                  ; 0 F/in                  ; short         ; -                   ; open           ; open             ; open   ; 0 in             ; 0 H/in                 ; 0 F/in                 ; short        ; open          ; open            ; open  ; 0 V                 ; -                  ; n/a           ; n/a             ; n/a         ;
; ~ALTERA_nCEO~ ; 2.5 V        ; 0 in              ; 0 H/in                  ; 0 F/in                  ; short         ; -                   ; open           ; open             ; open   ; 0 in             ; 0 H/in                 ; 0 F/in                 ; short        ; open          ; open            ; open  ; 0 V                 ; -                  ; n/a           ; n/a             ; n/a         ;
+---------------+--------------+-------------------+-------------------------+-------------------------+---------------+---------------------+----------------+------------------+--------+------------------+------------------------+------------------------+--------------+---------------+-----------------+-------+---------------------+--------------------+---------------+-----------------+-------------+


+----------------------------------------------------------------------------+
; Input Transition Times                                                     ;
+-------------------------+--------------+-----------------+-----------------+
; Pin                     ; I/O Standard ; 10-90 Rise Time ; 90-10 Fall Time ;
+-------------------------+--------------+-----------------+-----------------+
; clk_i                   ; 2.5 V        ; 2000 ps         ; 2000 ps         ;
; rst_ni                  ; 2.5 V        ; 2000 ps         ; 2000 ps         ;
; ~ALTERA_ASDO_DATA1~     ; 2.5 V        ; 2000 ps         ; 2000 ps         ;
; ~ALTERA_FLASH_nCE_nCSO~ ; 2.5 V        ; 2000 ps         ; 2000 ps         ;
; ~ALTERA_DATA0~          ; 2.5 V        ; 2000 ps         ; 2000 ps         ;
+-------------------------+--------------+-----------------+-----------------+


+--------------------------------------------------------------------------------------------------------------------------------------------------------------------------------------------------------------------------------------------------------------------------------------------------------------------------------------------------------------------------------------------------------------------------------------------------------------------------------------------------------------------------------------------------------------------------------------------------------------------------------------------------------------------------------------------+
; Signal Integrity Metrics (Slow 1200mv 0c Model)                                                                                                                                                                                                                                                                                                                                                                                                                                                                                                                                                                                                                                            ;
+---------------+--------------+---------------------+---------------------+------------------------------+------------------------------+---------------------+---------------------+--------------------------------------+--------------------------------------+-----------------------------+-----------------------------+----------------------------+----------------------------+-----------------------------+-----------------------------+--------------------+--------------------+-------------------------------------+-------------------------------------+----------------------------+----------------------------+---------------------------+---------------------------+
; Pin           ; I/O Standard ; Board Delay on Rise ; Board Delay on Fall ; Steady State Voh at FPGA Pin ; Steady State Vol at FPGA Pin ; Voh Max at FPGA Pin ; Vol Min at FPGA Pin ; Ringback Voltage on Rise at FPGA Pin ; Ringback Voltage on Fall at FPGA Pin ; 10-90 Rise Time at FPGA Pin ; 90-10 Fall Time at FPGA Pin ; Monotonic Rise at FPGA Pin ; Monotonic Fall at FPGA Pin ; Steady State Voh at Far-end ; Steady State Vol at Far-end ; Voh Max at Far-end ; Vol Min at Far-end ; Ringback Voltage on Rise at Far-end ; Ringback Voltage on Fall at Far-end ; 10-90 Rise Time at Far-end ; 90-10 Fall Time at Far-end ; Monotonic Rise at Far-end ; Monotonic Fall at Far-end ;
+---------------+--------------+---------------------+---------------------+------------------------------+------------------------------+---------------------+---------------------+--------------------------------------+--------------------------------------+-----------------------------+-----------------------------+----------------------------+----------------------------+-----------------------------+-----------------------------+--------------------+--------------------+-------------------------------------+-------------------------------------+----------------------------+----------------------------+---------------------------+---------------------------+
; monitor_o[0]  ; 2.5 V        ; 0 s                 ; 0 s                 ; 2.32 V                       ; 3.07e-09 V                   ; 2.37 V              ; -0.00994 V          ; 0.186 V                              ; 0.028 V                              ; 4.98e-10 s                  ; 4.96e-10 s                  ; Yes                        ; Yes                        ; 2.32 V                      ; 3.07e-09 V                  ; 2.37 V             ; -0.00994 V         ; 0.186 V                             ; 0.028 V                             ; 4.98e-10 s                 ; 4.96e-10 s                 ; Yes                       ; Yes                       ;
; monitor_o[1]  ; 2.5 V        ; 0 s                 ; 0 s                 ; 2.32 V                       ; 3.07e-09 V                   ; 2.37 V              ; -0.00994 V          ; 0.186 V                              ; 0.028 V                              ; 4.98e-10 s                  ; 4.96e-10 s                  ; Yes                        ; Yes                        ; 2.32 V                      ; 3.07e-09 V                  ; 2.37 V             ; -0.00994 V         ; 0.186 V                             ; 0.028 V                             ; 4.98e-10 s                 ; 4.96e-10 s                 ; Yes                       ; Yes                       ;
; monitor_o[2]  ; 2.5 V        ; 0 s                 ; 0 s                 ; 2.32 V                       ; 3.07e-09 V                   ; 2.37 V              ; -0.00994 V          ; 0.186 V                              ; 0.028 V                              ; 4.98e-10 s                  ; 4.96e-10 s                  ; Yes                        ; Yes                        ; 2.32 V                      ; 3.07e-09 V                  ; 2.37 V             ; -0.00994 V         ; 0.186 V                             ; 0.028 V                             ; 4.98e-10 s                 ; 4.96e-10 s                 ; Yes                       ; Yes                       ;
; monitor_o[3]  ; 2.5 V        ; 0 s                 ; 0 s                 ; 2.32 V                       ; 3.07e-09 V                   ; 2.38 V              ; -0.0144 V           ; 0.227 V                              ; 0.024 V                              ; 3.14e-10 s                  ; 3.39e-10 s                  ; Yes                        ; Yes                        ; 2.32 V                      ; 3.07e-09 V                  ; 2.38 V             ; -0.0144 V          ; 0.227 V                             ; 0.024 V                             ; 3.14e-10 s                 ; 3.39e-10 s                 ; Yes                       ; Yes                       ;
; monitor_o[4]  ; 2.5 V        ; 0 s                 ; 0 s                 ; 2.32 V                       ; 3.07e-09 V                   ; 2.37 V              ; -0.00994 V          ; 0.186 V                              ; 0.028 V                              ; 4.98e-10 s                  ; 4.96e-10 s                  ; Yes                        ; Yes                        ; 2.32 V                      ; 3.07e-09 V                  ; 2.37 V             ; -0.00994 V         ; 0.186 V                             ; 0.028 V                             ; 4.98e-10 s                 ; 4.96e-10 s                 ; Yes                       ; Yes                       ;
; monitor_o[5]  ; 2.5 V        ; 0 s                 ; 0 s                 ; 2.32 V                       ; 3.07e-09 V                   ; 2.37 V              ; -0.00994 V          ; 0.186 V                              ; 0.028 V                              ; 4.98e-10 s                  ; 4.96e-10 s                  ; Yes                        ; Yes                        ; 2.32 V                      ; 3.07e-09 V                  ; 2.37 V             ; -0.00994 V         ; 0.186 V                             ; 0.028 V                             ; 4.98e-10 s                 ; 4.96e-10 s                 ; Yes                       ; Yes                       ;
; monitor_o[6]  ; 2.5 V        ; 0 s                 ; 0 s                 ; 2.32 V                       ; 3.07e-09 V                   ; 2.37 V              ; -0.00994 V          ; 0.186 V                              ; 0.028 V                              ; 4.98e-10 s                  ; 4.96e-10 s                  ; Yes                        ; Yes                        ; 2.32 V                      ; 3.07e-09 V                  ; 2.37 V             ; -0.00994 V         ; 0.186 V                             ; 0.028 V                             ; 4.98e-10 s                 ; 4.96e-10 s                 ; Yes                       ; Yes                       ;
; monitor_o[7]  ; 2.5 V        ; 0 s                 ; 0 s                 ; 2.32 V                       ; 3.07e-09 V                   ; 2.37 V              ; -0.00994 V          ; 0.186 V                              ; 0.028 V                              ; 4.98e-10 s                  ; 4.96e-10 s                  ; Yes                        ; Yes                        ; 2.32 V                      ; 3.07e-09 V                  ; 2.37 V             ; -0.00994 V         ; 0.186 V                             ; 0.028 V                             ; 4.98e-10 s                 ; 4.96e-10 s                 ; Yes                       ; Yes                       ;
; monitor_o[8]  ; 2.5 V        ; 0 s                 ; 0 s                 ; 2.32 V                       ; 3.07e-09 V                   ; 2.37 V              ; -0.00994 V          ; 0.186 V                              ; 0.028 V                              ; 4.98e-10 s                  ; 4.96e-10 s                  ; Yes                        ; Yes                        ; 2.32 V                      ; 3.07e-09 V                  ; 2.37 V             ; -0.00994 V         ; 0.186 V                             ; 0.028 V                             ; 4.98e-10 s                 ; 4.96e-10 s                 ; Yes                       ; Yes                       ;
; monitor_o[9]  ; 2.5 V        ; 0 s                 ; 0 s                 ; 2.32 V                       ; 3.07e-09 V                   ; 2.37 V              ; -0.00994 V          ; 0.186 V                              ; 0.028 V                              ; 4.98e-10 s                  ; 4.96e-10 s                  ; Yes                        ; Yes                        ; 2.32 V                      ; 3.07e-09 V                  ; 2.37 V             ; -0.00994 V         ; 0.186 V                             ; 0.028 V                             ; 4.98e-10 s                 ; 4.96e-10 s                 ; Yes                       ; Yes                       ;
; monitor_o[10] ; 2.5 V        ; 0 s                 ; 0 s                 ; 2.32 V                       ; 3.07e-09 V                   ; 2.37 V              ; -0.00994 V          ; 0.186 V                              ; 0.028 V                              ; 4.98e-10 s                  ; 4.96e-10 s                  ; Yes                        ; Yes                        ; 2.32 V                      ; 3.07e-09 V                  ; 2.37 V             ; -0.00994 V         ; 0.186 V                             ; 0.028 V                             ; 4.98e-10 s                 ; 4.96e-10 s                 ; Yes                       ; Yes                       ;
; monitor_o[11] ; 2.5 V        ; 0 s                 ; 0 s                 ; 2.32 V                       ; 3.07e-09 V                   ; 2.37 V              ; -0.00994 V          ; 0.186 V                              ; 0.028 V                              ; 4.98e-10 s                  ; 4.96e-10 s                  ; Yes                        ; Yes                        ; 2.32 V                      ; 3.07e-09 V                  ; 2.37 V             ; -0.00994 V         ; 0.186 V                             ; 0.028 V                             ; 4.98e-10 s                 ; 4.96e-10 s                 ; Yes                       ; Yes                       ;
; monitor_o[12] ; 2.5 V        ; 0 s                 ; 0 s                 ; 2.32 V                       ; 3.07e-09 V                   ; 2.33 V              ; -0.00496 V          ; 0.223 V                              ; 0.086 V                              ; 2.9e-09 s                   ; 2.73e-09 s                  ; Yes                        ; Yes                        ; 2.32 V                      ; 3.07e-09 V                  ; 2.33 V             ; -0.00496 V         ; 0.223 V                             ; 0.086 V                             ; 2.9e-09 s                  ; 2.73e-09 s                 ; Yes                       ; Yes                       ;
; monitor_o[13] ; 2.5 V        ; 0 s                 ; 0 s                 ; 2.32 V                       ; 3.07e-09 V                   ; 2.37 V              ; -0.00994 V          ; 0.186 V                              ; 0.028 V                              ; 4.98e-10 s                  ; 4.96e-10 s                  ; Yes                        ; Yes                        ; 2.32 V                      ; 3.07e-09 V                  ; 2.37 V             ; -0.00994 V         ; 0.186 V                             ; 0.028 V                             ; 4.98e-10 s                 ; 4.96e-10 s                 ; Yes                       ; Yes                       ;
; monitor_o[14] ; 2.5 V        ; 0 s                 ; 0 s                 ; 2.32 V                       ; 3.07e-09 V                   ; 2.37 V              ; -0.00994 V          ; 0.186 V                              ; 0.028 V                              ; 4.98e-10 s                  ; 4.96e-10 s                  ; Yes                        ; Yes                        ; 2.32 V                      ; 3.07e-09 V                  ; 2.37 V             ; -0.00994 V         ; 0.186 V                             ; 0.028 V                             ; 4.98e-10 s                 ; 4.96e-10 s                 ; Yes                       ; Yes                       ;
; monitor_o[15] ; 2.5 V        ; 0 s                 ; 0 s                 ; 2.32 V                       ; 3.07e-09 V                   ; 2.37 V              ; -0.00994 V          ; 0.186 V                              ; 0.028 V                              ; 4.98e-10 s                  ; 4.96e-10 s                  ; Yes                        ; Yes                        ; 2.32 V                      ; 3.07e-09 V                  ; 2.37 V             ; -0.00994 V         ; 0.186 V                             ; 0.028 V                             ; 4.98e-10 s                 ; 4.96e-10 s                 ; Yes                       ; Yes                       ;
; monitor_o[16] ; 2.5 V        ; 0 s                 ; 0 s                 ; 2.32 V                       ; 3.07e-09 V                   ; 2.37 V              ; -0.00994 V          ; 0.186 V                              ; 0.028 V                              ; 4.98e-10 s                  ; 4.96e-10 s                  ; Yes                        ; Yes                        ; 2.32 V                      ; 3.07e-09 V                  ; 2.37 V             ; -0.00994 V         ; 0.186 V                             ; 0.028 V                             ; 4.98e-10 s                 ; 4.96e-10 s                 ; Yes                       ; Yes                       ;
; monitor_o[17] ; 2.5 V        ; 0 s                 ; 0 s                 ; 2.32 V                       ; 3.07e-09 V                   ; 2.37 V              ; -0.00994 V          ; 0.186 V                              ; 0.028 V                              ; 4.98e-10 s                  ; 4.96e-10 s                  ; Yes                        ; Yes                        ; 2.32 V                      ; 3.07e-09 V                  ; 2.37 V             ; -0.00994 V         ; 0.186 V                             ; 0.028 V                             ; 4.98e-10 s                 ; 4.96e-10 s                 ; Yes                       ; Yes                       ;
; monitor_o[18] ; 2.5 V        ; 0 s                 ; 0 s                 ; 2.32 V                       ; 3.07e-09 V                   ; 2.37 V              ; -0.00994 V          ; 0.186 V                              ; 0.028 V                              ; 4.98e-10 s                  ; 4.96e-10 s                  ; Yes                        ; Yes                        ; 2.32 V                      ; 3.07e-09 V                  ; 2.37 V             ; -0.00994 V         ; 0.186 V                             ; 0.028 V                             ; 4.98e-10 s                 ; 4.96e-10 s                 ; Yes                       ; Yes                       ;
; monitor_o[19] ; 2.5 V        ; 0 s                 ; 0 s                 ; 2.32 V                       ; 3.07e-09 V                   ; 2.37 V              ; -0.00994 V          ; 0.186 V                              ; 0.028 V                              ; 4.98e-10 s                  ; 4.96e-10 s                  ; Yes                        ; Yes                        ; 2.32 V                      ; 3.07e-09 V                  ; 2.37 V             ; -0.00994 V         ; 0.186 V                             ; 0.028 V                             ; 4.98e-10 s                 ; 4.96e-10 s                 ; Yes                       ; Yes                       ;
; monitor_o[20] ; 2.5 V        ; 0 s                 ; 0 s                 ; 2.32 V                       ; 3.07e-09 V                   ; 2.33 V              ; -0.00496 V          ; 0.223 V                              ; 0.086 V                              ; 2.9e-09 s                   ; 2.73e-09 s                  ; Yes                        ; Yes                        ; 2.32 V                      ; 3.07e-09 V                  ; 2.33 V             ; -0.00496 V         ; 0.223 V                             ; 0.086 V                             ; 2.9e-09 s                  ; 2.73e-09 s                 ; Yes                       ; Yes                       ;
; monitor_o[21] ; 2.5 V        ; 0 s                 ; 0 s                 ; 2.32 V                       ; 3.07e-09 V                   ; 2.37 V              ; -0.00994 V          ; 0.186 V                              ; 0.028 V                              ; 4.98e-10 s                  ; 4.96e-10 s                  ; Yes                        ; Yes                        ; 2.32 V                      ; 3.07e-09 V                  ; 2.37 V             ; -0.00994 V         ; 0.186 V                             ; 0.028 V                             ; 4.98e-10 s                 ; 4.96e-10 s                 ; Yes                       ; Yes                       ;
; monitor_o[22] ; 2.5 V        ; 0 s                 ; 0 s                 ; 2.32 V                       ; 3.07e-09 V                   ; 2.37 V              ; -0.00994 V          ; 0.186 V                              ; 0.028 V                              ; 4.98e-10 s                  ; 4.96e-10 s                  ; Yes                        ; Yes                        ; 2.32 V                      ; 3.07e-09 V                  ; 2.37 V             ; -0.00994 V         ; 0.186 V                             ; 0.028 V                             ; 4.98e-10 s                 ; 4.96e-10 s                 ; Yes                       ; Yes                       ;
; monitor_o[23] ; 2.5 V        ; 0 s                 ; 0 s                 ; 2.32 V                       ; 3.07e-09 V                   ; 2.37 V              ; -0.00994 V          ; 0.186 V                              ; 0.028 V                              ; 4.98e-10 s                  ; 4.96e-10 s                  ; Yes                        ; Yes                        ; 2.32 V                      ; 3.07e-09 V                  ; 2.37 V             ; -0.00994 V         ; 0.186 V                             ; 0.028 V                             ; 4.98e-10 s                 ; 4.96e-10 s                 ; Yes                       ; Yes                       ;
; monitor_o[24] ; 2.5 V        ; 0 s                 ; 0 s                 ; 2.32 V                       ; 3.07e-09 V                   ; 2.37 V              ; -0.00994 V          ; 0.186 V                              ; 0.028 V                              ; 4.98e-10 s                  ; 4.96e-10 s                  ; Yes                        ; Yes                        ; 2.32 V                      ; 3.07e-09 V                  ; 2.37 V             ; -0.00994 V         ; 0.186 V                             ; 0.028 V                             ; 4.98e-10 s                 ; 4.96e-10 s                 ; Yes                       ; Yes                       ;
; monitor_o[25] ; 2.5 V        ; 0 s                 ; 0 s                 ; 2.32 V                       ; 3.07e-09 V                   ; 2.37 V              ; -0.00994 V          ; 0.186 V                              ; 0.028 V                              ; 4.98e-10 s                  ; 4.96e-10 s                  ; Yes                        ; Yes                        ; 2.32 V                      ; 3.07e-09 V                  ; 2.37 V             ; -0.00994 V         ; 0.186 V                             ; 0.028 V                             ; 4.98e-10 s                 ; 4.96e-10 s                 ; Yes                       ; Yes                       ;
; monitor_o[26] ; 2.5 V        ; 0 s                 ; 0 s                 ; 2.32 V                       ; 3.07e-09 V                   ; 2.37 V              ; -0.00994 V          ; 0.186 V                              ; 0.028 V                              ; 4.98e-10 s                  ; 4.96e-10 s                  ; Yes                        ; Yes                        ; 2.32 V                      ; 3.07e-09 V                  ; 2.37 V             ; -0.00994 V         ; 0.186 V                             ; 0.028 V                             ; 4.98e-10 s                 ; 4.96e-10 s                 ; Yes                       ; Yes                       ;
; monitor_o[27] ; 2.5 V        ; 0 s                 ; 0 s                 ; 2.32 V                       ; 3.07e-09 V                   ; 2.37 V              ; -0.00994 V          ; 0.186 V                              ; 0.028 V                              ; 4.98e-10 s                  ; 4.96e-10 s                  ; Yes                        ; Yes                        ; 2.32 V                      ; 3.07e-09 V                  ; 2.37 V             ; -0.00994 V         ; 0.186 V                             ; 0.028 V                             ; 4.98e-10 s                 ; 4.96e-10 s                 ; Yes                       ; Yes                       ;
; monitor_o[28] ; 2.5 V        ; 0 s                 ; 0 s                 ; 2.32 V                       ; 3.07e-09 V                   ; 2.37 V              ; -0.00994 V          ; 0.186 V                              ; 0.028 V                              ; 4.98e-10 s                  ; 4.96e-10 s                  ; Yes                        ; Yes                        ; 2.32 V                      ; 3.07e-09 V                  ; 2.37 V             ; -0.00994 V         ; 0.186 V                             ; 0.028 V                             ; 4.98e-10 s                 ; 4.96e-10 s                 ; Yes                       ; Yes                       ;
; monitor_o[29] ; 2.5 V        ; 0 s                 ; 0 s                 ; 2.32 V                       ; 3.07e-09 V                   ; 2.37 V              ; -0.00994 V          ; 0.186 V                              ; 0.028 V                              ; 4.98e-10 s                  ; 4.96e-10 s                  ; Yes                        ; Yes                        ; 2.32 V                      ; 3.07e-09 V                  ; 2.37 V             ; -0.00994 V         ; 0.186 V                             ; 0.028 V                             ; 4.98e-10 s                 ; 4.96e-10 s                 ; Yes                       ; Yes                       ;
; monitor_o[30] ; 2.5 V        ; 0 s                 ; 0 s                 ; 2.32 V                       ; 3.07e-09 V                   ; 2.37 V              ; -0.00994 V          ; 0.186 V                              ; 0.028 V                              ; 4.98e-10 s                  ; 4.96e-10 s                  ; Yes                        ; Yes                        ; 2.32 V                      ; 3.07e-09 V                  ; 2.37 V             ; -0.00994 V         ; 0.186 V                             ; 0.028 V                             ; 4.98e-10 s                 ; 4.96e-10 s                 ; Yes                       ; Yes                       ;
; monitor_o[31] ; 2.5 V        ; 0 s                 ; 0 s                 ; 2.32 V                       ; 3.07e-09 V                   ; 2.37 V              ; -0.00994 V          ; 0.186 V                              ; 0.028 V                              ; 4.98e-10 s                  ; 4.96e-10 s                  ; Yes                        ; Yes                        ; 2.32 V                      ; 3.07e-09 V                  ; 2.37 V             ; -0.00994 V         ; 0.186 V                             ; 0.028 V                             ; 4.98e-10 s                 ; 4.96e-10 s                 ; Yes                       ; Yes                       ;
; monitor_o[32] ; 2.5 V        ; 0 s                 ; 0 s                 ; 2.32 V                       ; 3.07e-09 V                   ; 2.37 V              ; -0.00994 V          ; 0.186 V                              ; 0.028 V                              ; 4.98e-10 s                  ; 4.96e-10 s                  ; Yes                        ; Yes                        ; 2.32 V                      ; 3.07e-09 V                  ; 2.37 V             ; -0.00994 V         ; 0.186 V                             ; 0.028 V                             ; 4.98e-10 s                 ; 4.96e-10 s                 ; Yes                       ; Yes                       ;
; monitor_o[33] ; 2.5 V        ; 0 s                 ; 0 s                 ; 2.32 V                       ; 4.49e-09 V                   ; 2.38 V              ; -0.00552 V          ; 0.096 V                              ; 0.019 V                              ; 4.18e-10 s                  ; 3.59e-10 s                  ; No                         ; Yes                        ; 2.32 V                      ; 4.49e-09 V                  ; 2.38 V             ; -0.00552 V         ; 0.096 V                             ; 0.019 V                             ; 4.18e-10 s                 ; 3.59e-10 s                 ; No                        ; Yes                       ;
; monitor_o[34] ; 2.5 V        ; 0 s                 ; 0 s                 ; 2.32 V                       ; 4.49e-09 V                   ; 2.38 V              ; -0.00552 V          ; 0.096 V                              ; 0.019 V                              ; 4.18e-10 s                  ; 3.59e-10 s                  ; No                         ; Yes                        ; 2.32 V                      ; 4.49e-09 V                  ; 2.38 V             ; -0.00552 V         ; 0.096 V                             ; 0.019 V                             ; 4.18e-10 s                 ; 3.59e-10 s                 ; No                        ; Yes                       ;
; monitor_o[35] ; 2.5 V        ; 0 s                 ; 0 s                 ; 2.32 V                       ; 4.49e-09 V                   ; 2.38 V              ; -0.00552 V          ; 0.096 V                              ; 0.019 V                              ; 4.18e-10 s                  ; 3.59e-10 s                  ; No                         ; Yes                        ; 2.32 V                      ; 4.49e-09 V                  ; 2.38 V             ; -0.00552 V         ; 0.096 V                             ; 0.019 V                             ; 4.18e-10 s                 ; 3.59e-10 s                 ; No                        ; Yes                       ;
; monitor_o[36] ; 2.5 V        ; 0 s                 ; 0 s                 ; 2.32 V                       ; 4.49e-09 V                   ; 2.38 V              ; -0.00552 V          ; 0.096 V                              ; 0.019 V                              ; 4.18e-10 s                  ; 3.59e-10 s                  ; No                         ; Yes                        ; 2.32 V                      ; 4.49e-09 V                  ; 2.38 V             ; -0.00552 V         ; 0.096 V                             ; 0.019 V                             ; 4.18e-10 s                 ; 3.59e-10 s                 ; No                        ; Yes                       ;
; monitor_o[37] ; 2.5 V        ; 0 s                 ; 0 s                 ; 2.32 V                       ; 4.49e-09 V                   ; 2.38 V              ; -0.00552 V          ; 0.096 V                              ; 0.019 V                              ; 4.18e-10 s                  ; 3.59e-10 s                  ; No                         ; Yes                        ; 2.32 V                      ; 4.49e-09 V                  ; 2.38 V             ; -0.00552 V         ; 0.096 V                             ; 0.019 V                             ; 4.18e-10 s                 ; 3.59e-10 s                 ; No                        ; Yes                       ;
; monitor_o[38] ; 2.5 V        ; 0 s                 ; 0 s                 ; 2.32 V                       ; 4.49e-09 V                   ; 2.38 V              ; -0.00552 V          ; 0.096 V                              ; 0.019 V                              ; 4.18e-10 s                  ; 3.59e-10 s                  ; No                         ; Yes                        ; 2.32 V                      ; 4.49e-09 V                  ; 2.38 V             ; -0.00552 V         ; 0.096 V                             ; 0.019 V                             ; 4.18e-10 s                 ; 3.59e-10 s                 ; No                        ; Yes                       ;
; monitor_o[39] ; 2.5 V        ; 0 s                 ; 0 s                 ; 2.32 V                       ; 4.49e-09 V                   ; 2.38 V              ; -0.00552 V          ; 0.096 V                              ; 0.019 V                              ; 4.18e-10 s                  ; 3.59e-10 s                  ; No                         ; Yes                        ; 2.32 V                      ; 4.49e-09 V                  ; 2.38 V             ; -0.00552 V         ; 0.096 V                             ; 0.019 V                             ; 4.18e-10 s                 ; 3.59e-10 s                 ; No                        ; Yes                       ;
; monitor_o[40] ; 2.5 V        ; 0 s                 ; 0 s                 ; 2.32 V                       ; 4.49e-09 V                   ; 2.38 V              ; -0.00552 V          ; 0.096 V                              ; 0.019 V                              ; 4.18e-10 s                  ; 3.59e-10 s                  ; No                         ; Yes                        ; 2.32 V                      ; 4.49e-09 V                  ; 2.38 V             ; -0.00552 V         ; 0.096 V                             ; 0.019 V                             ; 4.18e-10 s                 ; 3.59e-10 s                 ; No                        ; Yes                       ;
; monitor_o[41] ; 2.5 V        ; 0 s                 ; 0 s                 ; 2.32 V                       ; 4.49e-09 V                   ; 2.38 V              ; -0.00552 V          ; 0.096 V                              ; 0.019 V                              ; 4.18e-10 s                  ; 3.59e-10 s                  ; No                         ; Yes                        ; 2.32 V                      ; 4.49e-09 V                  ; 2.38 V             ; -0.00552 V         ; 0.096 V                             ; 0.019 V                             ; 4.18e-10 s                 ; 3.59e-10 s                 ; No                        ; Yes                       ;
; monitor_o[42] ; 2.5 V        ; 0 s                 ; 0 s                 ; 2.32 V                       ; 4.49e-09 V                   ; 2.38 V              ; -0.00552 V          ; 0.096 V                              ; 0.019 V                              ; 4.18e-10 s                  ; 3.59e-10 s                  ; No                         ; Yes                        ; 2.32 V                      ; 4.49e-09 V                  ; 2.38 V             ; -0.00552 V         ; 0.096 V                             ; 0.019 V                             ; 4.18e-10 s                 ; 3.59e-10 s                 ; No                        ; Yes                       ;
; monitor_o[43] ; 2.5 V        ; 0 s                 ; 0 s                 ; 2.32 V                       ; 4.49e-09 V                   ; 2.38 V              ; -0.00552 V          ; 0.096 V                              ; 0.019 V                              ; 4.18e-10 s                  ; 3.59e-10 s                  ; No                         ; Yes                        ; 2.32 V                      ; 4.49e-09 V                  ; 2.38 V             ; -0.00552 V         ; 0.096 V                             ; 0.019 V                             ; 4.18e-10 s                 ; 3.59e-10 s                 ; No                        ; Yes                       ;
; monitor_o[44] ; 2.5 V        ; 0 s                 ; 0 s                 ; 2.32 V                       ; 4.49e-09 V                   ; 2.38 V              ; -0.00552 V          ; 0.096 V                              ; 0.019 V                              ; 4.18e-10 s                  ; 3.59e-10 s                  ; No                         ; Yes                        ; 2.32 V                      ; 4.49e-09 V                  ; 2.38 V             ; -0.00552 V         ; 0.096 V                             ; 0.019 V                             ; 4.18e-10 s                 ; 3.59e-10 s                 ; No                        ; Yes                       ;
; monitor_o[45] ; 2.5 V        ; 0 s                 ; 0 s                 ; 2.32 V                       ; 4.49e-09 V                   ; 2.38 V              ; -0.00552 V          ; 0.096 V                              ; 0.019 V                              ; 4.18e-10 s                  ; 3.59e-10 s                  ; No                         ; Yes                        ; 2.32 V                      ; 4.49e-09 V                  ; 2.38 V             ; -0.00552 V         ; 0.096 V                             ; 0.019 V                             ; 4.18e-10 s                 ; 3.59e-10 s                 ; No                        ; Yes                       ;
; monitor_o[46] ; 2.5 V        ; 0 s                 ; 0 s                 ; 2.32 V                       ; 4.49e-09 V                   ; 2.38 V              ; -0.00552 V          ; 0.096 V                              ; 0.019 V                              ; 4.18e-10 s                  ; 3.59e-10 s                  ; No                         ; Yes                        ; 2.32 V                      ; 4.49e-09 V                  ; 2.38 V             ; -0.00552 V         ; 0.096 V                             ; 0.019 V                             ; 4.18e-10 s                 ; 3.59e-10 s                 ; No                        ; Yes                       ;
; monitor_o[47] ; 2.5 V        ; 0 s                 ; 0 s                 ; 2.32 V                       ; 4.49e-09 V                   ; 2.38 V              ; -0.00552 V          ; 0.096 V                              ; 0.019 V                              ; 4.18e-10 s                  ; 3.59e-10 s                  ; No                         ; Yes                        ; 2.32 V                      ; 4.49e-09 V                  ; 2.38 V             ; -0.00552 V         ; 0.096 V                             ; 0.019 V                             ; 4.18e-10 s                 ; 3.59e-10 s                 ; No                        ; Yes                       ;
; monitor_o[48] ; 2.5 V        ; 0 s                 ; 0 s                 ; 2.32 V                       ; 4.49e-09 V                   ; 2.38 V              ; -0.00552 V          ; 0.096 V                              ; 0.019 V                              ; 4.18e-10 s                  ; 3.59e-10 s                  ; No                         ; Yes                        ; 2.32 V                      ; 4.49e-09 V                  ; 2.38 V             ; -0.00552 V         ; 0.096 V                             ; 0.019 V                             ; 4.18e-10 s                 ; 3.59e-10 s                 ; No                        ; Yes                       ;
; monitor_o[49] ; 2.5 V        ; 0 s                 ; 0 s                 ; 2.32 V                       ; 4.49e-09 V                   ; 2.38 V              ; -0.00552 V          ; 0.096 V                              ; 0.019 V                              ; 4.18e-10 s                  ; 3.59e-10 s                  ; No                         ; Yes                        ; 2.32 V                      ; 4.49e-09 V                  ; 2.38 V             ; -0.00552 V         ; 0.096 V                             ; 0.019 V                             ; 4.18e-10 s                 ; 3.59e-10 s                 ; No                        ; Yes                       ;
; monitor_o[50] ; 2.5 V        ; 0 s                 ; 0 s                 ; 2.32 V                       ; 4.49e-09 V                   ; 2.38 V              ; -0.00552 V          ; 0.096 V                              ; 0.019 V                              ; 4.18e-10 s                  ; 3.59e-10 s                  ; No                         ; Yes                        ; 2.32 V                      ; 4.49e-09 V                  ; 2.38 V             ; -0.00552 V         ; 0.096 V                             ; 0.019 V                             ; 4.18e-10 s                 ; 3.59e-10 s                 ; No                        ; Yes                       ;
; monitor_o[51] ; 2.5 V        ; 0 s                 ; 0 s                 ; 2.32 V                       ; 4.49e-09 V                   ; 2.38 V              ; -0.00552 V          ; 0.096 V                              ; 0.019 V                              ; 4.18e-10 s                  ; 3.59e-10 s                  ; No                         ; Yes                        ; 2.32 V                      ; 4.49e-09 V                  ; 2.38 V             ; -0.00552 V         ; 0.096 V                             ; 0.019 V                             ; 4.18e-10 s                 ; 3.59e-10 s                 ; No                        ; Yes                       ;
; monitor_o[52] ; 2.5 V        ; 0 s                 ; 0 s                 ; 2.32 V                       ; 4.49e-09 V                   ; 2.38 V              ; -0.00552 V          ; 0.096 V                              ; 0.019 V                              ; 4.18e-10 s                  ; 3.59e-10 s                  ; No                         ; Yes                        ; 2.32 V                      ; 4.49e-09 V                  ; 2.38 V             ; -0.00552 V         ; 0.096 V                             ; 0.019 V                             ; 4.18e-10 s                 ; 3.59e-10 s                 ; No                        ; Yes                       ;
; monitor_o[53] ; 2.5 V        ; 0 s                 ; 0 s                 ; 2.32 V                       ; 4.49e-09 V                   ; 2.38 V              ; -0.00552 V          ; 0.096 V                              ; 0.019 V                              ; 4.18e-10 s                  ; 3.59e-10 s                  ; No                         ; Yes                        ; 2.32 V                      ; 4.49e-09 V                  ; 2.38 V             ; -0.00552 V         ; 0.096 V                             ; 0.019 V                             ; 4.18e-10 s                 ; 3.59e-10 s                 ; No                        ; Yes                       ;
; monitor_o[54] ; 2.5 V        ; 0 s                 ; 0 s                 ; 2.32 V                       ; 4.49e-09 V                   ; 2.38 V              ; -0.00552 V          ; 0.096 V                              ; 0.019 V                              ; 4.18e-10 s                  ; 3.59e-10 s                  ; No                         ; Yes                        ; 2.32 V                      ; 4.49e-09 V                  ; 2.38 V             ; -0.00552 V         ; 0.096 V                             ; 0.019 V                             ; 4.18e-10 s                 ; 3.59e-10 s                 ; No                        ; Yes                       ;
; monitor_o[55] ; 2.5 V        ; 0 s                 ; 0 s                 ; 2.32 V                       ; 4.49e-09 V                   ; 2.38 V              ; -0.00552 V          ; 0.096 V                              ; 0.019 V                              ; 4.18e-10 s                  ; 3.59e-10 s                  ; No                         ; Yes                        ; 2.32 V                      ; 4.49e-09 V                  ; 2.38 V             ; -0.00552 V         ; 0.096 V                             ; 0.019 V                             ; 4.18e-10 s                 ; 3.59e-10 s                 ; No                        ; Yes                       ;
; monitor_o[56] ; 2.5 V        ; 0 s                 ; 0 s                 ; 2.32 V                       ; 4.49e-09 V                   ; 2.38 V              ; -0.00552 V          ; 0.096 V                              ; 0.019 V                              ; 4.18e-10 s                  ; 3.59e-10 s                  ; No                         ; Yes                        ; 2.32 V                      ; 4.49e-09 V                  ; 2.38 V             ; -0.00552 V         ; 0.096 V                             ; 0.019 V                             ; 4.18e-10 s                 ; 3.59e-10 s                 ; No                        ; Yes                       ;
; monitor_o[57] ; 2.5 V        ; 0 s                 ; 0 s                 ; 2.32 V                       ; 4.49e-09 V                   ; 2.38 V              ; -0.00552 V          ; 0.096 V                              ; 0.019 V                              ; 4.18e-10 s                  ; 3.59e-10 s                  ; No                         ; Yes                        ; 2.32 V                      ; 4.49e-09 V                  ; 2.38 V             ; -0.00552 V         ; 0.096 V                             ; 0.019 V                             ; 4.18e-10 s                 ; 3.59e-10 s                 ; No                        ; Yes                       ;
; monitor_o[58] ; 2.5 V        ; 0 s                 ; 0 s                 ; 2.32 V                       ; 4.49e-09 V                   ; 2.38 V              ; -0.00552 V          ; 0.096 V                              ; 0.019 V                              ; 4.18e-10 s                  ; 3.59e-10 s                  ; No                         ; Yes                        ; 2.32 V                      ; 4.49e-09 V                  ; 2.38 V             ; -0.00552 V         ; 0.096 V                             ; 0.019 V                             ; 4.18e-10 s                 ; 3.59e-10 s                 ; No                        ; Yes                       ;
; monitor_o[59] ; 2.5 V        ; 0 s                 ; 0 s                 ; 2.32 V                       ; 4.49e-09 V                   ; 2.38 V              ; -0.00552 V          ; 0.096 V                              ; 0.019 V                              ; 4.18e-10 s                  ; 3.59e-10 s                  ; No                         ; Yes                        ; 2.32 V                      ; 4.49e-09 V                  ; 2.38 V             ; -0.00552 V         ; 0.096 V                             ; 0.019 V                             ; 4.18e-10 s                 ; 3.59e-10 s                 ; No                        ; Yes                       ;
; monitor_o[60] ; 2.5 V        ; 0 s                 ; 0 s                 ; 2.32 V                       ; 4.49e-09 V                   ; 2.38 V              ; -0.00552 V          ; 0.096 V                              ; 0.019 V                              ; 4.18e-10 s                  ; 3.59e-10 s                  ; No                         ; Yes                        ; 2.32 V                      ; 4.49e-09 V                  ; 2.38 V             ; -0.00552 V         ; 0.096 V                             ; 0.019 V                             ; 4.18e-10 s                 ; 3.59e-10 s                 ; No                        ; Yes                       ;
; monitor_o[61] ; 2.5 V        ; 0 s                 ; 0 s                 ; 2.32 V                       ; 4.49e-09 V                   ; 2.38 V              ; -0.00552 V          ; 0.096 V                              ; 0.019 V                              ; 4.18e-10 s                  ; 3.59e-10 s                  ; No                         ; Yes                        ; 2.32 V                      ; 4.49e-09 V                  ; 2.38 V             ; -0.00552 V         ; 0.096 V                             ; 0.019 V                             ; 4.18e-10 s                 ; 3.59e-10 s                 ; No                        ; Yes                       ;
; monitor_o[62] ; 2.5 V        ; 0 s                 ; 0 s                 ; 2.32 V                       ; 4.49e-09 V                   ; 2.33 V              ; -0.00467 V          ; 0.226 V                              ; 0.087 V                              ; 2.91e-09 s                  ; 2.74e-09 s                  ; Yes                        ; Yes                        ; 2.32 V                      ; 4.49e-09 V                  ; 2.33 V             ; -0.00467 V         ; 0.226 V                             ; 0.087 V                             ; 2.91e-09 s                 ; 2.74e-09 s                 ; Yes                       ; Yes                       ;
; monitor_o[63] ; 2.5 V        ; 0 s                 ; 0 s                 ; 2.32 V                       ; 4.49e-09 V                   ; 2.38 V              ; -0.00552 V          ; 0.096 V                              ; 0.019 V                              ; 4.18e-10 s                  ; 3.59e-10 s                  ; No                         ; Yes                        ; 2.32 V                      ; 4.49e-09 V                  ; 2.38 V             ; -0.00552 V         ; 0.096 V                             ; 0.019 V                             ; 4.18e-10 s                 ; 3.59e-10 s                 ; No                        ; Yes                       ;
; ~ALTERA_DCLK~ ; 2.5 V        ; 0 s                 ; 0 s                 ; 2.32 V                       ; 2.67e-09 V                   ; 2.38 V              ; -0.0485 V           ; 0.167 V                              ; 0.096 V                              ; 2.95e-10 s                  ; 2.73e-10 s                  ; Yes                        ; Yes                        ; 2.32 V                      ; 2.67e-09 V                  ; 2.38 V             ; -0.0485 V          ; 0.167 V                             ; 0.096 V                             ; 2.95e-10 s                 ; 2.73e-10 s                 ; Yes                       ; Yes                       ;
; ~ALTERA_nCEO~ ; 2.5 V        ; 0 s                 ; 0 s                 ; 2.32 V                       ; 4.18e-09 V                   ; 2.38 V              ; -0.00483 V          ; 0.152 V                              ; 0.012 V                              ; 4.81e-10 s                  ; 6.29e-10 s                  ; Yes                        ; Yes                        ; 2.32 V                      ; 4.18e-09 V                  ; 2.38 V             ; -0.00483 V         ; 0.152 V                             ; 0.012 V                             ; 4.81e-10 s                 ; 6.29e-10 s                 ; Yes                       ; Yes                       ;
+---------------+--------------+---------------------+---------------------+------------------------------+------------------------------+---------------------+---------------------+--------------------------------------+--------------------------------------+-----------------------------+-----------------------------+----------------------------+----------------------------+-----------------------------+-----------------------------+--------------------+--------------------+-------------------------------------+-------------------------------------+----------------------------+----------------------------+---------------------------+---------------------------+


+--------------------------------------------------------------------------------------------------------------------------------------------------------------------------------------------------------------------------------------------------------------------------------------------------------------------------------------------------------------------------------------------------------------------------------------------------------------------------------------------------------------------------------------------------------------------------------------------------------------------------------------------------------------------------------------------+
; Signal Integrity Metrics (Slow 1200mv 85c Model)                                                                                                                                                                                                                                                                                                                                                                                                                                                                                                                                                                                                                                           ;
+---------------+--------------+---------------------+---------------------+------------------------------+------------------------------+---------------------+---------------------+--------------------------------------+--------------------------------------+-----------------------------+-----------------------------+----------------------------+----------------------------+-----------------------------+-----------------------------+--------------------+--------------------+-------------------------------------+-------------------------------------+----------------------------+----------------------------+---------------------------+---------------------------+
; Pin           ; I/O Standard ; Board Delay on Rise ; Board Delay on Fall ; Steady State Voh at FPGA Pin ; Steady State Vol at FPGA Pin ; Voh Max at FPGA Pin ; Vol Min at FPGA Pin ; Ringback Voltage on Rise at FPGA Pin ; Ringback Voltage on Fall at FPGA Pin ; 10-90 Rise Time at FPGA Pin ; 90-10 Fall Time at FPGA Pin ; Monotonic Rise at FPGA Pin ; Monotonic Fall at FPGA Pin ; Steady State Voh at Far-end ; Steady State Vol at Far-end ; Voh Max at Far-end ; Vol Min at Far-end ; Ringback Voltage on Rise at Far-end ; Ringback Voltage on Fall at Far-end ; 10-90 Rise Time at Far-end ; 90-10 Fall Time at Far-end ; Monotonic Rise at Far-end ; Monotonic Fall at Far-end ;
+---------------+--------------+---------------------+---------------------+------------------------------+------------------------------+---------------------+---------------------+--------------------------------------+--------------------------------------+-----------------------------+-----------------------------+----------------------------+----------------------------+-----------------------------+-----------------------------+--------------------+--------------------+-------------------------------------+-------------------------------------+----------------------------+----------------------------+---------------------------+---------------------------+
; monitor_o[0]  ; 2.5 V        ; 0 s                 ; 0 s                 ; 2.32 V                       ; 4.67e-07 V                   ; 2.35 V              ; -0.00942 V          ; 0.116 V                              ; 0.033 V                              ; 6.66e-10 s                  ; 6.27e-10 s                  ; Yes                        ; Yes                        ; 2.32 V                      ; 4.67e-07 V                  ; 2.35 V             ; -0.00942 V         ; 0.116 V                             ; 0.033 V                             ; 6.66e-10 s                 ; 6.27e-10 s                 ; Yes                       ; Yes                       ;
; monitor_o[1]  ; 2.5 V        ; 0 s                 ; 0 s                 ; 2.32 V                       ; 4.67e-07 V                   ; 2.35 V              ; -0.00942 V          ; 0.116 V                              ; 0.033 V                              ; 6.66e-10 s                  ; 6.27e-10 s                  ; Yes                        ; Yes                        ; 2.32 V                      ; 4.67e-07 V                  ; 2.35 V             ; -0.00942 V         ; 0.116 V                             ; 0.033 V                             ; 6.66e-10 s                 ; 6.27e-10 s                 ; Yes                       ; Yes                       ;
; monitor_o[2]  ; 2.5 V        ; 0 s                 ; 0 s                 ; 2.32 V                       ; 4.67e-07 V                   ; 2.35 V              ; -0.00942 V          ; 0.116 V                              ; 0.033 V                              ; 6.66e-10 s                  ; 6.27e-10 s                  ; Yes                        ; Yes                        ; 2.32 V                      ; 4.67e-07 V                  ; 2.35 V             ; -0.00942 V         ; 0.116 V                             ; 0.033 V                             ; 6.66e-10 s                 ; 6.27e-10 s                 ; Yes                       ; Yes                       ;
; monitor_o[3]  ; 2.5 V        ; 0 s                 ; 0 s                 ; 2.32 V                       ; 4.67e-07 V                   ; 2.36 V              ; -0.00552 V          ; 0.11 V                               ; 0.007 V                              ; 4.54e-10 s                  ; 4.35e-10 s                  ; Yes                        ; Yes                        ; 2.32 V                      ; 4.67e-07 V                  ; 2.36 V             ; -0.00552 V         ; 0.11 V                              ; 0.007 V                             ; 4.54e-10 s                 ; 4.35e-10 s                 ; Yes                       ; Yes                       ;
; monitor_o[4]  ; 2.5 V        ; 0 s                 ; 0 s                 ; 2.32 V                       ; 4.67e-07 V                   ; 2.35 V              ; -0.00942 V          ; 0.116 V                              ; 0.033 V                              ; 6.66e-10 s                  ; 6.27e-10 s                  ; Yes                        ; Yes                        ; 2.32 V                      ; 4.67e-07 V                  ; 2.35 V             ; -0.00942 V         ; 0.116 V                             ; 0.033 V                             ; 6.66e-10 s                 ; 6.27e-10 s                 ; Yes                       ; Yes                       ;
; monitor_o[5]  ; 2.5 V        ; 0 s                 ; 0 s                 ; 2.32 V                       ; 4.67e-07 V                   ; 2.35 V              ; -0.00942 V          ; 0.116 V                              ; 0.033 V                              ; 6.66e-10 s                  ; 6.27e-10 s                  ; Yes                        ; Yes                        ; 2.32 V                      ; 4.67e-07 V                  ; 2.35 V             ; -0.00942 V         ; 0.116 V                             ; 0.033 V                             ; 6.66e-10 s                 ; 6.27e-10 s                 ; Yes                       ; Yes                       ;
; monitor_o[6]  ; 2.5 V        ; 0 s                 ; 0 s                 ; 2.32 V                       ; 4.67e-07 V                   ; 2.35 V              ; -0.00942 V          ; 0.116 V                              ; 0.033 V                              ; 6.66e-10 s                  ; 6.27e-10 s                  ; Yes                        ; Yes                        ; 2.32 V                      ; 4.67e-07 V                  ; 2.35 V             ; -0.00942 V         ; 0.116 V                             ; 0.033 V                             ; 6.66e-10 s                 ; 6.27e-10 s                 ; Yes                       ; Yes                       ;
; monitor_o[7]  ; 2.5 V        ; 0 s                 ; 0 s                 ; 2.32 V                       ; 4.67e-07 V                   ; 2.35 V              ; -0.00942 V          ; 0.116 V                              ; 0.033 V                              ; 6.66e-10 s                  ; 6.27e-10 s                  ; Yes                        ; Yes                        ; 2.32 V                      ; 4.67e-07 V                  ; 2.35 V             ; -0.00942 V         ; 0.116 V                             ; 0.033 V                             ; 6.66e-10 s                 ; 6.27e-10 s                 ; Yes                       ; Yes                       ;
; monitor_o[8]  ; 2.5 V        ; 0 s                 ; 0 s                 ; 2.32 V                       ; 4.67e-07 V                   ; 2.35 V              ; -0.00942 V          ; 0.116 V                              ; 0.033 V                              ; 6.66e-10 s                  ; 6.27e-10 s                  ; Yes                        ; Yes                        ; 2.32 V                      ; 4.67e-07 V                  ; 2.35 V             ; -0.00942 V         ; 0.116 V                             ; 0.033 V                             ; 6.66e-10 s                 ; 6.27e-10 s                 ; Yes                       ; Yes                       ;
; monitor_o[9]  ; 2.5 V        ; 0 s                 ; 0 s                 ; 2.32 V                       ; 4.67e-07 V                   ; 2.35 V              ; -0.00942 V          ; 0.116 V                              ; 0.033 V                              ; 6.66e-10 s                  ; 6.27e-10 s                  ; Yes                        ; Yes                        ; 2.32 V                      ; 4.67e-07 V                  ; 2.35 V             ; -0.00942 V         ; 0.116 V                             ; 0.033 V                             ; 6.66e-10 s                 ; 6.27e-10 s                 ; Yes                       ; Yes                       ;
; monitor_o[10] ; 2.5 V        ; 0 s                 ; 0 s                 ; 2.32 V                       ; 4.67e-07 V                   ; 2.35 V              ; -0.00942 V          ; 0.116 V                              ; 0.033 V                              ; 6.66e-10 s                  ; 6.27e-10 s                  ; Yes                        ; Yes                        ; 2.32 V                      ; 4.67e-07 V                  ; 2.35 V             ; -0.00942 V         ; 0.116 V                             ; 0.033 V                             ; 6.66e-10 s                 ; 6.27e-10 s                 ; Yes                       ; Yes                       ;
; monitor_o[11] ; 2.5 V        ; 0 s                 ; 0 s                 ; 2.32 V                       ; 4.67e-07 V                   ; 2.35 V              ; -0.00942 V          ; 0.116 V                              ; 0.033 V                              ; 6.66e-10 s                  ; 6.27e-10 s                  ; Yes                        ; Yes                        ; 2.32 V                      ; 4.67e-07 V                  ; 2.35 V             ; -0.00942 V         ; 0.116 V                             ; 0.033 V                             ; 6.66e-10 s                 ; 6.27e-10 s                 ; Yes                       ; Yes                       ;
; monitor_o[12] ; 2.5 V        ; 0 s                 ; 0 s                 ; 2.32 V                       ; 4.67e-07 V                   ; 2.33 V              ; -0.00269 V          ; 0.13 V                               ; 0.055 V                              ; 3.54e-09 s                  ; 3.29e-09 s                  ; Yes                        ; Yes                        ; 2.32 V                      ; 4.67e-07 V                  ; 2.33 V             ; -0.00269 V         ; 0.13 V                              ; 0.055 V                             ; 3.54e-09 s                 ; 3.29e-09 s                 ; Yes                       ; Yes                       ;
; monitor_o[13] ; 2.5 V        ; 0 s                 ; 0 s                 ; 2.32 V                       ; 4.67e-07 V                   ; 2.35 V              ; -0.00942 V          ; 0.116 V                              ; 0.033 V                              ; 6.66e-10 s                  ; 6.27e-10 s                  ; Yes                        ; Yes                        ; 2.32 V                      ; 4.67e-07 V                  ; 2.35 V             ; -0.00942 V         ; 0.116 V                             ; 0.033 V                             ; 6.66e-10 s                 ; 6.27e-10 s                 ; Yes                       ; Yes                       ;
; monitor_o[14] ; 2.5 V        ; 0 s                 ; 0 s                 ; 2.32 V                       ; 4.67e-07 V                   ; 2.35 V              ; -0.00942 V          ; 0.116 V                              ; 0.033 V                              ; 6.66e-10 s                  ; 6.27e-10 s                  ; Yes                        ; Yes                        ; 2.32 V                      ; 4.67e-07 V                  ; 2.35 V             ; -0.00942 V         ; 0.116 V                             ; 0.033 V                             ; 6.66e-10 s                 ; 6.27e-10 s                 ; Yes                       ; Yes                       ;
; monitor_o[15] ; 2.5 V        ; 0 s                 ; 0 s                 ; 2.32 V                       ; 4.67e-07 V                   ; 2.35 V              ; -0.00942 V          ; 0.116 V                              ; 0.033 V                              ; 6.66e-10 s                  ; 6.27e-10 s                  ; Yes                        ; Yes                        ; 2.32 V                      ; 4.67e-07 V                  ; 2.35 V             ; -0.00942 V         ; 0.116 V                             ; 0.033 V                             ; 6.66e-10 s                 ; 6.27e-10 s                 ; Yes                       ; Yes                       ;
; monitor_o[16] ; 2.5 V        ; 0 s                 ; 0 s                 ; 2.32 V                       ; 4.67e-07 V                   ; 2.35 V              ; -0.00942 V          ; 0.116 V                              ; 0.033 V                              ; 6.66e-10 s                  ; 6.27e-10 s                  ; Yes                        ; Yes                        ; 2.32 V                      ; 4.67e-07 V                  ; 2.35 V             ; -0.00942 V         ; 0.116 V                             ; 0.033 V                             ; 6.66e-10 s                 ; 6.27e-10 s                 ; Yes                       ; Yes                       ;
; monitor_o[17] ; 2.5 V        ; 0 s                 ; 0 s                 ; 2.32 V                       ; 4.67e-07 V                   ; 2.35 V              ; -0.00942 V          ; 0.116 V                              ; 0.033 V                              ; 6.66e-10 s                  ; 6.27e-10 s                  ; Yes                        ; Yes                        ; 2.32 V                      ; 4.67e-07 V                  ; 2.35 V             ; -0.00942 V         ; 0.116 V                             ; 0.033 V                             ; 6.66e-10 s                 ; 6.27e-10 s                 ; Yes                       ; Yes                       ;
; monitor_o[18] ; 2.5 V        ; 0 s                 ; 0 s                 ; 2.32 V                       ; 4.67e-07 V                   ; 2.35 V              ; -0.00942 V          ; 0.116 V                              ; 0.033 V                              ; 6.66e-10 s                  ; 6.27e-10 s                  ; Yes                        ; Yes                        ; 2.32 V                      ; 4.67e-07 V                  ; 2.35 V             ; -0.00942 V         ; 0.116 V                             ; 0.033 V                             ; 6.66e-10 s                 ; 6.27e-10 s                 ; Yes                       ; Yes                       ;
; monitor_o[19] ; 2.5 V        ; 0 s                 ; 0 s                 ; 2.32 V                       ; 4.67e-07 V                   ; 2.35 V              ; -0.00942 V          ; 0.116 V                              ; 0.033 V                              ; 6.66e-10 s                  ; 6.27e-10 s                  ; Yes                        ; Yes                        ; 2.32 V                      ; 4.67e-07 V                  ; 2.35 V             ; -0.00942 V         ; 0.116 V                             ; 0.033 V                             ; 6.66e-10 s                 ; 6.27e-10 s                 ; Yes                       ; Yes                       ;
; monitor_o[20] ; 2.5 V        ; 0 s                 ; 0 s                 ; 2.32 V                       ; 4.67e-07 V                   ; 2.33 V              ; -0.00269 V          ; 0.13 V                               ; 0.055 V                              ; 3.54e-09 s                  ; 3.29e-09 s                  ; Yes                        ; Yes                        ; 2.32 V                      ; 4.67e-07 V                  ; 2.33 V             ; -0.00269 V         ; 0.13 V                              ; 0.055 V                             ; 3.54e-09 s                 ; 3.29e-09 s                 ; Yes                       ; Yes                       ;
; monitor_o[21] ; 2.5 V        ; 0 s                 ; 0 s                 ; 2.32 V                       ; 4.67e-07 V                   ; 2.35 V              ; -0.00942 V          ; 0.116 V                              ; 0.033 V                              ; 6.66e-10 s                  ; 6.27e-10 s                  ; Yes                        ; Yes                        ; 2.32 V                      ; 4.67e-07 V                  ; 2.35 V             ; -0.00942 V         ; 0.116 V                             ; 0.033 V                             ; 6.66e-10 s                 ; 6.27e-10 s                 ; Yes                       ; Yes                       ;
; monitor_o[22] ; 2.5 V        ; 0 s                 ; 0 s                 ; 2.32 V                       ; 4.67e-07 V                   ; 2.35 V              ; -0.00942 V          ; 0.116 V                              ; 0.033 V                              ; 6.66e-10 s                  ; 6.27e-10 s                  ; Yes                        ; Yes                        ; 2.32 V                      ; 4.67e-07 V                  ; 2.35 V             ; -0.00942 V         ; 0.116 V                             ; 0.033 V                             ; 6.66e-10 s                 ; 6.27e-10 s                 ; Yes                       ; Yes                       ;
; monitor_o[23] ; 2.5 V        ; 0 s                 ; 0 s                 ; 2.32 V                       ; 4.67e-07 V                   ; 2.35 V              ; -0.00942 V          ; 0.116 V                              ; 0.033 V                              ; 6.66e-10 s                  ; 6.27e-10 s                  ; Yes                        ; Yes                        ; 2.32 V                      ; 4.67e-07 V                  ; 2.35 V             ; -0.00942 V         ; 0.116 V                             ; 0.033 V                             ; 6.66e-10 s                 ; 6.27e-10 s                 ; Yes                       ; Yes                       ;
; monitor_o[24] ; 2.5 V        ; 0 s                 ; 0 s                 ; 2.32 V                       ; 4.67e-07 V                   ; 2.35 V              ; -0.00942 V          ; 0.116 V                              ; 0.033 V                              ; 6.66e-10 s                  ; 6.27e-10 s                  ; Yes                        ; Yes                        ; 2.32 V                      ; 4.67e-07 V                  ; 2.35 V             ; -0.00942 V         ; 0.116 V                             ; 0.033 V                             ; 6.66e-10 s                 ; 6.27e-10 s                 ; Yes                       ; Yes                       ;
; monitor_o[25] ; 2.5 V        ; 0 s                 ; 0 s                 ; 2.32 V                       ; 4.67e-07 V                   ; 2.35 V              ; -0.00942 V          ; 0.116 V                              ; 0.033 V                              ; 6.66e-10 s                  ; 6.27e-10 s                  ; Yes                        ; Yes                        ; 2.32 V                      ; 4.67e-07 V                  ; 2.35 V             ; -0.00942 V         ; 0.116 V                             ; 0.033 V                             ; 6.66e-10 s                 ; 6.27e-10 s                 ; Yes                       ; Yes                       ;
; monitor_o[26] ; 2.5 V        ; 0 s                 ; 0 s                 ; 2.32 V                       ; 4.67e-07 V                   ; 2.35 V              ; -0.00942 V          ; 0.116 V                              ; 0.033 V                              ; 6.66e-10 s                  ; 6.27e-10 s                  ; Yes                        ; Yes                        ; 2.32 V                      ; 4.67e-07 V                  ; 2.35 V             ; -0.00942 V         ; 0.116 V                             ; 0.033 V                             ; 6.66e-10 s                 ; 6.27e-10 s                 ; Yes                       ; Yes                       ;
; monitor_o[27] ; 2.5 V        ; 0 s                 ; 0 s                 ; 2.32 V                       ; 4.67e-07 V                   ; 2.35 V              ; -0.00942 V          ; 0.116 V                              ; 0.033 V                              ; 6.66e-10 s                  ; 6.27e-10 s                  ; Yes                        ; Yes                        ; 2.32 V                      ; 4.67e-07 V                  ; 2.35 V             ; -0.00942 V         ; 0.116 V                             ; 0.033 V                             ; 6.66e-10 s                 ; 6.27e-10 s                 ; Yes                       ; Yes                       ;
; monitor_o[28] ; 2.5 V        ; 0 s                 ; 0 s                 ; 2.32 V                       ; 4.67e-07 V                   ; 2.35 V              ; -0.00942 V          ; 0.116 V                              ; 0.033 V                              ; 6.66e-10 s                  ; 6.27e-10 s                  ; Yes                        ; Yes                        ; 2.32 V                      ; 4.67e-07 V                  ; 2.35 V             ; -0.00942 V         ; 0.116 V                             ; 0.033 V                             ; 6.66e-10 s                 ; 6.27e-10 s                 ; Yes                       ; Yes                       ;
; monitor_o[29] ; 2.5 V        ; 0 s                 ; 0 s                 ; 2.32 V                       ; 4.67e-07 V                   ; 2.35 V              ; -0.00942 V          ; 0.116 V                              ; 0.033 V                              ; 6.66e-10 s                  ; 6.27e-10 s                  ; Yes                        ; Yes                        ; 2.32 V                      ; 4.67e-07 V                  ; 2.35 V             ; -0.00942 V         ; 0.116 V                             ; 0.033 V                             ; 6.66e-10 s                 ; 6.27e-10 s                 ; Yes                       ; Yes                       ;
; monitor_o[30] ; 2.5 V        ; 0 s                 ; 0 s                 ; 2.32 V                       ; 4.67e-07 V                   ; 2.35 V              ; -0.00942 V          ; 0.116 V                              ; 0.033 V                              ; 6.66e-10 s                  ; 6.27e-10 s                  ; Yes                        ; Yes                        ; 2.32 V                      ; 4.67e-07 V                  ; 2.35 V             ; -0.00942 V         ; 0.116 V                             ; 0.033 V                             ; 6.66e-10 s                 ; 6.27e-10 s                 ; Yes                       ; Yes                       ;
; monitor_o[31] ; 2.5 V        ; 0 s                 ; 0 s                 ; 2.32 V                       ; 4.67e-07 V                   ; 2.35 V              ; -0.00942 V          ; 0.116 V                              ; 0.033 V                              ; 6.66e-10 s                  ; 6.27e-10 s                  ; Yes                        ; Yes                        ; 2.32 V                      ; 4.67e-07 V                  ; 2.35 V             ; -0.00942 V         ; 0.116 V                             ; 0.033 V                             ; 6.66e-10 s                 ; 6.27e-10 s                 ; Yes                       ; Yes                       ;
; monitor_o[32] ; 2.5 V        ; 0 s                 ; 0 s                 ; 2.32 V                       ; 4.67e-07 V                   ; 2.35 V              ; -0.00942 V          ; 0.116 V                              ; 0.033 V                              ; 6.66e-10 s                  ; 6.27e-10 s                  ; Yes                        ; Yes                        ; 2.32 V                      ; 4.67e-07 V                  ; 2.35 V             ; -0.00942 V         ; 0.116 V                             ; 0.033 V                             ; 6.66e-10 s                 ; 6.27e-10 s                 ; Yes                       ; Yes                       ;
; monitor_o[33] ; 2.5 V        ; 0 s                 ; 0 s                 ; 2.32 V                       ; 6.92e-07 V                   ; 2.35 V              ; -0.00996 V          ; 0.121 V                              ; 0.03 V                               ; 4.64e-10 s                  ; 4.47e-10 s                  ; Yes                        ; Yes                        ; 2.32 V                      ; 6.92e-07 V                  ; 2.35 V             ; -0.00996 V         ; 0.121 V                             ; 0.03 V                              ; 4.64e-10 s                 ; 4.47e-10 s                 ; Yes                       ; Yes                       ;
; monitor_o[34] ; 2.5 V        ; 0 s                 ; 0 s                 ; 2.32 V                       ; 6.92e-07 V                   ; 2.35 V              ; -0.00996 V          ; 0.121 V                              ; 0.03 V                               ; 4.64e-10 s                  ; 4.47e-10 s                  ; Yes                        ; Yes                        ; 2.32 V                      ; 6.92e-07 V                  ; 2.35 V             ; -0.00996 V         ; 0.121 V                             ; 0.03 V                              ; 4.64e-10 s                 ; 4.47e-10 s                 ; Yes                       ; Yes                       ;
; monitor_o[35] ; 2.5 V        ; 0 s                 ; 0 s                 ; 2.32 V                       ; 6.92e-07 V                   ; 2.35 V              ; -0.00996 V          ; 0.121 V                              ; 0.03 V                               ; 4.64e-10 s                  ; 4.47e-10 s                  ; Yes                        ; Yes                        ; 2.32 V                      ; 6.92e-07 V                  ; 2.35 V             ; -0.00996 V         ; 0.121 V                             ; 0.03 V                              ; 4.64e-10 s                 ; 4.47e-10 s                 ; Yes                       ; Yes                       ;
; monitor_o[36] ; 2.5 V        ; 0 s                 ; 0 s                 ; 2.32 V                       ; 6.92e-07 V                   ; 2.35 V              ; -0.00996 V          ; 0.121 V                              ; 0.03 V                               ; 4.64e-10 s                  ; 4.47e-10 s                  ; Yes                        ; Yes                        ; 2.32 V                      ; 6.92e-07 V                  ; 2.35 V             ; -0.00996 V         ; 0.121 V                             ; 0.03 V                              ; 4.64e-10 s                 ; 4.47e-10 s                 ; Yes                       ; Yes                       ;
; monitor_o[37] ; 2.5 V        ; 0 s                 ; 0 s                 ; 2.32 V                       ; 6.92e-07 V                   ; 2.35 V              ; -0.00996 V          ; 0.121 V                              ; 0.03 V                               ; 4.64e-10 s                  ; 4.47e-10 s                  ; Yes                        ; Yes                        ; 2.32 V                      ; 6.92e-07 V                  ; 2.35 V             ; -0.00996 V         ; 0.121 V                             ; 0.03 V                              ; 4.64e-10 s                 ; 4.47e-10 s                 ; Yes                       ; Yes                       ;
; monitor_o[38] ; 2.5 V        ; 0 s                 ; 0 s                 ; 2.32 V                       ; 6.92e-07 V                   ; 2.35 V              ; -0.00996 V          ; 0.121 V                              ; 0.03 V                               ; 4.64e-10 s                  ; 4.47e-10 s                  ; Yes                        ; Yes                        ; 2.32 V                      ; 6.92e-07 V                  ; 2.35 V             ; -0.00996 V         ; 0.121 V                             ; 0.03 V                              ; 4.64e-10 s                 ; 4.47e-10 s                 ; Yes                       ; Yes                       ;
; monitor_o[39] ; 2.5 V        ; 0 s                 ; 0 s                 ; 2.32 V                       ; 6.92e-07 V                   ; 2.35 V              ; -0.00996 V          ; 0.121 V                              ; 0.03 V                               ; 4.64e-10 s                  ; 4.47e-10 s                  ; Yes                        ; Yes                        ; 2.32 V                      ; 6.92e-07 V                  ; 2.35 V             ; -0.00996 V         ; 0.121 V                             ; 0.03 V                              ; 4.64e-10 s                 ; 4.47e-10 s                 ; Yes                       ; Yes                       ;
; monitor_o[40] ; 2.5 V        ; 0 s                 ; 0 s                 ; 2.32 V                       ; 6.92e-07 V                   ; 2.35 V              ; -0.00996 V          ; 0.121 V                              ; 0.03 V                               ; 4.64e-10 s                  ; 4.47e-10 s                  ; Yes                        ; Yes                        ; 2.32 V                      ; 6.92e-07 V                  ; 2.35 V             ; -0.00996 V         ; 0.121 V                             ; 0.03 V                              ; 4.64e-10 s                 ; 4.47e-10 s                 ; Yes                       ; Yes                       ;
; monitor_o[41] ; 2.5 V        ; 0 s                 ; 0 s                 ; 2.32 V                       ; 6.92e-07 V                   ; 2.35 V              ; -0.00996 V          ; 0.121 V                              ; 0.03 V                               ; 4.64e-10 s                  ; 4.47e-10 s                  ; Yes                        ; Yes                        ; 2.32 V                      ; 6.92e-07 V                  ; 2.35 V             ; -0.00996 V         ; 0.121 V                             ; 0.03 V                              ; 4.64e-10 s                 ; 4.47e-10 s                 ; Yes                       ; Yes                       ;
; monitor_o[42] ; 2.5 V        ; 0 s                 ; 0 s                 ; 2.32 V                       ; 6.92e-07 V                   ; 2.35 V              ; -0.00996 V          ; 0.121 V                              ; 0.03 V                               ; 4.64e-10 s                  ; 4.47e-10 s                  ; Yes                        ; Yes                        ; 2.32 V                      ; 6.92e-07 V                  ; 2.35 V             ; -0.00996 V         ; 0.121 V                             ; 0.03 V                              ; 4.64e-10 s                 ; 4.47e-10 s                 ; Yes                       ; Yes                       ;
; monitor_o[43] ; 2.5 V        ; 0 s                 ; 0 s                 ; 2.32 V                       ; 6.92e-07 V                   ; 2.35 V              ; -0.00996 V          ; 0.121 V                              ; 0.03 V                               ; 4.64e-10 s                  ; 4.47e-10 s                  ; Yes                        ; Yes                        ; 2.32 V                      ; 6.92e-07 V                  ; 2.35 V             ; -0.00996 V         ; 0.121 V                             ; 0.03 V                              ; 4.64e-10 s                 ; 4.47e-10 s                 ; Yes                       ; Yes                       ;
; monitor_o[44] ; 2.5 V        ; 0 s                 ; 0 s                 ; 2.32 V                       ; 6.92e-07 V                   ; 2.35 V              ; -0.00996 V          ; 0.121 V                              ; 0.03 V                               ; 4.64e-10 s                  ; 4.47e-10 s                  ; Yes                        ; Yes                        ; 2.32 V                      ; 6.92e-07 V                  ; 2.35 V             ; -0.00996 V         ; 0.121 V                             ; 0.03 V                              ; 4.64e-10 s                 ; 4.47e-10 s                 ; Yes                       ; Yes                       ;
; monitor_o[45] ; 2.5 V        ; 0 s                 ; 0 s                 ; 2.32 V                       ; 6.92e-07 V                   ; 2.35 V              ; -0.00996 V          ; 0.121 V                              ; 0.03 V                               ; 4.64e-10 s                  ; 4.47e-10 s                  ; Yes                        ; Yes                        ; 2.32 V                      ; 6.92e-07 V                  ; 2.35 V             ; -0.00996 V         ; 0.121 V                             ; 0.03 V                              ; 4.64e-10 s                 ; 4.47e-10 s                 ; Yes                       ; Yes                       ;
; monitor_o[46] ; 2.5 V        ; 0 s                 ; 0 s                 ; 2.32 V                       ; 6.92e-07 V                   ; 2.35 V              ; -0.00996 V          ; 0.121 V                              ; 0.03 V                               ; 4.64e-10 s                  ; 4.47e-10 s                  ; Yes                        ; Yes                        ; 2.32 V                      ; 6.92e-07 V                  ; 2.35 V             ; -0.00996 V         ; 0.121 V                             ; 0.03 V                              ; 4.64e-10 s                 ; 4.47e-10 s                 ; Yes                       ; Yes                       ;
; monitor_o[47] ; 2.5 V        ; 0 s                 ; 0 s                 ; 2.32 V                       ; 6.92e-07 V                   ; 2.35 V              ; -0.00996 V          ; 0.121 V                              ; 0.03 V                               ; 4.64e-10 s                  ; 4.47e-10 s                  ; Yes                        ; Yes                        ; 2.32 V                      ; 6.92e-07 V                  ; 2.35 V             ; -0.00996 V         ; 0.121 V                             ; 0.03 V                              ; 4.64e-10 s                 ; 4.47e-10 s                 ; Yes                       ; Yes                       ;
; monitor_o[48] ; 2.5 V        ; 0 s                 ; 0 s                 ; 2.32 V                       ; 6.92e-07 V                   ; 2.35 V              ; -0.00996 V          ; 0.121 V                              ; 0.03 V                               ; 4.64e-10 s                  ; 4.47e-10 s                  ; Yes                        ; Yes                        ; 2.32 V                      ; 6.92e-07 V                  ; 2.35 V             ; -0.00996 V         ; 0.121 V                             ; 0.03 V                              ; 4.64e-10 s                 ; 4.47e-10 s                 ; Yes                       ; Yes                       ;
; monitor_o[49] ; 2.5 V        ; 0 s                 ; 0 s                 ; 2.32 V                       ; 6.92e-07 V                   ; 2.35 V              ; -0.00996 V          ; 0.121 V                              ; 0.03 V                               ; 4.64e-10 s                  ; 4.47e-10 s                  ; Yes                        ; Yes                        ; 2.32 V                      ; 6.92e-07 V                  ; 2.35 V             ; -0.00996 V         ; 0.121 V                             ; 0.03 V                              ; 4.64e-10 s                 ; 4.47e-10 s                 ; Yes                       ; Yes                       ;
; monitor_o[50] ; 2.5 V        ; 0 s                 ; 0 s                 ; 2.32 V                       ; 6.92e-07 V                   ; 2.35 V              ; -0.00996 V          ; 0.121 V                              ; 0.03 V                               ; 4.64e-10 s                  ; 4.47e-10 s                  ; Yes                        ; Yes                        ; 2.32 V                      ; 6.92e-07 V                  ; 2.35 V             ; -0.00996 V         ; 0.121 V                             ; 0.03 V                              ; 4.64e-10 s                 ; 4.47e-10 s                 ; Yes                       ; Yes                       ;
; monitor_o[51] ; 2.5 V        ; 0 s                 ; 0 s                 ; 2.32 V                       ; 6.92e-07 V                   ; 2.35 V              ; -0.00996 V          ; 0.121 V                              ; 0.03 V                               ; 4.64e-10 s                  ; 4.47e-10 s                  ; Yes                        ; Yes                        ; 2.32 V                      ; 6.92e-07 V                  ; 2.35 V             ; -0.00996 V         ; 0.121 V                             ; 0.03 V                              ; 4.64e-10 s                 ; 4.47e-10 s                 ; Yes                       ; Yes                       ;
; monitor_o[52] ; 2.5 V        ; 0 s                 ; 0 s                 ; 2.32 V                       ; 6.92e-07 V                   ; 2.35 V              ; -0.00996 V          ; 0.121 V                              ; 0.03 V                               ; 4.64e-10 s                  ; 4.47e-10 s                  ; Yes                        ; Yes                        ; 2.32 V                      ; 6.92e-07 V                  ; 2.35 V             ; -0.00996 V         ; 0.121 V                             ; 0.03 V                              ; 4.64e-10 s                 ; 4.47e-10 s                 ; Yes                       ; Yes                       ;
; monitor_o[53] ; 2.5 V        ; 0 s                 ; 0 s                 ; 2.32 V                       ; 6.92e-07 V                   ; 2.35 V              ; -0.00996 V          ; 0.121 V                              ; 0.03 V                               ; 4.64e-10 s                  ; 4.47e-10 s                  ; Yes                        ; Yes                        ; 2.32 V                      ; 6.92e-07 V                  ; 2.35 V             ; -0.00996 V         ; 0.121 V                             ; 0.03 V                              ; 4.64e-10 s                 ; 4.47e-10 s                 ; Yes                       ; Yes                       ;
; monitor_o[54] ; 2.5 V        ; 0 s                 ; 0 s                 ; 2.32 V                       ; 6.92e-07 V                   ; 2.35 V              ; -0.00996 V          ; 0.121 V                              ; 0.03 V                               ; 4.64e-10 s                  ; 4.47e-10 s                  ; Yes                        ; Yes                        ; 2.32 V                      ; 6.92e-07 V                  ; 2.35 V             ; -0.00996 V         ; 0.121 V                             ; 0.03 V                              ; 4.64e-10 s                 ; 4.47e-10 s                 ; Yes                       ; Yes                       ;
; monitor_o[55] ; 2.5 V        ; 0 s                 ; 0 s                 ; 2.32 V                       ; 6.92e-07 V                   ; 2.35 V              ; -0.00996 V          ; 0.121 V                              ; 0.03 V                               ; 4.64e-10 s                  ; 4.47e-10 s                  ; Yes                        ; Yes                        ; 2.32 V                      ; 6.92e-07 V                  ; 2.35 V             ; -0.00996 V         ; 0.121 V                             ; 0.03 V                              ; 4.64e-10 s                 ; 4.47e-10 s                 ; Yes                       ; Yes                       ;
; monitor_o[56] ; 2.5 V        ; 0 s                 ; 0 s                 ; 2.32 V                       ; 6.92e-07 V                   ; 2.35 V              ; -0.00996 V          ; 0.121 V                              ; 0.03 V                               ; 4.64e-10 s                  ; 4.47e-10 s                  ; Yes                        ; Yes                        ; 2.32 V                      ; 6.92e-07 V                  ; 2.35 V             ; -0.00996 V         ; 0.121 V                             ; 0.03 V                              ; 4.64e-10 s                 ; 4.47e-10 s                 ; Yes                       ; Yes                       ;
; monitor_o[57] ; 2.5 V        ; 0 s                 ; 0 s                 ; 2.32 V                       ; 6.92e-07 V                   ; 2.35 V              ; -0.00996 V          ; 0.121 V                              ; 0.03 V                               ; 4.64e-10 s                  ; 4.47e-10 s                  ; Yes                        ; Yes                        ; 2.32 V                      ; 6.92e-07 V                  ; 2.35 V             ; -0.00996 V         ; 0.121 V                             ; 0.03 V                              ; 4.64e-10 s                 ; 4.47e-10 s                 ; Yes                       ; Yes                       ;
; monitor_o[58] ; 2.5 V        ; 0 s                 ; 0 s                 ; 2.32 V                       ; 6.92e-07 V                   ; 2.35 V              ; -0.00996 V          ; 0.121 V                              ; 0.03 V                               ; 4.64e-10 s                  ; 4.47e-10 s                  ; Yes                        ; Yes                        ; 2.32 V                      ; 6.92e-07 V                  ; 2.35 V             ; -0.00996 V         ; 0.121 V                             ; 0.03 V                              ; 4.64e-10 s                 ; 4.47e-10 s                 ; Yes                       ; Yes                       ;
; monitor_o[59] ; 2.5 V        ; 0 s                 ; 0 s                 ; 2.32 V                       ; 6.92e-07 V                   ; 2.35 V              ; -0.00996 V          ; 0.121 V                              ; 0.03 V                               ; 4.64e-10 s                  ; 4.47e-10 s                  ; Yes                        ; Yes                        ; 2.32 V                      ; 6.92e-07 V                  ; 2.35 V             ; -0.00996 V         ; 0.121 V                             ; 0.03 V                              ; 4.64e-10 s                 ; 4.47e-10 s                 ; Yes                       ; Yes                       ;
; monitor_o[60] ; 2.5 V        ; 0 s                 ; 0 s                 ; 2.32 V                       ; 6.92e-07 V                   ; 2.35 V              ; -0.00996 V          ; 0.121 V                              ; 0.03 V                               ; 4.64e-10 s                  ; 4.47e-10 s                  ; Yes                        ; Yes                        ; 2.32 V                      ; 6.92e-07 V                  ; 2.35 V             ; -0.00996 V         ; 0.121 V                             ; 0.03 V                              ; 4.64e-10 s                 ; 4.47e-10 s                 ; Yes                       ; Yes                       ;
; monitor_o[61] ; 2.5 V        ; 0 s                 ; 0 s                 ; 2.32 V                       ; 6.92e-07 V                   ; 2.35 V              ; -0.00996 V          ; 0.121 V                              ; 0.03 V                               ; 4.64e-10 s                  ; 4.47e-10 s                  ; Yes                        ; Yes                        ; 2.32 V                      ; 6.92e-07 V                  ; 2.35 V             ; -0.00996 V         ; 0.121 V                             ; 0.03 V                              ; 4.64e-10 s                 ; 4.47e-10 s                 ; Yes                       ; Yes                       ;
; monitor_o[62] ; 2.5 V        ; 0 s                 ; 0 s                 ; 2.32 V                       ; 6.92e-07 V                   ; 2.33 V              ; -0.00265 V          ; 0.133 V                              ; 0.056 V                              ; 3.55e-09 s                  ; 3.31e-09 s                  ; Yes                        ; Yes                        ; 2.32 V                      ; 6.92e-07 V                  ; 2.33 V             ; -0.00265 V         ; 0.133 V                             ; 0.056 V                             ; 3.55e-09 s                 ; 3.31e-09 s                 ; Yes                       ; Yes                       ;
; monitor_o[63] ; 2.5 V        ; 0 s                 ; 0 s                 ; 2.32 V                       ; 6.92e-07 V                   ; 2.35 V              ; -0.00996 V          ; 0.121 V                              ; 0.03 V                               ; 4.64e-10 s                  ; 4.47e-10 s                  ; Yes                        ; Yes                        ; 2.32 V                      ; 6.92e-07 V                  ; 2.35 V             ; -0.00996 V         ; 0.121 V                             ; 0.03 V                              ; 4.64e-10 s                 ; 4.47e-10 s                 ; Yes                       ; Yes                       ;
; ~ALTERA_DCLK~ ; 2.5 V        ; 0 s                 ; 0 s                 ; 2.32 V                       ; 3.75e-07 V                   ; 2.35 V              ; -0.0109 V           ; 0.084 V                              ; 0.027 V                              ; 4.31e-10 s                  ; 3.61e-10 s                  ; Yes                        ; Yes                        ; 2.32 V                      ; 3.75e-07 V                  ; 2.35 V             ; -0.0109 V          ; 0.084 V                             ; 0.027 V                             ; 4.31e-10 s                 ; 3.61e-10 s                 ; Yes                       ; Yes                       ;
; ~ALTERA_nCEO~ ; 2.5 V        ; 0 s                 ; 0 s                 ; 2.32 V                       ; 6.15e-07 V                   ; 2.35 V              ; -0.00712 V          ; 0.093 V                              ; 0.02 V                               ; 6.21e-10 s                  ; 7.9e-10 s                   ; Yes                        ; Yes                        ; 2.32 V                      ; 6.15e-07 V                  ; 2.35 V             ; -0.00712 V         ; 0.093 V                             ; 0.02 V                              ; 6.21e-10 s                 ; 7.9e-10 s                  ; Yes                       ; Yes                       ;
+---------------+--------------+---------------------+---------------------+------------------------------+------------------------------+---------------------+---------------------+--------------------------------------+--------------------------------------+-----------------------------+-----------------------------+----------------------------+----------------------------+-----------------------------+-----------------------------+--------------------+--------------------+-------------------------------------+-------------------------------------+----------------------------+----------------------------+---------------------------+---------------------------+


+--------------------------------------------------------------------------------------------------------------------------------------------------------------------------------------------------------------------------------------------------------------------------------------------------------------------------------------------------------------------------------------------------------------------------------------------------------------------------------------------------------------------------------------------------------------------------------------------------------------------------------------------------------------------------------------------+
; Signal Integrity Metrics (Fast 1200mv 0c Model)                                                                                                                                                                                                                                                                                                                                                                                                                                                                                                                                                                                                                                            ;
+---------------+--------------+---------------------+---------------------+------------------------------+------------------------------+---------------------+---------------------+--------------------------------------+--------------------------------------+-----------------------------+-----------------------------+----------------------------+----------------------------+-----------------------------+-----------------------------+--------------------+--------------------+-------------------------------------+-------------------------------------+----------------------------+----------------------------+---------------------------+---------------------------+
; Pin           ; I/O Standard ; Board Delay on Rise ; Board Delay on Fall ; Steady State Voh at FPGA Pin ; Steady State Vol at FPGA Pin ; Voh Max at FPGA Pin ; Vol Min at FPGA Pin ; Ringback Voltage on Rise at FPGA Pin ; Ringback Voltage on Fall at FPGA Pin ; 10-90 Rise Time at FPGA Pin ; 90-10 Fall Time at FPGA Pin ; Monotonic Rise at FPGA Pin ; Monotonic Fall at FPGA Pin ; Steady State Voh at Far-end ; Steady State Vol at Far-end ; Voh Max at Far-end ; Vol Min at Far-end ; Ringback Voltage on Rise at Far-end ; Ringback Voltage on Fall at Far-end ; 10-90 Rise Time at Far-end ; 90-10 Fall Time at Far-end ; Monotonic Rise at Far-end ; Monotonic Fall at Far-end ;
+---------------+--------------+---------------------+---------------------+------------------------------+------------------------------+---------------------+---------------------+--------------------------------------+--------------------------------------+-----------------------------+-----------------------------+----------------------------+----------------------------+-----------------------------+-----------------------------+--------------------+--------------------+-------------------------------------+-------------------------------------+----------------------------+----------------------------+---------------------------+---------------------------+
; monitor_o[0]  ; 2.5 V        ; 0 s                 ; 0 s                 ; 2.62 V                       ; 2.74e-08 V                   ; 2.71 V              ; -0.0317 V           ; 0.148 V                              ; 0.064 V                              ; 4.51e-10 s                  ; 4.15e-10 s                  ; No                         ; Yes                        ; 2.62 V                      ; 2.74e-08 V                  ; 2.71 V             ; -0.0317 V          ; 0.148 V                             ; 0.064 V                             ; 4.51e-10 s                 ; 4.15e-10 s                 ; No                        ; Yes                       ;
; monitor_o[1]  ; 2.5 V        ; 0 s                 ; 0 s                 ; 2.62 V                       ; 2.74e-08 V                   ; 2.71 V              ; -0.0317 V           ; 0.148 V                              ; 0.064 V                              ; 4.51e-10 s                  ; 4.15e-10 s                  ; No                         ; Yes                        ; 2.62 V                      ; 2.74e-08 V                  ; 2.71 V             ; -0.0317 V          ; 0.148 V                             ; 0.064 V                             ; 4.51e-10 s                 ; 4.15e-10 s                 ; No                        ; Yes                       ;
; monitor_o[2]  ; 2.5 V        ; 0 s                 ; 0 s                 ; 2.62 V                       ; 2.74e-08 V                   ; 2.71 V              ; -0.0317 V           ; 0.148 V                              ; 0.064 V                              ; 4.51e-10 s                  ; 4.15e-10 s                  ; No                         ; Yes                        ; 2.62 V                      ; 2.74e-08 V                  ; 2.71 V             ; -0.0317 V          ; 0.148 V                             ; 0.064 V                             ; 4.51e-10 s                 ; 4.15e-10 s                 ; No                        ; Yes                       ;
; monitor_o[3]  ; 2.5 V        ; 0 s                 ; 0 s                 ; 2.62 V                       ; 2.74e-08 V                   ; 2.73 V              ; -0.0384 V           ; 0.169 V                              ; 0.089 V                              ; 2.7e-10 s                   ; 2.62e-10 s                  ; Yes                        ; Yes                        ; 2.62 V                      ; 2.74e-08 V                  ; 2.73 V             ; -0.0384 V          ; 0.169 V                             ; 0.089 V                             ; 2.7e-10 s                  ; 2.62e-10 s                 ; Yes                       ; Yes                       ;
; monitor_o[4]  ; 2.5 V        ; 0 s                 ; 0 s                 ; 2.62 V                       ; 2.74e-08 V                   ; 2.71 V              ; -0.0317 V           ; 0.148 V                              ; 0.064 V                              ; 4.51e-10 s                  ; 4.15e-10 s                  ; No                         ; Yes                        ; 2.62 V                      ; 2.74e-08 V                  ; 2.71 V             ; -0.0317 V          ; 0.148 V                             ; 0.064 V                             ; 4.51e-10 s                 ; 4.15e-10 s                 ; No                        ; Yes                       ;
; monitor_o[5]  ; 2.5 V        ; 0 s                 ; 0 s                 ; 2.62 V                       ; 2.74e-08 V                   ; 2.71 V              ; -0.0317 V           ; 0.148 V                              ; 0.064 V                              ; 4.51e-10 s                  ; 4.15e-10 s                  ; No                         ; Yes                        ; 2.62 V                      ; 2.74e-08 V                  ; 2.71 V             ; -0.0317 V          ; 0.148 V                             ; 0.064 V                             ; 4.51e-10 s                 ; 4.15e-10 s                 ; No                        ; Yes                       ;
; monitor_o[6]  ; 2.5 V        ; 0 s                 ; 0 s                 ; 2.62 V                       ; 2.74e-08 V                   ; 2.71 V              ; -0.0317 V           ; 0.148 V                              ; 0.064 V                              ; 4.51e-10 s                  ; 4.15e-10 s                  ; No                         ; Yes                        ; 2.62 V                      ; 2.74e-08 V                  ; 2.71 V             ; -0.0317 V          ; 0.148 V                             ; 0.064 V                             ; 4.51e-10 s                 ; 4.15e-10 s                 ; No                        ; Yes                       ;
; monitor_o[7]  ; 2.5 V        ; 0 s                 ; 0 s                 ; 2.62 V                       ; 2.74e-08 V                   ; 2.71 V              ; -0.0317 V           ; 0.148 V                              ; 0.064 V                              ; 4.51e-10 s                  ; 4.15e-10 s                  ; No                         ; Yes                        ; 2.62 V                      ; 2.74e-08 V                  ; 2.71 V             ; -0.0317 V          ; 0.148 V                             ; 0.064 V                             ; 4.51e-10 s                 ; 4.15e-10 s                 ; No                        ; Yes                       ;
; monitor_o[8]  ; 2.5 V        ; 0 s                 ; 0 s                 ; 2.62 V                       ; 2.74e-08 V                   ; 2.71 V              ; -0.0317 V           ; 0.148 V                              ; 0.064 V                              ; 4.51e-10 s                  ; 4.15e-10 s                  ; No                         ; Yes                        ; 2.62 V                      ; 2.74e-08 V                  ; 2.71 V             ; -0.0317 V          ; 0.148 V                             ; 0.064 V                             ; 4.51e-10 s                 ; 4.15e-10 s                 ; No                        ; Yes                       ;
; monitor_o[9]  ; 2.5 V        ; 0 s                 ; 0 s                 ; 2.62 V                       ; 2.74e-08 V                   ; 2.71 V              ; -0.0317 V           ; 0.148 V                              ; 0.064 V                              ; 4.51e-10 s                  ; 4.15e-10 s                  ; No                         ; Yes                        ; 2.62 V                      ; 2.74e-08 V                  ; 2.71 V             ; -0.0317 V          ; 0.148 V                             ; 0.064 V                             ; 4.51e-10 s                 ; 4.15e-10 s                 ; No                        ; Yes                       ;
; monitor_o[10] ; 2.5 V        ; 0 s                 ; 0 s                 ; 2.62 V                       ; 2.74e-08 V                   ; 2.71 V              ; -0.0317 V           ; 0.148 V                              ; 0.064 V                              ; 4.51e-10 s                  ; 4.15e-10 s                  ; No                         ; Yes                        ; 2.62 V                      ; 2.74e-08 V                  ; 2.71 V             ; -0.0317 V          ; 0.148 V                             ; 0.064 V                             ; 4.51e-10 s                 ; 4.15e-10 s                 ; No                        ; Yes                       ;
; monitor_o[11] ; 2.5 V        ; 0 s                 ; 0 s                 ; 2.62 V                       ; 2.74e-08 V                   ; 2.71 V              ; -0.0317 V           ; 0.148 V                              ; 0.064 V                              ; 4.51e-10 s                  ; 4.15e-10 s                  ; No                         ; Yes                        ; 2.62 V                      ; 2.74e-08 V                  ; 2.71 V             ; -0.0317 V          ; 0.148 V                             ; 0.064 V                             ; 4.51e-10 s                 ; 4.15e-10 s                 ; No                        ; Yes                       ;
; monitor_o[12] ; 2.5 V        ; 0 s                 ; 0 s                 ; 2.62 V                       ; 2.74e-08 V                   ; 2.64 V              ; -0.0117 V           ; 0.202 V                              ; 0.176 V                              ; 2.38e-09 s                  ; 2.22e-09 s                  ; No                         ; Yes                        ; 2.62 V                      ; 2.74e-08 V                  ; 2.64 V             ; -0.0117 V          ; 0.202 V                             ; 0.176 V                             ; 2.38e-09 s                 ; 2.22e-09 s                 ; No                        ; Yes                       ;
; monitor_o[13] ; 2.5 V        ; 0 s                 ; 0 s                 ; 2.62 V                       ; 2.74e-08 V                   ; 2.71 V              ; -0.0317 V           ; 0.148 V                              ; 0.064 V                              ; 4.51e-10 s                  ; 4.15e-10 s                  ; No                         ; Yes                        ; 2.62 V                      ; 2.74e-08 V                  ; 2.71 V             ; -0.0317 V          ; 0.148 V                             ; 0.064 V                             ; 4.51e-10 s                 ; 4.15e-10 s                 ; No                        ; Yes                       ;
; monitor_o[14] ; 2.5 V        ; 0 s                 ; 0 s                 ; 2.62 V                       ; 2.74e-08 V                   ; 2.71 V              ; -0.0317 V           ; 0.148 V                              ; 0.064 V                              ; 4.51e-10 s                  ; 4.15e-10 s                  ; No                         ; Yes                        ; 2.62 V                      ; 2.74e-08 V                  ; 2.71 V             ; -0.0317 V          ; 0.148 V                             ; 0.064 V                             ; 4.51e-10 s                 ; 4.15e-10 s                 ; No                        ; Yes                       ;
; monitor_o[15] ; 2.5 V        ; 0 s                 ; 0 s                 ; 2.62 V                       ; 2.74e-08 V                   ; 2.71 V              ; -0.0317 V           ; 0.148 V                              ; 0.064 V                              ; 4.51e-10 s                  ; 4.15e-10 s                  ; No                         ; Yes                        ; 2.62 V                      ; 2.74e-08 V                  ; 2.71 V             ; -0.0317 V          ; 0.148 V                             ; 0.064 V                             ; 4.51e-10 s                 ; 4.15e-10 s                 ; No                        ; Yes                       ;
; monitor_o[16] ; 2.5 V        ; 0 s                 ; 0 s                 ; 2.62 V                       ; 2.74e-08 V                   ; 2.71 V              ; -0.0317 V           ; 0.148 V                              ; 0.064 V                              ; 4.51e-10 s                  ; 4.15e-10 s                  ; No                         ; Yes                        ; 2.62 V                      ; 2.74e-08 V                  ; 2.71 V             ; -0.0317 V          ; 0.148 V                             ; 0.064 V                             ; 4.51e-10 s                 ; 4.15e-10 s                 ; No                        ; Yes                       ;
; monitor_o[17] ; 2.5 V        ; 0 s                 ; 0 s                 ; 2.62 V                       ; 2.74e-08 V                   ; 2.71 V              ; -0.0317 V           ; 0.148 V                              ; 0.064 V                              ; 4.51e-10 s                  ; 4.15e-10 s                  ; No                         ; Yes                        ; 2.62 V                      ; 2.74e-08 V                  ; 2.71 V             ; -0.0317 V          ; 0.148 V                             ; 0.064 V                             ; 4.51e-10 s                 ; 4.15e-10 s                 ; No                        ; Yes                       ;
; monitor_o[18] ; 2.5 V        ; 0 s                 ; 0 s                 ; 2.62 V                       ; 2.74e-08 V                   ; 2.71 V              ; -0.0317 V           ; 0.148 V                              ; 0.064 V                              ; 4.51e-10 s                  ; 4.15e-10 s                  ; No                         ; Yes                        ; 2.62 V                      ; 2.74e-08 V                  ; 2.71 V             ; -0.0317 V          ; 0.148 V                             ; 0.064 V                             ; 4.51e-10 s                 ; 4.15e-10 s                 ; No                        ; Yes                       ;
; monitor_o[19] ; 2.5 V        ; 0 s                 ; 0 s                 ; 2.62 V                       ; 2.74e-08 V                   ; 2.71 V              ; -0.0317 V           ; 0.148 V                              ; 0.064 V                              ; 4.51e-10 s                  ; 4.15e-10 s                  ; No                         ; Yes                        ; 2.62 V                      ; 2.74e-08 V                  ; 2.71 V             ; -0.0317 V          ; 0.148 V                             ; 0.064 V                             ; 4.51e-10 s                 ; 4.15e-10 s                 ; No                        ; Yes                       ;
; monitor_o[20] ; 2.5 V        ; 0 s                 ; 0 s                 ; 2.62 V                       ; 2.74e-08 V                   ; 2.64 V              ; -0.0117 V           ; 0.202 V                              ; 0.176 V                              ; 2.38e-09 s                  ; 2.22e-09 s                  ; No                         ; Yes                        ; 2.62 V                      ; 2.74e-08 V                  ; 2.64 V             ; -0.0117 V          ; 0.202 V                             ; 0.176 V                             ; 2.38e-09 s                 ; 2.22e-09 s                 ; No                        ; Yes                       ;
; monitor_o[21] ; 2.5 V        ; 0 s                 ; 0 s                 ; 2.62 V                       ; 2.74e-08 V                   ; 2.71 V              ; -0.0317 V           ; 0.148 V                              ; 0.064 V                              ; 4.51e-10 s                  ; 4.15e-10 s                  ; No                         ; Yes                        ; 2.62 V                      ; 2.74e-08 V                  ; 2.71 V             ; -0.0317 V          ; 0.148 V                             ; 0.064 V                             ; 4.51e-10 s                 ; 4.15e-10 s                 ; No                        ; Yes                       ;
; monitor_o[22] ; 2.5 V        ; 0 s                 ; 0 s                 ; 2.62 V                       ; 2.74e-08 V                   ; 2.71 V              ; -0.0317 V           ; 0.148 V                              ; 0.064 V                              ; 4.51e-10 s                  ; 4.15e-10 s                  ; No                         ; Yes                        ; 2.62 V                      ; 2.74e-08 V                  ; 2.71 V             ; -0.0317 V          ; 0.148 V                             ; 0.064 V                             ; 4.51e-10 s                 ; 4.15e-10 s                 ; No                        ; Yes                       ;
; monitor_o[23] ; 2.5 V        ; 0 s                 ; 0 s                 ; 2.62 V                       ; 2.74e-08 V                   ; 2.71 V              ; -0.0317 V           ; 0.148 V                              ; 0.064 V                              ; 4.51e-10 s                  ; 4.15e-10 s                  ; No                         ; Yes                        ; 2.62 V                      ; 2.74e-08 V                  ; 2.71 V             ; -0.0317 V          ; 0.148 V                             ; 0.064 V                             ; 4.51e-10 s                 ; 4.15e-10 s                 ; No                        ; Yes                       ;
; monitor_o[24] ; 2.5 V        ; 0 s                 ; 0 s                 ; 2.62 V                       ; 2.74e-08 V                   ; 2.71 V              ; -0.0317 V           ; 0.148 V                              ; 0.064 V                              ; 4.51e-10 s                  ; 4.15e-10 s                  ; No                         ; Yes                        ; 2.62 V                      ; 2.74e-08 V                  ; 2.71 V             ; -0.0317 V          ; 0.148 V                             ; 0.064 V                             ; 4.51e-10 s                 ; 4.15e-10 s                 ; No                        ; Yes                       ;
; monitor_o[25] ; 2.5 V        ; 0 s                 ; 0 s                 ; 2.62 V                       ; 2.74e-08 V                   ; 2.71 V              ; -0.0317 V           ; 0.148 V                              ; 0.064 V                              ; 4.51e-10 s                  ; 4.15e-10 s                  ; No                         ; Yes                        ; 2.62 V                      ; 2.74e-08 V                  ; 2.71 V             ; -0.0317 V          ; 0.148 V                             ; 0.064 V                             ; 4.51e-10 s                 ; 4.15e-10 s                 ; No                        ; Yes                       ;
; monitor_o[26] ; 2.5 V        ; 0 s                 ; 0 s                 ; 2.62 V                       ; 2.74e-08 V                   ; 2.71 V              ; -0.0317 V           ; 0.148 V                              ; 0.064 V                              ; 4.51e-10 s                  ; 4.15e-10 s                  ; No                         ; Yes                        ; 2.62 V                      ; 2.74e-08 V                  ; 2.71 V             ; -0.0317 V          ; 0.148 V                             ; 0.064 V                             ; 4.51e-10 s                 ; 4.15e-10 s                 ; No                        ; Yes                       ;
; monitor_o[27] ; 2.5 V        ; 0 s                 ; 0 s                 ; 2.62 V                       ; 2.74e-08 V                   ; 2.71 V              ; -0.0317 V           ; 0.148 V                              ; 0.064 V                              ; 4.51e-10 s                  ; 4.15e-10 s                  ; No                         ; Yes                        ; 2.62 V                      ; 2.74e-08 V                  ; 2.71 V             ; -0.0317 V          ; 0.148 V                             ; 0.064 V                             ; 4.51e-10 s                 ; 4.15e-10 s                 ; No                        ; Yes                       ;
; monitor_o[28] ; 2.5 V        ; 0 s                 ; 0 s                 ; 2.62 V                       ; 2.74e-08 V                   ; 2.71 V              ; -0.0317 V           ; 0.148 V                              ; 0.064 V                              ; 4.51e-10 s                  ; 4.15e-10 s                  ; No                         ; Yes                        ; 2.62 V                      ; 2.74e-08 V                  ; 2.71 V             ; -0.0317 V          ; 0.148 V                             ; 0.064 V                             ; 4.51e-10 s                 ; 4.15e-10 s                 ; No                        ; Yes                       ;
; monitor_o[29] ; 2.5 V        ; 0 s                 ; 0 s                 ; 2.62 V                       ; 2.74e-08 V                   ; 2.71 V              ; -0.0317 V           ; 0.148 V                              ; 0.064 V                              ; 4.51e-10 s                  ; 4.15e-10 s                  ; No                         ; Yes                        ; 2.62 V                      ; 2.74e-08 V                  ; 2.71 V             ; -0.0317 V          ; 0.148 V                             ; 0.064 V                             ; 4.51e-10 s                 ; 4.15e-10 s                 ; No                        ; Yes                       ;
; monitor_o[30] ; 2.5 V        ; 0 s                 ; 0 s                 ; 2.62 V                       ; 2.74e-08 V                   ; 2.71 V              ; -0.0317 V           ; 0.148 V                              ; 0.064 V                              ; 4.51e-10 s                  ; 4.15e-10 s                  ; No                         ; Yes                        ; 2.62 V                      ; 2.74e-08 V                  ; 2.71 V             ; -0.0317 V          ; 0.148 V                             ; 0.064 V                             ; 4.51e-10 s                 ; 4.15e-10 s                 ; No                        ; Yes                       ;
; monitor_o[31] ; 2.5 V        ; 0 s                 ; 0 s                 ; 2.62 V                       ; 2.74e-08 V                   ; 2.71 V              ; -0.0317 V           ; 0.148 V                              ; 0.064 V                              ; 4.51e-10 s                  ; 4.15e-10 s                  ; No                         ; Yes                        ; 2.62 V                      ; 2.74e-08 V                  ; 2.71 V             ; -0.0317 V          ; 0.148 V                             ; 0.064 V                             ; 4.51e-10 s                 ; 4.15e-10 s                 ; No                        ; Yes                       ;
; monitor_o[32] ; 2.5 V        ; 0 s                 ; 0 s                 ; 2.62 V                       ; 2.74e-08 V                   ; 2.71 V              ; -0.0317 V           ; 0.148 V                              ; 0.064 V                              ; 4.51e-10 s                  ; 4.15e-10 s                  ; No                         ; Yes                        ; 2.62 V                      ; 2.74e-08 V                  ; 2.71 V             ; -0.0317 V          ; 0.148 V                             ; 0.064 V                             ; 4.51e-10 s                 ; 4.15e-10 s                 ; No                        ; Yes                       ;
; monitor_o[33] ; 2.5 V        ; 0 s                 ; 0 s                 ; 2.62 V                       ; 4.05e-08 V                   ; 2.72 V              ; -0.0349 V           ; 0.173 V                              ; 0.1 V                                ; 2.72e-10 s                  ; 2.69e-10 s                  ; Yes                        ; Yes                        ; 2.62 V                      ; 4.05e-08 V                  ; 2.72 V             ; -0.0349 V          ; 0.173 V                             ; 0.1 V                               ; 2.72e-10 s                 ; 2.69e-10 s                 ; Yes                       ; Yes                       ;
; monitor_o[34] ; 2.5 V        ; 0 s                 ; 0 s                 ; 2.62 V                       ; 4.05e-08 V                   ; 2.72 V              ; -0.0349 V           ; 0.173 V                              ; 0.1 V                                ; 2.72e-10 s                  ; 2.69e-10 s                  ; Yes                        ; Yes                        ; 2.62 V                      ; 4.05e-08 V                  ; 2.72 V             ; -0.0349 V          ; 0.173 V                             ; 0.1 V                               ; 2.72e-10 s                 ; 2.69e-10 s                 ; Yes                       ; Yes                       ;
; monitor_o[35] ; 2.5 V        ; 0 s                 ; 0 s                 ; 2.62 V                       ; 4.05e-08 V                   ; 2.72 V              ; -0.0349 V           ; 0.173 V                              ; 0.1 V                                ; 2.72e-10 s                  ; 2.69e-10 s                  ; Yes                        ; Yes                        ; 2.62 V                      ; 4.05e-08 V                  ; 2.72 V             ; -0.0349 V          ; 0.173 V                             ; 0.1 V                               ; 2.72e-10 s                 ; 2.69e-10 s                 ; Yes                       ; Yes                       ;
; monitor_o[36] ; 2.5 V        ; 0 s                 ; 0 s                 ; 2.62 V                       ; 4.05e-08 V                   ; 2.72 V              ; -0.0349 V           ; 0.173 V                              ; 0.1 V                                ; 2.72e-10 s                  ; 2.69e-10 s                  ; Yes                        ; Yes                        ; 2.62 V                      ; 4.05e-08 V                  ; 2.72 V             ; -0.0349 V          ; 0.173 V                             ; 0.1 V                               ; 2.72e-10 s                 ; 2.69e-10 s                 ; Yes                       ; Yes                       ;
; monitor_o[37] ; 2.5 V        ; 0 s                 ; 0 s                 ; 2.62 V                       ; 4.05e-08 V                   ; 2.72 V              ; -0.0349 V           ; 0.173 V                              ; 0.1 V                                ; 2.72e-10 s                  ; 2.69e-10 s                  ; Yes                        ; Yes                        ; 2.62 V                      ; 4.05e-08 V                  ; 2.72 V             ; -0.0349 V          ; 0.173 V                             ; 0.1 V                               ; 2.72e-10 s                 ; 2.69e-10 s                 ; Yes                       ; Yes                       ;
; monitor_o[38] ; 2.5 V        ; 0 s                 ; 0 s                 ; 2.62 V                       ; 4.05e-08 V                   ; 2.72 V              ; -0.0349 V           ; 0.173 V                              ; 0.1 V                                ; 2.72e-10 s                  ; 2.69e-10 s                  ; Yes                        ; Yes                        ; 2.62 V                      ; 4.05e-08 V                  ; 2.72 V             ; -0.0349 V          ; 0.173 V                             ; 0.1 V                               ; 2.72e-10 s                 ; 2.69e-10 s                 ; Yes                       ; Yes                       ;
; monitor_o[39] ; 2.5 V        ; 0 s                 ; 0 s                 ; 2.62 V                       ; 4.05e-08 V                   ; 2.72 V              ; -0.0349 V           ; 0.173 V                              ; 0.1 V                                ; 2.72e-10 s                  ; 2.69e-10 s                  ; Yes                        ; Yes                        ; 2.62 V                      ; 4.05e-08 V                  ; 2.72 V             ; -0.0349 V          ; 0.173 V                             ; 0.1 V                               ; 2.72e-10 s                 ; 2.69e-10 s                 ; Yes                       ; Yes                       ;
; monitor_o[40] ; 2.5 V        ; 0 s                 ; 0 s                 ; 2.62 V                       ; 4.05e-08 V                   ; 2.72 V              ; -0.0349 V           ; 0.173 V                              ; 0.1 V                                ; 2.72e-10 s                  ; 2.69e-10 s                  ; Yes                        ; Yes                        ; 2.62 V                      ; 4.05e-08 V                  ; 2.72 V             ; -0.0349 V          ; 0.173 V                             ; 0.1 V                               ; 2.72e-10 s                 ; 2.69e-10 s                 ; Yes                       ; Yes                       ;
; monitor_o[41] ; 2.5 V        ; 0 s                 ; 0 s                 ; 2.62 V                       ; 4.05e-08 V                   ; 2.72 V              ; -0.0349 V           ; 0.173 V                              ; 0.1 V                                ; 2.72e-10 s                  ; 2.69e-10 s                  ; Yes                        ; Yes                        ; 2.62 V                      ; 4.05e-08 V                  ; 2.72 V             ; -0.0349 V          ; 0.173 V                             ; 0.1 V                               ; 2.72e-10 s                 ; 2.69e-10 s                 ; Yes                       ; Yes                       ;
; monitor_o[42] ; 2.5 V        ; 0 s                 ; 0 s                 ; 2.62 V                       ; 4.05e-08 V                   ; 2.72 V              ; -0.0349 V           ; 0.173 V                              ; 0.1 V                                ; 2.72e-10 s                  ; 2.69e-10 s                  ; Yes                        ; Yes                        ; 2.62 V                      ; 4.05e-08 V                  ; 2.72 V             ; -0.0349 V          ; 0.173 V                             ; 0.1 V                               ; 2.72e-10 s                 ; 2.69e-10 s                 ; Yes                       ; Yes                       ;
; monitor_o[43] ; 2.5 V        ; 0 s                 ; 0 s                 ; 2.62 V                       ; 4.05e-08 V                   ; 2.72 V              ; -0.0349 V           ; 0.173 V                              ; 0.1 V                                ; 2.72e-10 s                  ; 2.69e-10 s                  ; Yes                        ; Yes                        ; 2.62 V                      ; 4.05e-08 V                  ; 2.72 V             ; -0.0349 V          ; 0.173 V                             ; 0.1 V                               ; 2.72e-10 s                 ; 2.69e-10 s                 ; Yes                       ; Yes                       ;
; monitor_o[44] ; 2.5 V        ; 0 s                 ; 0 s                 ; 2.62 V                       ; 4.05e-08 V                   ; 2.72 V              ; -0.0349 V           ; 0.173 V                              ; 0.1 V                                ; 2.72e-10 s                  ; 2.69e-10 s                  ; Yes                        ; Yes                        ; 2.62 V                      ; 4.05e-08 V                  ; 2.72 V             ; -0.0349 V          ; 0.173 V                             ; 0.1 V                               ; 2.72e-10 s                 ; 2.69e-10 s                 ; Yes                       ; Yes                       ;
; monitor_o[45] ; 2.5 V        ; 0 s                 ; 0 s                 ; 2.62 V                       ; 4.05e-08 V                   ; 2.72 V              ; -0.0349 V           ; 0.173 V                              ; 0.1 V                                ; 2.72e-10 s                  ; 2.69e-10 s                  ; Yes                        ; Yes                        ; 2.62 V                      ; 4.05e-08 V                  ; 2.72 V             ; -0.0349 V          ; 0.173 V                             ; 0.1 V                               ; 2.72e-10 s                 ; 2.69e-10 s                 ; Yes                       ; Yes                       ;
; monitor_o[46] ; 2.5 V        ; 0 s                 ; 0 s                 ; 2.62 V                       ; 4.05e-08 V                   ; 2.72 V              ; -0.0349 V           ; 0.173 V                              ; 0.1 V                                ; 2.72e-10 s                  ; 2.69e-10 s                  ; Yes                        ; Yes                        ; 2.62 V                      ; 4.05e-08 V                  ; 2.72 V             ; -0.0349 V          ; 0.173 V                             ; 0.1 V                               ; 2.72e-10 s                 ; 2.69e-10 s                 ; Yes                       ; Yes                       ;
; monitor_o[47] ; 2.5 V        ; 0 s                 ; 0 s                 ; 2.62 V                       ; 4.05e-08 V                   ; 2.72 V              ; -0.0349 V           ; 0.173 V                              ; 0.1 V                                ; 2.72e-10 s                  ; 2.69e-10 s                  ; Yes                        ; Yes                        ; 2.62 V                      ; 4.05e-08 V                  ; 2.72 V             ; -0.0349 V          ; 0.173 V                             ; 0.1 V                               ; 2.72e-10 s                 ; 2.69e-10 s                 ; Yes                       ; Yes                       ;
; monitor_o[48] ; 2.5 V        ; 0 s                 ; 0 s                 ; 2.62 V                       ; 4.05e-08 V                   ; 2.72 V              ; -0.0349 V           ; 0.173 V                              ; 0.1 V                                ; 2.72e-10 s                  ; 2.69e-10 s                  ; Yes                        ; Yes                        ; 2.62 V                      ; 4.05e-08 V                  ; 2.72 V             ; -0.0349 V          ; 0.173 V                             ; 0.1 V                               ; 2.72e-10 s                 ; 2.69e-10 s                 ; Yes                       ; Yes                       ;
; monitor_o[49] ; 2.5 V        ; 0 s                 ; 0 s                 ; 2.62 V                       ; 4.05e-08 V                   ; 2.72 V              ; -0.0349 V           ; 0.173 V                              ; 0.1 V                                ; 2.72e-10 s                  ; 2.69e-10 s                  ; Yes                        ; Yes                        ; 2.62 V                      ; 4.05e-08 V                  ; 2.72 V             ; -0.0349 V          ; 0.173 V                             ; 0.1 V                               ; 2.72e-10 s                 ; 2.69e-10 s                 ; Yes                       ; Yes                       ;
; monitor_o[50] ; 2.5 V        ; 0 s                 ; 0 s                 ; 2.62 V                       ; 4.05e-08 V                   ; 2.72 V              ; -0.0349 V           ; 0.173 V                              ; 0.1 V                                ; 2.72e-10 s                  ; 2.69e-10 s                  ; Yes                        ; Yes                        ; 2.62 V                      ; 4.05e-08 V                  ; 2.72 V             ; -0.0349 V          ; 0.173 V                             ; 0.1 V                               ; 2.72e-10 s                 ; 2.69e-10 s                 ; Yes                       ; Yes                       ;
; monitor_o[51] ; 2.5 V        ; 0 s                 ; 0 s                 ; 2.62 V                       ; 4.05e-08 V                   ; 2.72 V              ; -0.0349 V           ; 0.173 V                              ; 0.1 V                                ; 2.72e-10 s                  ; 2.69e-10 s                  ; Yes                        ; Yes                        ; 2.62 V                      ; 4.05e-08 V                  ; 2.72 V             ; -0.0349 V          ; 0.173 V                             ; 0.1 V                               ; 2.72e-10 s                 ; 2.69e-10 s                 ; Yes                       ; Yes                       ;
; monitor_o[52] ; 2.5 V        ; 0 s                 ; 0 s                 ; 2.62 V                       ; 4.05e-08 V                   ; 2.72 V              ; -0.0349 V           ; 0.173 V                              ; 0.1 V                                ; 2.72e-10 s                  ; 2.69e-10 s                  ; Yes                        ; Yes                        ; 2.62 V                      ; 4.05e-08 V                  ; 2.72 V             ; -0.0349 V          ; 0.173 V                             ; 0.1 V                               ; 2.72e-10 s                 ; 2.69e-10 s                 ; Yes                       ; Yes                       ;
; monitor_o[53] ; 2.5 V        ; 0 s                 ; 0 s                 ; 2.62 V                       ; 4.05e-08 V                   ; 2.72 V              ; -0.0349 V           ; 0.173 V                              ; 0.1 V                                ; 2.72e-10 s                  ; 2.69e-10 s                  ; Yes                        ; Yes                        ; 2.62 V                      ; 4.05e-08 V                  ; 2.72 V             ; -0.0349 V          ; 0.173 V                             ; 0.1 V                               ; 2.72e-10 s                 ; 2.69e-10 s                 ; Yes                       ; Yes                       ;
; monitor_o[54] ; 2.5 V        ; 0 s                 ; 0 s                 ; 2.62 V                       ; 4.05e-08 V                   ; 2.72 V              ; -0.0349 V           ; 0.173 V                              ; 0.1 V                                ; 2.72e-10 s                  ; 2.69e-10 s                  ; Yes                        ; Yes                        ; 2.62 V                      ; 4.05e-08 V                  ; 2.72 V             ; -0.0349 V          ; 0.173 V                             ; 0.1 V                               ; 2.72e-10 s                 ; 2.69e-10 s                 ; Yes                       ; Yes                       ;
; monitor_o[55] ; 2.5 V        ; 0 s                 ; 0 s                 ; 2.62 V                       ; 4.05e-08 V                   ; 2.72 V              ; -0.0349 V           ; 0.173 V                              ; 0.1 V                                ; 2.72e-10 s                  ; 2.69e-10 s                  ; Yes                        ; Yes                        ; 2.62 V                      ; 4.05e-08 V                  ; 2.72 V             ; -0.0349 V          ; 0.173 V                             ; 0.1 V                               ; 2.72e-10 s                 ; 2.69e-10 s                 ; Yes                       ; Yes                       ;
; monitor_o[56] ; 2.5 V        ; 0 s                 ; 0 s                 ; 2.62 V                       ; 4.05e-08 V                   ; 2.72 V              ; -0.0349 V           ; 0.173 V                              ; 0.1 V                                ; 2.72e-10 s                  ; 2.69e-10 s                  ; Yes                        ; Yes                        ; 2.62 V                      ; 4.05e-08 V                  ; 2.72 V             ; -0.0349 V          ; 0.173 V                             ; 0.1 V                               ; 2.72e-10 s                 ; 2.69e-10 s                 ; Yes                       ; Yes                       ;
; monitor_o[57] ; 2.5 V        ; 0 s                 ; 0 s                 ; 2.62 V                       ; 4.05e-08 V                   ; 2.72 V              ; -0.0349 V           ; 0.173 V                              ; 0.1 V                                ; 2.72e-10 s                  ; 2.69e-10 s                  ; Yes                        ; Yes                        ; 2.62 V                      ; 4.05e-08 V                  ; 2.72 V             ; -0.0349 V          ; 0.173 V                             ; 0.1 V                               ; 2.72e-10 s                 ; 2.69e-10 s                 ; Yes                       ; Yes                       ;
; monitor_o[58] ; 2.5 V        ; 0 s                 ; 0 s                 ; 2.62 V                       ; 4.05e-08 V                   ; 2.72 V              ; -0.0349 V           ; 0.173 V                              ; 0.1 V                                ; 2.72e-10 s                  ; 2.69e-10 s                  ; Yes                        ; Yes                        ; 2.62 V                      ; 4.05e-08 V                  ; 2.72 V             ; -0.0349 V          ; 0.173 V                             ; 0.1 V                               ; 2.72e-10 s                 ; 2.69e-10 s                 ; Yes                       ; Yes                       ;
; monitor_o[59] ; 2.5 V        ; 0 s                 ; 0 s                 ; 2.62 V                       ; 4.05e-08 V                   ; 2.72 V              ; -0.0349 V           ; 0.173 V                              ; 0.1 V                                ; 2.72e-10 s                  ; 2.69e-10 s                  ; Yes                        ; Yes                        ; 2.62 V                      ; 4.05e-08 V                  ; 2.72 V             ; -0.0349 V          ; 0.173 V                             ; 0.1 V                               ; 2.72e-10 s                 ; 2.69e-10 s                 ; Yes                       ; Yes                       ;
; monitor_o[60] ; 2.5 V        ; 0 s                 ; 0 s                 ; 2.62 V                       ; 4.05e-08 V                   ; 2.72 V              ; -0.0349 V           ; 0.173 V                              ; 0.1 V                                ; 2.72e-10 s                  ; 2.69e-10 s                  ; Yes                        ; Yes                        ; 2.62 V                      ; 4.05e-08 V                  ; 2.72 V             ; -0.0349 V          ; 0.173 V                             ; 0.1 V                               ; 2.72e-10 s                 ; 2.69e-10 s                 ; Yes                       ; Yes                       ;
; monitor_o[61] ; 2.5 V        ; 0 s                 ; 0 s                 ; 2.62 V                       ; 4.05e-08 V                   ; 2.72 V              ; -0.0349 V           ; 0.173 V                              ; 0.1 V                                ; 2.72e-10 s                  ; 2.69e-10 s                  ; Yes                        ; Yes                        ; 2.62 V                      ; 4.05e-08 V                  ; 2.72 V             ; -0.0349 V          ; 0.173 V                             ; 0.1 V                               ; 2.72e-10 s                 ; 2.69e-10 s                 ; Yes                       ; Yes                       ;
; monitor_o[62] ; 2.5 V        ; 0 s                 ; 0 s                 ; 2.62 V                       ; 4.05e-08 V                   ; 2.64 V              ; -0.0113 V           ; 0.208 V                              ; 0.179 V                              ; 2.38e-09 s                  ; 2.23e-09 s                  ; No                         ; Yes                        ; 2.62 V                      ; 4.05e-08 V                  ; 2.64 V             ; -0.0113 V          ; 0.208 V                             ; 0.179 V                             ; 2.38e-09 s                 ; 2.23e-09 s                 ; No                        ; Yes                       ;
; monitor_o[63] ; 2.5 V        ; 0 s                 ; 0 s                 ; 2.62 V                       ; 4.05e-08 V                   ; 2.72 V              ; -0.0349 V           ; 0.173 V                              ; 0.1 V                                ; 2.72e-10 s                  ; 2.69e-10 s                  ; Yes                        ; Yes                        ; 2.62 V                      ; 4.05e-08 V                  ; 2.72 V             ; -0.0349 V          ; 0.173 V                             ; 0.1 V                               ; 2.72e-10 s                 ; 2.69e-10 s                 ; Yes                       ; Yes                       ;
; ~ALTERA_DCLK~ ; 2.5 V        ; 0 s                 ; 0 s                 ; 2.62 V                       ; 2.22e-08 V                   ; 2.74 V              ; -0.06 V             ; 0.158 V                              ; 0.08 V                               ; 2.68e-10 s                  ; 2.19e-10 s                  ; Yes                        ; Yes                        ; 2.62 V                      ; 2.22e-08 V                  ; 2.74 V             ; -0.06 V            ; 0.158 V                             ; 0.08 V                              ; 2.68e-10 s                 ; 2.19e-10 s                 ; Yes                       ; Yes                       ;
; ~ALTERA_nCEO~ ; 2.5 V        ; 0 s                 ; 0 s                 ; 2.62 V                       ; 3.54e-08 V                   ; 2.7 V               ; -0.00943 V          ; 0.276 V                              ; 0.035 V                              ; 3.19e-10 s                  ; 4.99e-10 s                  ; No                         ; Yes                        ; 2.62 V                      ; 3.54e-08 V                  ; 2.7 V              ; -0.00943 V         ; 0.276 V                             ; 0.035 V                             ; 3.19e-10 s                 ; 4.99e-10 s                 ; No                        ; Yes                       ;
+---------------+--------------+---------------------+---------------------+------------------------------+------------------------------+---------------------+---------------------+--------------------------------------+--------------------------------------+-----------------------------+-----------------------------+----------------------------+----------------------------+-----------------------------+-----------------------------+--------------------+--------------------+-------------------------------------+-------------------------------------+----------------------------+----------------------------+---------------------------+---------------------------+


+-------------------------------------------------------------------+
; Setup Transfers                                                   ;
+------------+----------+----------+----------+----------+----------+
; From Clock ; To Clock ; RR Paths ; FR Paths ; RF Paths ; FF Paths ;
+------------+----------+----------+----------+----------+----------+
; clk_i      ; clk_i    ; 255484   ; 0        ; 0        ; 0        ;
+------------+----------+----------+----------+----------+----------+
Entries labeled "false path" only account for clock-to-clock false paths and not path-based false paths. As a result, actual path counts may be lower than reported.


+-------------------------------------------------------------------+
; Hold Transfers                                                    ;
+------------+----------+----------+----------+----------+----------+
; From Clock ; To Clock ; RR Paths ; FR Paths ; RF Paths ; FF Paths ;
+------------+----------+----------+----------+----------+----------+
; clk_i      ; clk_i    ; 255484   ; 0        ; 0        ; 0        ;
+------------+----------+----------+----------+----------+----------+
Entries labeled "false path" only account for clock-to-clock false paths and not path-based false paths. As a result, actual path counts may be lower than reported.


---------------
; Report TCCS ;
---------------
No dedicated SERDES Transmitter circuitry present in device or used in design


---------------
; Report RSKM ;
---------------
No non-DPA dedicated SERDES Receiver circuitry present in device or used in design


+------------------------------------------------+
; Unconstrained Paths Summary                    ;
+---------------------------------+-------+------+
; Property                        ; Setup ; Hold ;
+---------------------------------+-------+------+
; Illegal Clocks                  ; 0     ; 0    ;
; Unconstrained Clocks            ; 0     ; 0    ;
; Unconstrained Input Ports       ; 1     ; 1    ;
; Unconstrained Input Port Paths  ; 39    ; 39   ;
; Unconstrained Output Ports      ; 64    ; 64   ;
; Unconstrained Output Port Paths ; 5536  ; 5536 ;
+---------------------------------+-------+------+


+-------------------------------------+
; Clock Status Summary                ;
+--------+-------+------+-------------+
; Target ; Clock ; Type ; Status      ;
+--------+-------+------+-------------+
; clk_i  ; clk_i ; Base ; Constrained ;
+--------+-------+------+-------------+


+---------------------------------------------------------------------------------------------------+
; Unconstrained Input Ports                                                                         ;
+------------+--------------------------------------------------------------------------------------+
; Input Port ; Comment                                                                              ;
+------------+--------------------------------------------------------------------------------------+
; rst_ni     ; No input delay, min/max delays, false-path exceptions, or max skew assignments found ;
+------------+--------------------------------------------------------------------------------------+


+-------------------------------------------------------------------------------------------------------+
; Unconstrained Output Ports                                                                            ;
+---------------+---------------------------------------------------------------------------------------+
; Output Port   ; Comment                                                                               ;
+---------------+---------------------------------------------------------------------------------------+
; monitor_o[0]  ; No output delay, min/max delays, false-path exceptions, or max skew assignments found ;
; monitor_o[1]  ; No output delay, min/max delays, false-path exceptions, or max skew assignments found ;
; monitor_o[2]  ; No output delay, min/max delays, false-path exceptions, or max skew assignments found ;
; monitor_o[3]  ; No output delay, min/max delays, false-path exceptions, or max skew assignments found ;
; monitor_o[4]  ; No output delay, min/max delays, false-path exceptions, or max skew assignments found ;
; monitor_o[5]  ; No output delay, min/max delays, false-path exceptions, or max skew assignments found ;
; monitor_o[6]  ; No output delay, min/max delays, false-path exceptions, or max skew assignments found ;
; monitor_o[7]  ; No output delay, min/max delays, false-path exceptions, or max skew assignments found ;
; monitor_o[8]  ; No output delay, min/max delays, false-path exceptions, or max skew assignments found ;
; monitor_o[9]  ; No output delay, min/max delays, false-path exceptions, or max skew assignments found ;
; monitor_o[10] ; No output delay, min/max delays, false-path exceptions, or max skew assignments found ;
; monitor_o[11] ; No output delay, min/max delays, false-path exceptions, or max skew assignments found ;
; monitor_o[12] ; No output delay, min/max delays, false-path exceptions, or max skew assignments found ;
; monitor_o[13] ; No output delay, min/max delays, false-path exceptions, or max skew assignments found ;
; monitor_o[14] ; No output delay, min/max delays, false-path exceptions, or max skew assignments found ;
; monitor_o[15] ; No output delay, min/max delays, false-path exceptions, or max skew assignments found ;
; monitor_o[16] ; No output delay, min/max delays, false-path exceptions, or max skew assignments found ;
; monitor_o[17] ; No output delay, min/max delays, false-path exceptions, or max skew assignments found ;
; monitor_o[18] ; No output delay, min/max delays, false-path exceptions, or max skew assignments found ;
; monitor_o[19] ; No output delay, min/max delays, false-path exceptions, or max skew assignments found ;
; monitor_o[20] ; No output delay, min/max delays, false-path exceptions, or max skew assignments found ;
; monitor_o[21] ; No output delay, min/max delays, false-path exceptions, or max skew assignments found ;
; monitor_o[22] ; No output delay, min/max delays, false-path exceptions, or max skew assignments found ;
; monitor_o[23] ; No output delay, min/max delays, false-path exceptions, or max skew assignments found ;
; monitor_o[24] ; No output delay, min/max delays, false-path exceptions, or max skew assignments found ;
; monitor_o[25] ; No output delay, min/max delays, false-path exceptions, or max skew assignments found ;
; monitor_o[26] ; No output delay, min/max delays, false-path exceptions, or max skew assignments found ;
; monitor_o[27] ; No output delay, min/max delays, false-path exceptions, or max skew assignments found ;
; monitor_o[28] ; No output delay, min/max delays, false-path exceptions, or max skew assignments found ;
; monitor_o[29] ; No output delay, min/max delays, false-path exceptions, or max skew assignments found ;
; monitor_o[30] ; No output delay, min/max delays, false-path exceptions, or max skew assignments found ;
; monitor_o[31] ; No output delay, min/max delays, false-path exceptions, or max skew assignments found ;
; monitor_o[32] ; No output delay, min/max delays, false-path exceptions, or max skew assignments found ;
; monitor_o[33] ; No output delay, min/max delays, false-path exceptions, or max skew assignments found ;
; monitor_o[34] ; No output delay, min/max delays, false-path exceptions, or max skew assignments found ;
; monitor_o[35] ; No output delay, min/max delays, false-path exceptions, or max skew assignments found ;
; monitor_o[36] ; No output delay, min/max delays, false-path exceptions, or max skew assignments found ;
; monitor_o[37] ; No output delay, min/max delays, false-path exceptions, or max skew assignments found ;
; monitor_o[38] ; No output delay, min/max delays, false-path exceptions, or max skew assignments found ;
; monitor_o[39] ; No output delay, min/max delays, false-path exceptions, or max skew assignments found ;
; monitor_o[40] ; No output delay, min/max delays, false-path exceptions, or max skew assignments found ;
; monitor_o[41] ; No output delay, min/max delays, false-path exceptions, or max skew assignments found ;
; monitor_o[42] ; No output delay, min/max delays, false-path exceptions, or max skew assignments found ;
; monitor_o[43] ; No output delay, min/max delays, false-path exceptions, or max skew assignments found ;
; monitor_o[44] ; No output delay, min/max delays, false-path exceptions, or max skew assignments found ;
; monitor_o[45] ; No output delay, min/max delays, false-path exceptions, or max skew assignments found ;
; monitor_o[46] ; No output delay, min/max delays, false-path exceptions, or max skew assignments found ;
; monitor_o[47] ; No output delay, min/max delays, false-path exceptions, or max skew assignments found ;
; monitor_o[48] ; No output delay, min/max delays, false-path exceptions, or max skew assignments found ;
; monitor_o[49] ; No output delay, min/max delays, false-path exceptions, or max skew assignments found ;
; monitor_o[50] ; No output delay, min/max delays, false-path exceptions, or max skew assignments found ;
; monitor_o[51] ; No output delay, min/max delays, false-path exceptions, or max skew assignments found ;
; monitor_o[52] ; No output delay, min/max delays, false-path exceptions, or max skew assignments found ;
; monitor_o[53] ; No output delay, min/max delays, false-path exceptions, or max skew assignments found ;
; monitor_o[54] ; No output delay, min/max delays, false-path exceptions, or max skew assignments found ;
; monitor_o[55] ; No output delay, min/max delays, false-path exceptions, or max skew assignments found ;
; monitor_o[56] ; No output delay, min/max delays, false-path exceptions, or max skew assignments found ;
; monitor_o[57] ; No output delay, min/max delays, false-path exceptions, or max skew assignments found ;
; monitor_o[58] ; No output delay, min/max delays, false-path exceptions, or max skew assignments found ;
; monitor_o[59] ; No output delay, min/max delays, false-path exceptions, or max skew assignments found ;
; monitor_o[60] ; No output delay, min/max delays, false-path exceptions, or max skew assignments found ;
; monitor_o[61] ; No output delay, min/max delays, false-path exceptions, or max skew assignments found ;
; monitor_o[62] ; No output delay, min/max delays, false-path exceptions, or max skew assignments found ;
; monitor_o[63] ; No output delay, min/max delays, false-path exceptions, or max skew assignments found ;
+---------------+---------------------------------------------------------------------------------------+


+---------------------------------------------------------------------------------------------------+
; Unconstrained Input Ports                                                                         ;
+------------+--------------------------------------------------------------------------------------+
; Input Port ; Comment                                                                              ;
+------------+--------------------------------------------------------------------------------------+
; rst_ni     ; No input delay, min/max delays, false-path exceptions, or max skew assignments found ;
+------------+--------------------------------------------------------------------------------------+


+-------------------------------------------------------------------------------------------------------+
; Unconstrained Output Ports                                                                            ;
+---------------+---------------------------------------------------------------------------------------+
; Output Port   ; Comment                                                                               ;
+---------------+---------------------------------------------------------------------------------------+
; monitor_o[0]  ; No output delay, min/max delays, false-path exceptions, or max skew assignments found ;
; monitor_o[1]  ; No output delay, min/max delays, false-path exceptions, or max skew assignments found ;
; monitor_o[2]  ; No output delay, min/max delays, false-path exceptions, or max skew assignments found ;
; monitor_o[3]  ; No output delay, min/max delays, false-path exceptions, or max skew assignments found ;
; monitor_o[4]  ; No output delay, min/max delays, false-path exceptions, or max skew assignments found ;
; monitor_o[5]  ; No output delay, min/max delays, false-path exceptions, or max skew assignments found ;
; monitor_o[6]  ; No output delay, min/max delays, false-path exceptions, or max skew assignments found ;
; monitor_o[7]  ; No output delay, min/max delays, false-path exceptions, or max skew assignments found ;
; monitor_o[8]  ; No output delay, min/max delays, false-path exceptions, or max skew assignments found ;
; monitor_o[9]  ; No output delay, min/max delays, false-path exceptions, or max skew assignments found ;
; monitor_o[10] ; No output delay, min/max delays, false-path exceptions, or max skew assignments found ;
; monitor_o[11] ; No output delay, min/max delays, false-path exceptions, or max skew assignments found ;
; monitor_o[12] ; No output delay, min/max delays, false-path exceptions, or max skew assignments found ;
; monitor_o[13] ; No output delay, min/max delays, false-path exceptions, or max skew assignments found ;
; monitor_o[14] ; No output delay, min/max delays, false-path exceptions, or max skew assignments found ;
; monitor_o[15] ; No output delay, min/max delays, false-path exceptions, or max skew assignments found ;
; monitor_o[16] ; No output delay, min/max delays, false-path exceptions, or max skew assignments found ;
; monitor_o[17] ; No output delay, min/max delays, false-path exceptions, or max skew assignments found ;
; monitor_o[18] ; No output delay, min/max delays, false-path exceptions, or max skew assignments found ;
; monitor_o[19] ; No output delay, min/max delays, false-path exceptions, or max skew assignments found ;
; monitor_o[20] ; No output delay, min/max delays, false-path exceptions, or max skew assignments found ;
; monitor_o[21] ; No output delay, min/max delays, false-path exceptions, or max skew assignments found ;
; monitor_o[22] ; No output delay, min/max delays, false-path exceptions, or max skew assignments found ;
; monitor_o[23] ; No output delay, min/max delays, false-path exceptions, or max skew assignments found ;
; monitor_o[24] ; No output delay, min/max delays, false-path exceptions, or max skew assignments found ;
; monitor_o[25] ; No output delay, min/max delays, false-path exceptions, or max skew assignments found ;
; monitor_o[26] ; No output delay, min/max delays, false-path exceptions, or max skew assignments found ;
; monitor_o[27] ; No output delay, min/max delays, false-path exceptions, or max skew assignments found ;
; monitor_o[28] ; No output delay, min/max delays, false-path exceptions, or max skew assignments found ;
; monitor_o[29] ; No output delay, min/max delays, false-path exceptions, or max skew assignments found ;
; monitor_o[30] ; No output delay, min/max delays, false-path exceptions, or max skew assignments found ;
; monitor_o[31] ; No output delay, min/max delays, false-path exceptions, or max skew assignments found ;
; monitor_o[32] ; No output delay, min/max delays, false-path exceptions, or max skew assignments found ;
; monitor_o[33] ; No output delay, min/max delays, false-path exceptions, or max skew assignments found ;
; monitor_o[34] ; No output delay, min/max delays, false-path exceptions, or max skew assignments found ;
; monitor_o[35] ; No output delay, min/max delays, false-path exceptions, or max skew assignments found ;
; monitor_o[36] ; No output delay, min/max delays, false-path exceptions, or max skew assignments found ;
; monitor_o[37] ; No output delay, min/max delays, false-path exceptions, or max skew assignments found ;
; monitor_o[38] ; No output delay, min/max delays, false-path exceptions, or max skew assignments found ;
; monitor_o[39] ; No output delay, min/max delays, false-path exceptions, or max skew assignments found ;
; monitor_o[40] ; No output delay, min/max delays, false-path exceptions, or max skew assignments found ;
; monitor_o[41] ; No output delay, min/max delays, false-path exceptions, or max skew assignments found ;
; monitor_o[42] ; No output delay, min/max delays, false-path exceptions, or max skew assignments found ;
; monitor_o[43] ; No output delay, min/max delays, false-path exceptions, or max skew assignments found ;
; monitor_o[44] ; No output delay, min/max delays, false-path exceptions, or max skew assignments found ;
; monitor_o[45] ; No output delay, min/max delays, false-path exceptions, or max skew assignments found ;
; monitor_o[46] ; No output delay, min/max delays, false-path exceptions, or max skew assignments found ;
; monitor_o[47] ; No output delay, min/max delays, false-path exceptions, or max skew assignments found ;
; monitor_o[48] ; No output delay, min/max delays, false-path exceptions, or max skew assignments found ;
; monitor_o[49] ; No output delay, min/max delays, false-path exceptions, or max skew assignments found ;
; monitor_o[50] ; No output delay, min/max delays, false-path exceptions, or max skew assignments found ;
; monitor_o[51] ; No output delay, min/max delays, false-path exceptions, or max skew assignments found ;
; monitor_o[52] ; No output delay, min/max delays, false-path exceptions, or max skew assignments found ;
; monitor_o[53] ; No output delay, min/max delays, false-path exceptions, or max skew assignments found ;
; monitor_o[54] ; No output delay, min/max delays, false-path exceptions, or max skew assignments found ;
; monitor_o[55] ; No output delay, min/max delays, false-path exceptions, or max skew assignments found ;
; monitor_o[56] ; No output delay, min/max delays, false-path exceptions, or max skew assignments found ;
; monitor_o[57] ; No output delay, min/max delays, false-path exceptions, or max skew assignments found ;
; monitor_o[58] ; No output delay, min/max delays, false-path exceptions, or max skew assignments found ;
; monitor_o[59] ; No output delay, min/max delays, false-path exceptions, or max skew assignments found ;
; monitor_o[60] ; No output delay, min/max delays, false-path exceptions, or max skew assignments found ;
; monitor_o[61] ; No output delay, min/max delays, false-path exceptions, or max skew assignments found ;
; monitor_o[62] ; No output delay, min/max delays, false-path exceptions, or max skew assignments found ;
; monitor_o[63] ; No output delay, min/max delays, false-path exceptions, or max skew assignments found ;
+---------------+---------------------------------------------------------------------------------------+


+--------------------------+
; Timing Analyzer Messages ;
+--------------------------+
Info: *******************************************************************
Info: Running Quartus Prime Timing Analyzer
    Info: Version 20.1.1 Build 720 11/11/2020 SJ Lite Edition
    Info: Processing started: Tue Jun 10 19:31:46 2025
Info: Command: quartus_sta monociclo -c monociclo
Info: qsta_default_script.tcl version: #1
Warning (18236): Number of processors has not been specified which may cause overloading on shared machines.  Set the global assignment NUM_PARALLEL_PROCESSORS in your QSF to an appropriate value for best performance.
Info (20030): Parallel compilation is enabled and will use 4 of the 4 processors detected
Info (21077): Low junction temperature is 0 degrees C
Info (21077): High junction temperature is 85 degrees C
Critical Warning (332012): Synopsys Design Constraints File file not found: 'monociclo.sdc'. A Synopsys Design Constraints File is required by the Timing Analyzer to get proper timing constraints. Without it, the Compiler will not properly optimize the design.
Info (332142): No user constrained base clocks found in the design. Calling "derive_clocks -period 1.0"
Info (332105): Deriving Clocks
    Info (332105): create_clock -period 1.000 -name clk_i clk_i
Info (332143): No user constrained clock uncertainty found in the design. Calling "derive_clock_uncertainty"
Info (332123): Deriving Clock Uncertainty. Please refer to report_sdc in the Timing Analyzer to see clock uncertainties.
Info: Found TIMING_ANALYZER_REPORT_SCRIPT_INCLUDE_DEFAULT_ANALYSIS = ON
Info: Analyzing Slow 1200mV 85C Model
Critical Warning (332148): Timing requirements not met
    Info (11105): For recommendations on closing timing, run Report Timing Closure Recommendations in the Timing Analyzer.
Info (332146): Worst-case setup slack is -7.839
    Info (332119):     Slack       End Point TNS Clock 
    Info (332119): ========= =================== =====================
    Info (332119):    -7.839            -525.728 clk_i 
Info (332146): Worst-case hold slack is 0.603
    Info (332119):     Slack       End Point TNS Clock 
    Info (332119): ========= =================== =====================
    Info (332119):     0.603               0.000 clk_i 
Info (332140): No Recovery paths to report
Info (332140): No Removal paths to report
Info (332146): Worst-case minimum pulse width slack is -3.000
    Info (332119):     Slack       End Point TNS Clock 
    Info (332119): ========= =================== =====================
    Info (332119):    -3.000            -135.355 clk_i 
Info: Analyzing Slow 1200mV 0C Model
Info (334003): Started post-fitting delay annotation
Info (334004): Delay annotation completed successfully
Info (332123): Deriving Clock Uncertainty. Please refer to report_sdc in the Timing Analyzer to see clock uncertainties.
Critical Warning (332148): Timing requirements not met
    Info (11105): For recommendations on closing timing, run Report Timing Closure Recommendations in the Timing Analyzer.
Info (332146): Worst-case setup slack is -6.987
    Info (332119):     Slack       End Point TNS Clock 
    Info (332119): ========= =================== =====================
    Info (332119):    -6.987            -465.515 clk_i 
Info (332146): Worst-case hold slack is 0.557
    Info (332119):     Slack       End Point TNS Clock 
    Info (332119): ========= =================== =====================
    Info (332119):     0.557               0.000 clk_i 
Info (332140): No Recovery paths to report
Info (332140): No Removal paths to report
Info (332146): Worst-case minimum pulse width slack is -3.000
    Info (332119):     Slack       End Point TNS Clock 
    Info (332119): ========= =================== =====================
    Info (332119):    -3.000            -135.355 clk_i 
Info: Analyzing Fast 1200mV 0C Model
Info (332123): Deriving Clock Uncertainty. Please refer to report_sdc in the Timing Analyzer to see clock uncertainties.
Critical Warning (332148): Timing requirements not met
    Info (11105): For recommendations on closing timing, run Report Timing Closure Recommendations in the Timing Analyzer.
Info (332146): Worst-case setup slack is -3.316
    Info (332119):     Slack       End Point TNS Clock 
    Info (332119): ========= =================== =====================
    Info (332119):    -3.316            -205.625 clk_i 
Info (332146): Worst-case hold slack is 0.267
    Info (332119):     Slack       End Point TNS Clock 
    Info (332119): ========= =================== =====================
    Info (332119):     0.267               0.000 clk_i 
Info (332140): No Recovery paths to report
Info (332140): No Removal paths to report
Info (332146): Worst-case minimum pulse width slack is -3.000
    Info (332119):     Slack       End Point TNS Clock 
    Info (332119): ========= =================== =====================
    Info (332119):    -3.000            -113.373 clk_i 
Info (332102): Design is not fully constrained for setup requirements
Info (332102): Design is not fully constrained for hold requirements
Info: Quartus Prime Timing Analyzer was successful. 0 errors, 5 warnings
    Info: Peak virtual memory: 4854 megabytes
    Info: Processing ended: Tue Jun 10 19:31:48 2025
    Info: Elapsed time: 00:00:02
    Info: Total CPU time (on all processors): 00:00:01


